time_s,fidelity,state,x_m,y_m,ground_speed_mps,commanded_speed_mps,battery_energy_wh,battery_state_percent,distance_to_home_m,distance_to_waypoint_m,event,requirement_low_battery_return_status,requirement_max_speed_status
0.0,low,mission_flight,0.0,0.0,0.0,0.0,4800.0,100.0,0.0,36000.0,mission_started,pass,pass
0.0,low,preflight,0.0,0.0,0.0,0.0,4800.0,100.0,0.0,36000.0,,pass,pass
10.0,low,mission_flight,250.0,0.0,25.0,25.0,4796.666667,99.930556,250.0,35750.0,,pass,pass
20.0,low,mission_flight,500.0,0.0,25.0,25.0,4793.333333,99.861111,500.0,35500.0,,pass,pass
30.0,low,mission_flight,750.0,0.0,25.0,25.0,4790.0,99.791667,750.0,35250.0,,pass,pass
40.0,low,mission_flight,1000.0,0.0,25.0,25.0,4786.666667,99.722222,1000.0,35000.0,,pass,pass
50.0,low,mission_flight,1250.0,0.0,25.0,25.0,4783.333333,99.652778,1250.0,34750.0,,pass,pass
60.0,low,mission_flight,1500.0,0.0,25.0,25.0,4780.0,99.583333,1500.0,34500.0,,pass,pass
70.0,low,mission_flight,1750.0,0.0,25.0,25.0,4776.666667,99.513889,1750.0,34250.0,,pass,pass
80.0,low,mission_flight,2000.0,0.0,25.0,25.0,4773.333333,99.444444,2000.0,34000.0,,pass,pass
90.0,low,mission_flight,2250.0,0.0,25.0,25.0,4770.0,99.375,2250.0,33750.0,,pass,pass
100.0,low,mission_flight,2500.0,0.0,25.0,25.0,4766.666667,99.305556,2500.0,33500.0,,pass,pass
110.0,low,mission_flight,2750.0,0.0,25.0,25.0,4763.333333,99.236111,2750.0,33250.0,,pass,pass
120.0,low,mission_flight,3000.0,0.0,25.0,25.0,4760.0,99.166667,3000.0,33000.0,,pass,pass
130.0,low,mission_flight,3250.0,0.0,25.0,25.0,4756.666667,99.097222,3250.0,32750.0,,pass,pass
140.0,low,mission_flight,3500.0,0.0,25.0,25.0,4753.333333,99.027778,3500.0,32500.0,,pass,pass
150.0,low,mission_flight,3750.0,0.0,25.0,25.0,4750.0,98.958333,3750.0,32250.0,,pass,pass
160.0,low,mission_flight,4000.0,0.0,25.0,25.0,4746.666667,98.888889,4000.0,32000.0,,pass,pass
170.0,low,mission_flight,4250.0,0.0,25.0,25.0,4743.333333,98.819444,4250.0,31750.0,,pass,pass
180.0,low,mission_flight,4500.0,0.0,25.0,25.0,4740.0,98.75,4500.0,31500.0,,pass,pass
190.0,low,mission_flight,4750.0,0.0,25.0,25.0,4736.666667,98.680556,4750.0,31250.0,,pass,pass
200.0,low,mission_flight,5000.0,0.0,25.0,25.0,4733.333333,98.611111,5000.0,31000.0,,pass,pass
210.0,low,mission_flight,5250.0,0.0,25.0,25.0,4730.0,98.541667,5250.0,30750.0,,pass,pass
220.0,low,mission_flight,5500.0,0.0,25.0,25.0,4726.666667,98.472222,5500.0,30500.0,,pass,pass
230.0,low,mission_flight,5750.0,0.0,25.0,25.0,4723.333333,98.402778,5750.0,30250.0,,pass,pass
240.0,low,mission_flight,6000.0,0.0,25.0,25.0,4720.0,98.333333,6000.0,30000.0,,pass,pass
250.0,low,mission_flight,6250.0,0.0,25.0,25.0,4716.666667,98.263889,6250.0,29750.0,,pass,pass
260.0,low,mission_flight,6500.0,0.0,25.0,25.0,4713.333333,98.194444,6500.0,29500.0,,pass,pass
270.0,low,mission_flight,6750.0,0.0,25.0,25.0,4710.0,98.125,6750.0,29250.0,,pass,pass
280.0,low,mission_flight,7000.0,0.0,25.0,25.0,4706.666667,98.055556,7000.0,29000.0,,pass,pass
290.0,low,mission_flight,7250.0,0.0,25.0,25.0,4703.333333,97.986111,7250.0,28750.0,,pass,pass
300.0,low,mission_flight,7500.0,0.0,25.0,25.0,4700.0,97.916667,7500.0,28500.0,,pass,pass
310.0,low,mission_flight,7750.0,0.0,25.0,25.0,4696.666667,97.847222,7750.0,28250.0,,pass,pass
320.0,low,mission_flight,8000.0,0.0,25.0,25.0,4693.333333,97.777778,8000.0,28000.0,,pass,pass
330.0,low,mission_flight,8250.0,0.0,25.0,25.0,4690.0,97.708333,8250.0,27750.0,,pass,pass
340.0,low,mission_flight,8500.0,0.0,25.0,25.0,4686.666667,97.638889,8500.0,27500.0,,pass,pass
350.0,low,mission_flight,8750.0,0.0,25.0,25.0,4683.333333,97.569444,8750.0,27250.0,,pass,pass
360.0,low,mission_flight,9000.0,0.0,25.0,25.0,4680.0,97.5,9000.0,27000.0,,pass,pass
370.0,low,mission_flight,9250.0,0.0,25.0,25.0,4676.666667,97.430556,9250.0,26750.0,,pass,pass
380.0,low,mission_flight,9500.0,0.0,25.0,25.0,4673.333333,97.361111,9500.0,26500.0,,pass,pass
390.0,low,mission_flight,9750.0,0.0,25.0,25.0,4670.0,97.291667,9750.0,26250.0,,pass,pass
400.0,low,mission_flight,10000.0,0.0,25.0,25.0,4666.666667,97.222222,10000.0,26000.0,,pass,pass
410.0,low,mission_flight,10250.0,0.0,25.0,25.0,4663.333333,97.152778,10250.0,25750.0,,pass,pass
420.0,low,mission_flight,10500.0,0.0,25.0,25.0,4660.0,97.083333,10500.0,25500.0,,pass,pass
430.0,low,mission_flight,10750.0,0.0,25.0,25.0,4656.666667,97.013889,10750.0,25250.0,,pass,pass
440.0,low,mission_flight,11000.0,0.0,25.0,25.0,4653.333333,96.944444,11000.0,25000.0,,pass,pass
450.0,low,mission_flight,11250.0,0.0,25.0,25.0,4650.0,96.875,11250.0,24750.0,,pass,pass
460.0,low,mission_flight,11500.0,0.0,25.0,25.0,4646.666667,96.805556,11500.0,24500.0,,pass,pass
470.0,low,mission_flight,11750.0,0.0,25.0,25.0,4643.333333,96.736111,11750.0,24250.0,,pass,pass
480.0,low,mission_flight,12000.0,0.0,25.0,25.0,4640.0,96.666667,12000.0,24000.0,,pass,pass
490.0,low,mission_flight,12250.0,0.0,25.0,25.0,4636.666667,96.597222,12250.0,23750.0,,pass,pass
500.0,low,mission_flight,12500.0,0.0,25.0,25.0,4633.333333,96.527778,12500.0,23500.0,,pass,pass
510.0,low,mission_flight,12750.0,0.0,25.0,25.0,4630.0,96.458333,12750.0,23250.0,,pass,pass
520.0,low,mission_flight,13000.0,0.0,25.0,25.0,4626.666667,96.388889,13000.0,23000.0,,pass,pass
530.0,low,mission_flight,13250.0,0.0,25.0,25.0,4623.333333,96.319444,13250.0,22750.0,,pass,pass
540.0,low,mission_flight,13500.0,0.0,25.0,25.0,4620.0,96.25,13500.0,22500.0,,pass,pass
550.0,low,mission_flight,13750.0,0.0,25.0,25.0,4616.666667,96.180556,13750.0,22250.0,,pass,pass
560.0,low,mission_flight,14000.0,0.0,25.0,25.0,4613.333333,96.111111,14000.0,22000.0,,pass,pass
570.0,low,mission_flight,14250.0,0.0,25.0,25.0,4610.0,96.041667,14250.0,21750.0,,pass,pass
580.0,low,mission_flight,14500.0,0.0,25.0,25.0,4606.666667,95.972222,14500.0,21500.0,,pass,pass
590.0,low,mission_flight,14750.0,0.0,25.0,25.0,4603.333333,95.902778,14750.0,21250.0,,pass,pass
600.0,low,mission_flight,15000.0,0.0,25.0,25.0,4600.0,95.833333,15000.0,21000.0,,pass,pass
610.0,low,mission_flight,15250.0,0.0,25.0,25.0,4596.666667,95.763889,15250.0,20750.0,,pass,pass
620.0,low,mission_flight,15500.0,0.0,25.0,25.0,4593.333333,95.694444,15500.0,20500.0,,pass,pass
630.0,low,mission_flight,15750.0,0.0,25.0,25.0,4590.0,95.625,15750.0,20250.0,,pass,pass
640.0,low,mission_flight,16000.0,0.0,25.0,25.0,4586.666667,95.555556,16000.0,20000.0,,pass,pass
650.0,low,mission_flight,16250.0,0.0,25.0,25.0,4583.333333,95.486111,16250.0,19750.0,,pass,pass
660.0,low,mission_flight,16500.0,0.0,25.0,25.0,4580.0,95.416667,16500.0,19500.0,,pass,pass
670.0,low,mission_flight,16750.0,0.0,25.0,25.0,4576.666667,95.347222,16750.0,19250.0,,pass,pass
680.0,low,mission_flight,17000.0,0.0,25.0,25.0,4573.333333,95.277778,17000.0,19000.0,,pass,pass
690.0,low,mission_flight,17250.0,0.0,25.0,25.0,4570.0,95.208333,17250.0,18750.0,,pass,pass
700.0,low,mission_flight,17500.0,0.0,25.0,25.0,4566.666667,95.138889,17500.0,18500.0,,pass,pass
710.0,low,mission_flight,17750.0,0.0,25.0,25.0,4563.333333,95.069444,17750.0,18250.0,,pass,pass
720.0,low,mission_flight,18000.0,0.0,25.0,25.0,4560.0,95.0,18000.0,18000.0,,pass,pass
730.0,low,mission_flight,18250.0,0.0,25.0,25.0,4556.666667,94.930556,18250.0,17750.0,,pass,pass
740.0,low,mission_flight,18500.0,0.0,25.0,25.0,4553.333333,94.861111,18500.0,17500.0,,pass,pass
750.0,low,mission_flight,18750.0,0.0,25.0,25.0,4550.0,94.791667,18750.0,17250.0,,pass,pass
760.0,low,mission_flight,19000.0,0.0,25.0,25.0,4546.666667,94.722222,19000.0,17000.0,,pass,pass
770.0,low,mission_flight,19250.0,0.0,25.0,25.0,4543.333333,94.652778,19250.0,16750.0,,pass,pass
780.0,low,mission_flight,19500.0,0.0,25.0,25.0,4540.0,94.583333,19500.0,16500.0,,pass,pass
790.0,low,mission_flight,19750.0,0.0,25.0,25.0,4536.666667,94.513889,19750.0,16250.0,,pass,pass
800.0,low,mission_flight,20000.0,0.0,25.0,25.0,4533.333333,94.444444,20000.0,16000.0,,pass,pass
810.0,low,mission_flight,20250.0,0.0,25.0,25.0,4530.0,94.375,20250.0,15750.0,,pass,pass
820.0,low,mission_flight,20500.0,0.0,25.0,25.0,4526.666667,94.305556,20500.0,15500.0,,pass,pass
830.0,low,mission_flight,20750.0,0.0,25.0,25.0,4523.333333,94.236111,20750.0,15250.0,,pass,pass
840.0,low,mission_flight,21000.0,0.0,25.0,25.0,4520.0,94.166667,21000.0,15000.0,,pass,pass
850.0,low,mission_flight,21250.0,0.0,25.0,25.0,4516.666667,94.097222,21250.0,14750.0,,pass,pass
860.0,low,mission_flight,21500.0,0.0,25.0,25.0,4513.333333,94.027778,21500.0,14500.0,,pass,pass
870.0,low,mission_flight,21750.0,0.0,25.0,25.0,4510.0,93.958333,21750.0,14250.0,,pass,pass
880.0,low,mission_flight,22000.0,0.0,25.0,25.0,4506.666667,93.888889,22000.0,14000.0,,pass,pass
890.0,low,mission_flight,22250.0,0.0,25.0,25.0,4503.333333,93.819444,22250.0,13750.0,,pass,pass
900.0,low,mission_flight,22500.0,0.0,25.0,25.0,4500.0,93.75,22500.0,13500.0,,pass,pass
910.0,low,mission_flight,22750.0,0.0,25.0,25.0,4496.666667,93.680556,22750.0,13250.0,,pass,pass
920.0,low,mission_flight,23000.0,0.0,25.0,25.0,4493.333333,93.611111,23000.0,13000.0,,pass,pass
930.0,low,mission_flight,23250.0,0.0,25.0,25.0,4490.0,93.541667,23250.0,12750.0,,pass,pass
940.0,low,mission_flight,23500.0,0.0,25.0,25.0,4486.666667,93.472222,23500.0,12500.0,,pass,pass
950.0,low,mission_flight,23750.0,0.0,25.0,25.0,4483.333333,93.402778,23750.0,12250.0,,pass,pass
960.0,low,mission_flight,24000.0,0.0,25.0,25.0,4480.0,93.333333,24000.0,12000.0,,pass,pass
970.0,low,mission_flight,24250.0,0.0,25.0,25.0,4476.666667,93.263889,24250.0,11750.0,,pass,pass
980.0,low,mission_flight,24500.0,0.0,25.0,25.0,4473.333333,93.194444,24500.0,11500.0,,pass,pass
990.0,low,mission_flight,24750.0,0.0,25.0,25.0,4470.0,93.125,24750.0,11250.0,,pass,pass
1000.0,low,mission_flight,25000.0,0.0,25.0,25.0,4466.666667,93.055556,25000.0,11000.0,,pass,pass
1010.0,low,mission_flight,25250.0,0.0,25.0,25.0,4463.333333,92.986111,25250.0,10750.0,,pass,pass
1020.0,low,mission_flight,25500.0,0.0,25.0,25.0,4460.0,92.916667,25500.0,10500.0,,pass,pass
1030.0,low,mission_flight,25750.0,0.0,25.0,25.0,4456.666667,92.847222,25750.0,10250.0,,pass,pass
1040.0,low,mission_flight,26000.0,0.0,25.0,25.0,4453.333333,92.777778,26000.0,10000.0,,pass,pass
1050.0,low,mission_flight,26250.0,0.0,25.0,25.0,4450.0,92.708333,26250.0,9750.0,,pass,pass
1060.0,low,mission_flight,26500.0,0.0,25.0,25.0,4446.666667,92.638889,26500.0,9500.0,,pass,pass
1070.0,low,mission_flight,26750.0,0.0,25.0,25.0,4443.333333,92.569444,26750.0,9250.0,,pass,pass
1080.0,low,mission_flight,27000.0,0.0,25.0,25.0,4440.0,92.5,27000.0,9000.0,,pass,pass
1090.0,low,mission_flight,27250.0,0.0,25.0,25.0,4436.666667,92.430556,27250.0,8750.0,,pass,pass
1100.0,low,mission_flight,27500.0,0.0,25.0,25.0,4433.333333,92.361111,27500.0,8500.0,,pass,pass
1110.0,low,mission_flight,27750.0,0.0,25.0,25.0,4430.0,92.291667,27750.0,8250.0,,pass,pass
1120.0,low,mission_flight,28000.0,0.0,25.0,25.0,4426.666667,92.222222,28000.0,8000.0,,pass,pass
1130.0,low,mission_flight,28250.0,0.0,25.0,25.0,4423.333333,92.152778,28250.0,7750.0,,pass,pass
1140.0,low,mission_flight,28500.0,0.0,25.0,25.0,4420.0,92.083333,28500.0,7500.0,,pass,pass
1150.0,low,mission_flight,28750.0,0.0,25.0,25.0,4416.666667,92.013889,28750.0,7250.0,,pass,pass
1160.0,low,mission_flight,29000.0,0.0,25.0,25.0,4413.333333,91.944444,29000.0,7000.0,,pass,pass
1170.0,low,mission_flight,29250.0,0.0,25.0,25.0,4410.0,91.875,29250.0,6750.0,,pass,pass
1180.0,low,mission_flight,29500.0,0.0,25.0,25.0,4406.666667,91.805556,29500.0,6500.0,,pass,pass
1190.0,low,mission_flight,29750.0,0.0,25.0,25.0,4403.333333,91.736111,29750.0,6250.0,,pass,pass
1200.0,low,mission_flight,30000.0,0.0,25.0,25.0,4400.0,91.666667,30000.0,6000.0,,pass,pass
1210.0,low,mission_flight,30250.0,0.0,25.0,25.0,4396.666667,91.597222,30250.0,5750.0,,pass,pass
1220.0,low,mission_flight,30500.0,0.0,25.0,25.0,4393.333333,91.527778,30500.0,5500.0,,pass,pass
1230.0,low,mission_flight,30750.0,0.0,25.0,25.0,4390.0,91.458333,30750.0,5250.0,,pass,pass
1240.0,low,mission_flight,31000.0,0.0,25.0,25.0,4386.666667,91.388889,31000.0,5000.0,,pass,pass
1250.0,low,mission_flight,31250.0,0.0,25.0,25.0,4383.333333,91.319444,31250.0,4750.0,,pass,pass
1260.0,low,mission_flight,31500.0,0.0,25.0,25.0,4380.0,91.25,31500.0,4500.0,,pass,pass
1270.0,low,mission_flight,31750.0,0.0,25.0,25.0,4376.666667,91.180556,31750.0,4250.0,,pass,pass
1280.0,low,mission_flight,32000.0,0.0,25.0,25.0,4373.333333,91.111111,32000.0,4000.0,,pass,pass
1290.0,low,mission_flight,32250.0,0.0,25.0,25.0,4370.0,91.041667,32250.0,3750.0,,pass,pass
1300.0,low,mission_flight,32500.0,0.0,25.0,25.0,4366.666667,90.972222,32500.0,3500.0,,pass,pass
1310.0,low,mission_flight,32750.0,0.0,25.0,25.0,4363.333333,90.902778,32750.0,3250.0,,pass,pass
1320.0,low,mission_flight,33000.0,0.0,25.0,25.0,4360.0,90.833333,33000.0,3000.0,,pass,pass
1330.0,low,mission_flight,33250.0,0.0,25.0,25.0,4356.666667,90.763889,33250.0,2750.0,,pass,pass
1340.0,low,mission_flight,33500.0,0.0,25.0,25.0,4353.333333,90.694444,33500.0,2500.0,,pass,pass
1350.0,low,mission_flight,33750.0,0.0,25.0,25.0,4350.0,90.625,33750.0,2250.0,,pass,pass
1360.0,low,mission_flight,34000.0,0.0,25.0,25.0,4346.666667,90.555556,34000.0,2000.0,,pass,pass
1370.0,low,mission_flight,34250.0,0.0,25.0,25.0,4343.333333,90.486111,34250.0,1750.0,,pass,pass
1380.0,low,mission_flight,34500.0,0.0,25.0,25.0,4340.0,90.416667,34500.0,1500.0,,pass,pass
1390.0,low,mission_flight,34750.0,0.0,25.0,25.0,4336.666667,90.347222,34750.0,1250.0,,pass,pass
1400.0,low,mission_flight,35000.0,0.0,25.0,25.0,4333.333333,90.277778,35000.0,1000.0,,pass,pass
1410.0,low,mission_flight,35250.0,0.0,25.0,25.0,4330.0,90.208333,35250.0,750.0,,pass,pass
1420.0,low,mission_flight,35500.0,0.0,25.0,25.0,4326.666667,90.138889,35500.0,500.0,,pass,pass
1430.0,low,mission_flight,35750.0,0.0,25.0,25.0,4323.333333,90.069444,35750.0,250.0,,pass,pass
1440.0,low,mission_flight,36000.0,0.0,0.0,0.0,4320.0,90.0,36000.0,0.0,mission_waypoint_reached,pass,pass
1450.0,low,mission_flight,36000.0,0.0,0.0,0.0,4316.666667,89.930556,36000.0,0.0,,pass,pass
1460.0,low,mission_flight,36000.0,0.0,0.0,0.0,4313.333333,89.861111,36000.0,0.0,,pass,pass
1470.0,low,mission_flight,36000.0,0.0,0.0,0.0,4310.0,89.791667,36000.0,0.0,,pass,pass
1480.0,low,mission_flight,36000.0,0.0,0.0,0.0,4306.666667,89.722222,36000.0,0.0,,pass,pass
1490.0,low,mission_flight,36000.0,0.0,0.0,0.0,4303.333333,89.652778,36000.0,0.0,,pass,pass
1500.0,low,mission_flight,36000.0,0.0,0.0,0.0,4300.0,89.583333,36000.0,0.0,,pass,pass
1510.0,low,mission_flight,36000.0,0.0,0.0,0.0,4296.666667,89.513889,36000.0,0.0,,pass,pass
1520.0,low,mission_flight,36000.0,0.0,0.0,0.0,4293.333333,89.444444,36000.0,0.0,,pass,pass
1530.0,low,mission_flight,36000.0,0.0,0.0,0.0,4290.0,89.375,36000.0,0.0,,pass,pass
1540.0,low,mission_flight,36000.0,0.0,0.0,0.0,4286.666667,89.305556,36000.0,0.0,,pass,pass
1550.0,low,mission_flight,36000.0,0.0,0.0,0.0,4283.333333,89.236111,36000.0,0.0,,pass,pass
1560.0,low,mission_flight,36000.0,0.0,0.0,0.0,4280.0,89.166667,36000.0,0.0,,pass,pass
1570.0,low,mission_flight,36000.0,0.0,0.0,0.0,4276.666667,89.097222,36000.0,0.0,,pass,pass
1580.0,low,mission_flight,36000.0,0.0,0.0,0.0,4273.333333,89.027778,36000.0,0.0,,pass,pass
1590.0,low,mission_flight,36000.0,0.0,0.0,0.0,4270.0,88.958333,36000.0,0.0,,pass,pass
1600.0,low,mission_flight,36000.0,0.0,0.0,0.0,4266.666667,88.888889,36000.0,0.0,,pass,pass
1610.0,low,mission_flight,36000.0,0.0,0.0,0.0,4263.333333,88.819444,36000.0,0.0,,pass,pass
1620.0,low,mission_flight,36000.0,0.0,0.0,0.0,4260.0,88.75,36000.0,0.0,,pass,pass
1630.0,low,mission_flight,36000.0,0.0,0.0,0.0,4256.666667,88.680556,36000.0,0.0,,pass,pass
1640.0,low,mission_flight,36000.0,0.0,0.0,0.0,4253.333333,88.611111,36000.0,0.0,,pass,pass
1650.0,low,mission_flight,36000.0,0.0,0.0,0.0,4250.0,88.541667,36000.0,0.0,,pass,pass
1660.0,low,mission_flight,36000.0,0.0,0.0,0.0,4246.666667,88.472222,36000.0,0.0,,pass,pass
1670.0,low,mission_flight,36000.0,0.0,0.0,0.0,4243.333333,88.402778,36000.0,0.0,,pass,pass
1680.0,low,mission_flight,36000.0,0.0,0.0,0.0,4240.0,88.333333,36000.0,0.0,,pass,pass
1690.0,low,mission_flight,36000.0,0.0,0.0,0.0,4236.666667,88.263889,36000.0,0.0,,pass,pass
1700.0,low,mission_flight,36000.0,0.0,0.0,0.0,4233.333333,88.194444,36000.0,0.0,,pass,pass
1710.0,low,mission_flight,36000.0,0.0,0.0,0.0,4230.0,88.125,36000.0,0.0,,pass,pass
1720.0,low,mission_flight,36000.0,0.0,0.0,0.0,4226.666667,88.055556,36000.0,0.0,,pass,pass
1730.0,low,mission_flight,36000.0,0.0,0.0,0.0,4223.333333,87.986111,36000.0,0.0,,pass,pass
1740.0,low,mission_flight,36000.0,0.0,0.0,0.0,4220.0,87.916667,36000.0,0.0,,pass,pass
1750.0,low,mission_flight,36000.0,0.0,0.0,0.0,4216.666667,87.847222,36000.0,0.0,,pass,pass
1760.0,low,mission_flight,36000.0,0.0,0.0,0.0,4213.333333,87.777778,36000.0,0.0,,pass,pass
1770.0,low,mission_flight,36000.0,0.0,0.0,0.0,4210.0,87.708333,36000.0,0.0,,pass,pass
1780.0,low,mission_flight,36000.0,0.0,0.0,0.0,4206.666667,87.638889,36000.0,0.0,,pass,pass
1790.0,low,mission_flight,36000.0,0.0,0.0,0.0,4203.333333,87.569444,36000.0,0.0,,pass,pass
1800.0,low,mission_flight,36000.0,0.0,0.0,0.0,4200.0,87.5,36000.0,0.0,,pass,pass
1810.0,low,mission_flight,36000.0,0.0,0.0,0.0,4196.666667,87.430556,36000.0,0.0,,pass,pass
1820.0,low,mission_flight,36000.0,0.0,0.0,0.0,4193.333333,87.361111,36000.0,0.0,,pass,pass
1830.0,low,mission_flight,36000.0,0.0,0.0,0.0,4190.0,87.291667,36000.0,0.0,,pass,pass
1840.0,low,mission_flight,36000.0,0.0,0.0,0.0,4186.666667,87.222222,36000.0,0.0,,pass,pass
1850.0,low,mission_flight,36000.0,0.0,0.0,0.0,4183.333333,87.152778,36000.0,0.0,,pass,pass
1860.0,low,mission_flight,36000.0,0.0,0.0,0.0,4180.0,87.083333,36000.0,0.0,,pass,pass
1870.0,low,mission_flight,36000.0,0.0,0.0,0.0,4176.666667,87.013889,36000.0,0.0,,pass,pass
1880.0,low,mission_flight,36000.0,0.0,0.0,0.0,4173.333333,86.944444,36000.0,0.0,,pass,pass
1890.0,low,mission_flight,36000.0,0.0,0.0,0.0,4170.0,86.875,36000.0,0.0,,pass,pass
1900.0,low,mission_flight,36000.0,0.0,0.0,0.0,4166.666667,86.805556,36000.0,0.0,,pass,pass
1910.0,low,mission_flight,36000.0,0.0,0.0,0.0,4163.333333,86.736111,36000.0,0.0,,pass,pass
1920.0,low,mission_flight,36000.0,0.0,0.0,0.0,4160.0,86.666667,36000.0,0.0,,pass,pass
1930.0,low,mission_flight,36000.0,0.0,0.0,0.0,4156.666667,86.597222,36000.0,0.0,,pass,pass
1940.0,low,mission_flight,36000.0,0.0,0.0,0.0,4153.333333,86.527778,36000.0,0.0,,pass,pass
1950.0,low,mission_flight,36000.0,0.0,0.0,0.0,4150.0,86.458333,36000.0,0.0,,pass,pass
1960.0,low,mission_flight,36000.0,0.0,0.0,0.0,4146.666667,86.388889,36000.0,0.0,,pass,pass
1970.0,low,mission_flight,36000.0,0.0,0.0,0.0,4143.333333,86.319444,36000.0,0.0,,pass,pass
1980.0,low,mission_flight,36000.0,0.0,0.0,0.0,4140.0,86.25,36000.0,0.0,,pass,pass
1990.0,low,mission_flight,36000.0,0.0,0.0,0.0,4136.666667,86.180556,36000.0,0.0,,pass,pass
2000.0,low,mission_flight,36000.0,0.0,0.0,0.0,4133.333333,86.111111,36000.0,0.0,,pass,pass
2010.0,low,mission_flight,36000.0,0.0,0.0,0.0,4130.0,86.041667,36000.0,0.0,,pass,pass
2020.0,low,mission_flight,36000.0,0.0,0.0,0.0,4126.666667,85.972222,36000.0,0.0,,pass,pass
2030.0,low,mission_flight,36000.0,0.0,0.0,0.0,4123.333333,85.902778,36000.0,0.0,,pass,pass
2040.0,low,mission_flight,36000.0,0.0,0.0,0.0,4120.0,85.833333,36000.0,0.0,,pass,pass
2050.0,low,mission_flight,36000.0,0.0,0.0,0.0,4116.666667,85.763889,36000.0,0.0,,pass,pass
2060.0,low,mission_flight,36000.0,0.0,0.0,0.0,4113.333333,85.694444,36000.0,0.0,,pass,pass
2070.0,low,mission_flight,36000.0,0.0,0.0,0.0,4110.0,85.625,36000.0,0.0,,pass,pass
2080.0,low,mission_flight,36000.0,0.0,0.0,0.0,4106.666667,85.555556,36000.0,0.0,,pass,pass
2090.0,low,mission_flight,36000.0,0.0,0.0,0.0,4103.333333,85.486111,36000.0,0.0,,pass,pass
2100.0,low,mission_flight,36000.0,0.0,0.0,0.0,4100.0,85.416667,36000.0,0.0,,pass,pass
2110.0,low,mission_flight,36000.0,0.0,0.0,0.0,4096.666667,85.347222,36000.0,0.0,,pass,pass
2120.0,low,mission_flight,36000.0,0.0,0.0,0.0,4093.333333,85.277778,36000.0,0.0,,pass,pass
2130.0,low,mission_flight,36000.0,0.0,0.0,0.0,4090.0,85.208333,36000.0,0.0,,pass,pass
2140.0,low,mission_flight,36000.0,0.0,0.0,0.0,4086.666667,85.138889,36000.0,0.0,,pass,pass
2150.0,low,mission_flight,36000.0,0.0,0.0,0.0,4083.333333,85.069444,36000.0,0.0,,pass,pass
2160.0,low,mission_flight,36000.0,0.0,0.0,0.0,4080.0,85.0,36000.0,0.0,,pass,pass
2170.0,low,mission_flight,36000.0,0.0,0.0,0.0,4076.666667,84.930556,36000.0,0.0,,pass,pass
2180.0,low,mission_flight,36000.0,0.0,0.0,0.0,4073.333333,84.861111,36000.0,0.0,,pass,pass
2190.0,low,mission_flight,36000.0,0.0,0.0,0.0,4070.0,84.791667,36000.0,0.0,,pass,pass
2200.0,low,mission_flight,36000.0,0.0,0.0,0.0,4066.666667,84.722222,36000.0,0.0,,pass,pass
2210.0,low,mission_flight,36000.0,0.0,0.0,0.0,4063.333333,84.652778,36000.0,0.0,,pass,pass
2220.0,low,mission_flight,36000.0,0.0,0.0,0.0,4060.0,84.583333,36000.0,0.0,,pass,pass
2230.0,low,mission_flight,36000.0,0.0,0.0,0.0,4056.666667,84.513889,36000.0,0.0,,pass,pass
2240.0,low,mission_flight,36000.0,0.0,0.0,0.0,4053.333333,84.444444,36000.0,0.0,,pass,pass
2250.0,low,mission_flight,36000.0,0.0,0.0,0.0,4050.0,84.375,36000.0,0.0,,pass,pass
2260.0,low,mission_flight,36000.0,0.0,0.0,0.0,4046.666667,84.305556,36000.0,0.0,,pass,pass
2270.0,low,mission_flight,36000.0,0.0,0.0,0.0,4043.333333,84.236111,36000.0,0.0,,pass,pass
2280.0,low,mission_flight,36000.0,0.0,0.0,0.0,4040.0,84.166667,36000.0,0.0,,pass,pass
2290.0,low,mission_flight,36000.0,0.0,0.0,0.0,4036.666667,84.097222,36000.0,0.0,,pass,pass
2300.0,low,mission_flight,36000.0,0.0,0.0,0.0,4033.333333,84.027778,36000.0,0.0,,pass,pass
2310.0,low,mission_flight,36000.0,0.0,0.0,0.0,4030.0,83.958333,36000.0,0.0,,pass,pass
2320.0,low,mission_flight,36000.0,0.0,0.0,0.0,4026.666667,83.888889,36000.0,0.0,,pass,pass
2330.0,low,mission_flight,36000.0,0.0,0.0,0.0,4023.333333,83.819444,36000.0,0.0,,pass,pass
2340.0,low,mission_flight,36000.0,0.0,0.0,0.0,4020.0,83.75,36000.0,0.0,,pass,pass
2350.0,low,mission_flight,36000.0,0.0,0.0,0.0,4016.666667,83.680556,36000.0,0.0,,pass,pass
2360.0,low,mission_flight,36000.0,0.0,0.0,0.0,4013.333333,83.611111,36000.0,0.0,,pass,pass
2370.0,low,mission_flight,36000.0,0.0,0.0,0.0,4010.0,83.541667,36000.0,0.0,,pass,pass
2380.0,low,mission_flight,36000.0,0.0,0.0,0.0,4006.666667,83.472222,36000.0,0.0,,pass,pass
2390.0,low,mission_flight,36000.0,0.0,0.0,0.0,4003.333333,83.402778,36000.0,0.0,,pass,pass
2400.0,low,mission_flight,36000.0,0.0,0.0,0.0,4000.0,83.333333,36000.0,0.0,,pass,pass
2410.0,low,mission_flight,36000.0,0.0,0.0,0.0,3996.666667,83.263889,36000.0,0.0,,pass,pass
2420.0,low,mission_flight,36000.0,0.0,0.0,0.0,3993.333333,83.194444,36000.0,0.0,,pass,pass
2430.0,low,mission_flight,36000.0,0.0,0.0,0.0,3990.0,83.125,36000.0,0.0,,pass,pass
2440.0,low,mission_flight,36000.0,0.0,0.0,0.0,3986.666667,83.055556,36000.0,0.0,,pass,pass
2450.0,low,mission_flight,36000.0,0.0,0.0,0.0,3983.333333,82.986111,36000.0,0.0,,pass,pass
2460.0,low,mission_flight,36000.0,0.0,0.0,0.0,3980.0,82.916667,36000.0,0.0,,pass,pass
2470.0,low,mission_flight,36000.0,0.0,0.0,0.0,3976.666667,82.847222,36000.0,0.0,,pass,pass
2480.0,low,mission_flight,36000.0,0.0,0.0,0.0,3973.333333,82.777778,36000.0,0.0,,pass,pass
2490.0,low,mission_flight,36000.0,0.0,0.0,0.0,3970.0,82.708333,36000.0,0.0,,pass,pass
2500.0,low,mission_flight,36000.0,0.0,0.0,0.0,3966.666667,82.638889,36000.0,0.0,,pass,pass
2510.0,low,mission_flight,36000.0,0.0,0.0,0.0,3963.333333,82.569444,36000.0,0.0,,pass,pass
2520.0,low,mission_flight,36000.0,0.0,0.0,0.0,3960.0,82.5,36000.0,0.0,,pass,pass
2530.0,low,mission_flight,36000.0,0.0,0.0,0.0,3956.666667,82.430556,36000.0,0.0,,pass,pass
2540.0,low,mission_flight,36000.0,0.0,0.0,0.0,3953.333333,82.361111,36000.0,0.0,,pass,pass
2550.0,low,mission_flight,36000.0,0.0,0.0,0.0,3950.0,82.291667,36000.0,0.0,,pass,pass
2560.0,low,mission_flight,36000.0,0.0,0.0,0.0,3946.666667,82.222222,36000.0,0.0,,pass,pass
2570.0,low,mission_flight,36000.0,0.0,0.0,0.0,3943.333333,82.152778,36000.0,0.0,,pass,pass
2580.0,low,mission_flight,36000.0,0.0,0.0,0.0,3940.0,82.083333,36000.0,0.0,,pass,pass
2590.0,low,mission_flight,36000.0,0.0,0.0,0.0,3936.666667,82.013889,36000.0,0.0,,pass,pass
2600.0,low,mission_flight,36000.0,0.0,0.0,0.0,3933.333333,81.944444,36000.0,0.0,,pass,pass
2610.0,low,mission_flight,36000.0,0.0,0.0,0.0,3930.0,81.875,36000.0,0.0,,pass,pass
2620.0,low,mission_flight,36000.0,0.0,0.0,0.0,3926.666667,81.805556,36000.0,0.0,,pass,pass
2630.0,low,mission_flight,36000.0,0.0,0.0,0.0,3923.333333,81.736111,36000.0,0.0,,pass,pass
2640.0,low,mission_flight,36000.0,0.0,0.0,0.0,3920.0,81.666667,36000.0,0.0,,pass,pass
2650.0,low,mission_flight,36000.0,0.0,0.0,0.0,3916.666667,81.597222,36000.0,0.0,,pass,pass
2660.0,low,mission_flight,36000.0,0.0,0.0,0.0,3913.333333,81.527778,36000.0,0.0,,pass,pass
2670.0,low,mission_flight,36000.0,0.0,0.0,0.0,3910.0,81.458333,36000.0,0.0,,pass,pass
2680.0,low,mission_flight,36000.0,0.0,0.0,0.0,3906.666667,81.388889,36000.0,0.0,,pass,pass
2690.0,low,mission_flight,36000.0,0.0,0.0,0.0,3903.333333,81.319444,36000.0,0.0,,pass,pass
2700.0,low,mission_flight,36000.0,0.0,0.0,0.0,3900.0,81.25,36000.0,0.0,,pass,pass
2710.0,low,mission_flight,36000.0,0.0,0.0,0.0,3896.666667,81.180556,36000.0,0.0,,pass,pass
2720.0,low,mission_flight,36000.0,0.0,0.0,0.0,3893.333333,81.111111,36000.0,0.0,,pass,pass
2730.0,low,mission_flight,36000.0,0.0,0.0,0.0,3890.0,81.041667,36000.0,0.0,,pass,pass
2740.0,low,mission_flight,36000.0,0.0,0.0,0.0,3886.666667,80.972222,36000.0,0.0,,pass,pass
2750.0,low,mission_flight,36000.0,0.0,0.0,0.0,3883.333333,80.902778,36000.0,0.0,,pass,pass
2760.0,low,mission_flight,36000.0,0.0,0.0,0.0,3880.0,80.833333,36000.0,0.0,,pass,pass
2770.0,low,mission_flight,36000.0,0.0,0.0,0.0,3876.666667,80.763889,36000.0,0.0,,pass,pass
2780.0,low,mission_flight,36000.0,0.0,0.0,0.0,3873.333333,80.694444,36000.0,0.0,,pass,pass
2790.0,low,mission_flight,36000.0,0.0,0.0,0.0,3870.0,80.625,36000.0,0.0,,pass,pass
2800.0,low,mission_flight,36000.0,0.0,0.0,0.0,3866.666667,80.555556,36000.0,0.0,,pass,pass
2810.0,low,mission_flight,36000.0,0.0,0.0,0.0,3863.333333,80.486111,36000.0,0.0,,pass,pass
2820.0,low,mission_flight,36000.0,0.0,0.0,0.0,3860.0,80.416667,36000.0,0.0,,pass,pass
2830.0,low,mission_flight,36000.0,0.0,0.0,0.0,3856.666667,80.347222,36000.0,0.0,,pass,pass
2840.0,low,mission_flight,36000.0,0.0,0.0,0.0,3853.333333,80.277778,36000.0,0.0,,pass,pass
2850.0,low,mission_flight,36000.0,0.0,0.0,0.0,3850.0,80.208333,36000.0,0.0,,pass,pass
2860.0,low,mission_flight,36000.0,0.0,0.0,0.0,3846.666667,80.138889,36000.0,0.0,,pass,pass
2870.0,low,mission_flight,36000.0,0.0,0.0,0.0,3843.333333,80.069444,36000.0,0.0,,pass,pass
2880.0,low,mission_flight,36000.0,0.0,0.0,0.0,3840.0,80.0,36000.0,0.0,,pass,pass
2890.0,low,mission_flight,36000.0,0.0,0.0,0.0,3836.666667,79.930556,36000.0,0.0,,pass,pass
2900.0,low,mission_flight,36000.0,0.0,0.0,0.0,3833.333333,79.861111,36000.0,0.0,,pass,pass
2910.0,low,mission_flight,36000.0,0.0,0.0,0.0,3830.0,79.791667,36000.0,0.0,,pass,pass
2920.0,low,mission_flight,36000.0,0.0,0.0,0.0,3826.666667,79.722222,36000.0,0.0,,pass,pass
2930.0,low,mission_flight,36000.0,0.0,0.0,0.0,3823.333333,79.652778,36000.0,0.0,,pass,pass
2940.0,low,mission_flight,36000.0,0.0,0.0,0.0,3820.0,79.583333,36000.0,0.0,,pass,pass
2950.0,low,mission_flight,36000.0,0.0,0.0,0.0,3816.666667,79.513889,36000.0,0.0,,pass,pass
2960.0,low,mission_flight,36000.0,0.0,0.0,0.0,3813.333333,79.444444,36000.0,0.0,,pass,pass
2970.0,low,mission_flight,36000.0,0.0,0.0,0.0,3810.0,79.375,36000.0,0.0,,pass,pass
2980.0,low,mission_flight,36000.0,0.0,0.0,0.0,3806.666667,79.305556,36000.0,0.0,,pass,pass
2990.0,low,mission_flight,36000.0,0.0,0.0,0.0,3803.333333,79.236111,36000.0,0.0,,pass,pass
3000.0,low,mission_flight,36000.0,0.0,0.0,0.0,3800.0,79.166667,36000.0,0.0,,pass,pass
3010.0,low,mission_flight,36000.0,0.0,0.0,0.0,3796.666667,79.097222,36000.0,0.0,,pass,pass
3020.0,low,mission_flight,36000.0,0.0,0.0,0.0,3793.333333,79.027778,36000.0,0.0,,pass,pass
3030.0,low,mission_flight,36000.0,0.0,0.0,0.0,3790.0,78.958333,36000.0,0.0,,pass,pass
3040.0,low,mission_flight,36000.0,0.0,0.0,0.0,3786.666667,78.888889,36000.0,0.0,,pass,pass
3050.0,low,mission_flight,36000.0,0.0,0.0,0.0,3783.333333,78.819444,36000.0,0.0,,pass,pass
3060.0,low,mission_flight,36000.0,0.0,0.0,0.0,3780.0,78.75,36000.0,0.0,,pass,pass
3070.0,low,mission_flight,36000.0,0.0,0.0,0.0,3776.666667,78.680556,36000.0,0.0,,pass,pass
3080.0,low,mission_flight,36000.0,0.0,0.0,0.0,3773.333333,78.611111,36000.0,0.0,,pass,pass
3090.0,low,mission_flight,36000.0,0.0,0.0,0.0,3770.0,78.541667,36000.0,0.0,,pass,pass
3100.0,low,mission_flight,36000.0,0.0,0.0,0.0,3766.666667,78.472222,36000.0,0.0,,pass,pass
3110.0,low,mission_flight,36000.0,0.0,0.0,0.0,3763.333333,78.402778,36000.0,0.0,,pass,pass
3120.0,low,mission_flight,36000.0,0.0,0.0,0.0,3760.0,78.333333,36000.0,0.0,,pass,pass
3130.0,low,mission_flight,36000.0,0.0,0.0,0.0,3756.666667,78.263889,36000.0,0.0,,pass,pass
3140.0,low,mission_flight,36000.0,0.0,0.0,0.0,3753.333333,78.194444,36000.0,0.0,,pass,pass
3150.0,low,mission_flight,36000.0,0.0,0.0,0.0,3750.0,78.125,36000.0,0.0,,pass,pass
3160.0,low,mission_flight,36000.0,0.0,0.0,0.0,3746.666667,78.055556,36000.0,0.0,,pass,pass
3170.0,low,mission_flight,36000.0,0.0,0.0,0.0,3743.333333,77.986111,36000.0,0.0,,pass,pass
3180.0,low,mission_flight,36000.0,0.0,0.0,0.0,3740.0,77.916667,36000.0,0.0,,pass,pass
3190.0,low,mission_flight,36000.0,0.0,0.0,0.0,3736.666667,77.847222,36000.0,0.0,,pass,pass
3200.0,low,mission_flight,36000.0,0.0,0.0,0.0,3733.333333,77.777778,36000.0,0.0,,pass,pass
3210.0,low,mission_flight,36000.0,0.0,0.0,0.0,3730.0,77.708333,36000.0,0.0,,pass,pass
3220.0,low,mission_flight,36000.0,0.0,0.0,0.0,3726.666667,77.638889,36000.0,0.0,,pass,pass
3230.0,low,mission_flight,36000.0,0.0,0.0,0.0,3723.333333,77.569444,36000.0,0.0,,pass,pass
3240.0,low,mission_flight,36000.0,0.0,0.0,0.0,3720.0,77.5,36000.0,0.0,,pass,pass
3250.0,low,mission_flight,36000.0,0.0,0.0,0.0,3716.666667,77.430556,36000.0,0.0,,pass,pass
3260.0,low,mission_flight,36000.0,0.0,0.0,0.0,3713.333333,77.361111,36000.0,0.0,,pass,pass
3270.0,low,mission_flight,36000.0,0.0,0.0,0.0,3710.0,77.291667,36000.0,0.0,,pass,pass
3280.0,low,mission_flight,36000.0,0.0,0.0,0.0,3706.666667,77.222222,36000.0,0.0,,pass,pass
3290.0,low,mission_flight,36000.0,0.0,0.0,0.0,3703.333333,77.152778,36000.0,0.0,,pass,pass
3300.0,low,mission_flight,36000.0,0.0,0.0,0.0,3700.0,77.083333,36000.0,0.0,,pass,pass
3310.0,low,mission_flight,36000.0,0.0,0.0,0.0,3696.666667,77.013889,36000.0,0.0,,pass,pass
3320.0,low,mission_flight,36000.0,0.0,0.0,0.0,3693.333333,76.944444,36000.0,0.0,,pass,pass
3330.0,low,mission_flight,36000.0,0.0,0.0,0.0,3690.0,76.875,36000.0,0.0,,pass,pass
3340.0,low,mission_flight,36000.0,0.0,0.0,0.0,3686.666667,76.805556,36000.0,0.0,,pass,pass
3350.0,low,mission_flight,36000.0,0.0,0.0,0.0,3683.333333,76.736111,36000.0,0.0,,pass,pass
3360.0,low,mission_flight,36000.0,0.0,0.0,0.0,3680.0,76.666667,36000.0,0.0,,pass,pass
3370.0,low,mission_flight,36000.0,0.0,0.0,0.0,3676.666667,76.597222,36000.0,0.0,,pass,pass
3380.0,low,mission_flight,36000.0,0.0,0.0,0.0,3673.333333,76.527778,36000.0,0.0,,pass,pass
3390.0,low,mission_flight,36000.0,0.0,0.0,0.0,3670.0,76.458333,36000.0,0.0,,pass,pass
3400.0,low,mission_flight,36000.0,0.0,0.0,0.0,3666.666667,76.388889,36000.0,0.0,,pass,pass
3410.0,low,mission_flight,36000.0,0.0,0.0,0.0,3663.333333,76.319444,36000.0,0.0,,pass,pass
3420.0,low,mission_flight,36000.0,0.0,0.0,0.0,3660.0,76.25,36000.0,0.0,,pass,pass
3430.0,low,mission_flight,36000.0,0.0,0.0,0.0,3656.666667,76.180556,36000.0,0.0,,pass,pass
3440.0,low,mission_flight,36000.0,0.0,0.0,0.0,3653.333333,76.111111,36000.0,0.0,,pass,pass
3450.0,low,mission_flight,36000.0,0.0,0.0,0.0,3650.0,76.041667,36000.0,0.0,,pass,pass
3460.0,low,mission_flight,36000.0,0.0,0.0,0.0,3646.666667,75.972222,36000.0,0.0,,pass,pass
3470.0,low,mission_flight,36000.0,0.0,0.0,0.0,3643.333333,75.902778,36000.0,0.0,,pass,pass
3480.0,low,mission_flight,36000.0,0.0,0.0,0.0,3640.0,75.833333,36000.0,0.0,,pass,pass
3490.0,low,mission_flight,36000.0,0.0,0.0,0.0,3636.666667,75.763889,36000.0,0.0,,pass,pass
3500.0,low,mission_flight,36000.0,0.0,0.0,0.0,3633.333333,75.694444,36000.0,0.0,,pass,pass
3510.0,low,mission_flight,36000.0,0.0,0.0,0.0,3630.0,75.625,36000.0,0.0,,pass,pass
3520.0,low,mission_flight,36000.0,0.0,0.0,0.0,3626.666667,75.555556,36000.0,0.0,,pass,pass
3530.0,low,mission_flight,36000.0,0.0,0.0,0.0,3623.333333,75.486111,36000.0,0.0,,pass,pass
3540.0,low,mission_flight,36000.0,0.0,0.0,0.0,3620.0,75.416667,36000.0,0.0,,pass,pass
3550.0,low,mission_flight,36000.0,0.0,0.0,0.0,3616.666667,75.347222,36000.0,0.0,,pass,pass
3560.0,low,mission_flight,36000.0,0.0,0.0,0.0,3613.333333,75.277778,36000.0,0.0,,pass,pass
3570.0,low,mission_flight,36000.0,0.0,0.0,0.0,3610.0,75.208333,36000.0,0.0,,pass,pass
3580.0,low,mission_flight,36000.0,0.0,0.0,0.0,3606.666667,75.138889,36000.0,0.0,,pass,pass
3590.0,low,mission_flight,36000.0,0.0,0.0,0.0,3603.333333,75.069444,36000.0,0.0,,pass,pass
3600.0,low,mission_flight,36000.0,0.0,0.0,0.0,3600.0,75.0,36000.0,0.0,,pass,pass
3610.0,low,mission_flight,36000.0,0.0,0.0,0.0,3596.666667,74.930556,36000.0,0.0,,pass,pass
3620.0,low,mission_flight,36000.0,0.0,0.0,0.0,3593.333333,74.861111,36000.0,0.0,,pass,pass
3630.0,low,mission_flight,36000.0,0.0,0.0,0.0,3590.0,74.791667,36000.0,0.0,,pass,pass
3640.0,low,mission_flight,36000.0,0.0,0.0,0.0,3586.666667,74.722222,36000.0,0.0,,pass,pass
3650.0,low,mission_flight,36000.0,0.0,0.0,0.0,3583.333333,74.652778,36000.0,0.0,,pass,pass
3660.0,low,mission_flight,36000.0,0.0,0.0,0.0,3580.0,74.583333,36000.0,0.0,,pass,pass
3670.0,low,mission_flight,36000.0,0.0,0.0,0.0,3576.666667,74.513889,36000.0,0.0,,pass,pass
3680.0,low,mission_flight,36000.0,0.0,0.0,0.0,3573.333333,74.444444,36000.0,0.0,,pass,pass
3690.0,low,mission_flight,36000.0,0.0,0.0,0.0,3570.0,74.375,36000.0,0.0,,pass,pass
3700.0,low,mission_flight,36000.0,0.0,0.0,0.0,3566.666667,74.305556,36000.0,0.0,,pass,pass
3710.0,low,mission_flight,36000.0,0.0,0.0,0.0,3563.333333,74.236111,36000.0,0.0,,pass,pass
3720.0,low,mission_flight,36000.0,0.0,0.0,0.0,3560.0,74.166667,36000.0,0.0,,pass,pass
3730.0,low,mission_flight,36000.0,0.0,0.0,0.0,3556.666667,74.097222,36000.0,0.0,,pass,pass
3740.0,low,mission_flight,36000.0,0.0,0.0,0.0,3553.333333,74.027778,36000.0,0.0,,pass,pass
3750.0,low,mission_flight,36000.0,0.0,0.0,0.0,3550.0,73.958333,36000.0,0.0,,pass,pass
3760.0,low,mission_flight,36000.0,0.0,0.0,0.0,3546.666667,73.888889,36000.0,0.0,,pass,pass
3770.0,low,mission_flight,36000.0,0.0,0.0,0.0,3543.333333,73.819444,36000.0,0.0,,pass,pass
3780.0,low,mission_flight,36000.0,0.0,0.0,0.0,3540.0,73.75,36000.0,0.0,,pass,pass
3790.0,low,mission_flight,36000.0,0.0,0.0,0.0,3536.666667,73.680556,36000.0,0.0,,pass,pass
3800.0,low,mission_flight,36000.0,0.0,0.0,0.0,3533.333333,73.611111,36000.0,0.0,,pass,pass
3810.0,low,mission_flight,36000.0,0.0,0.0,0.0,3530.0,73.541667,36000.0,0.0,,pass,pass
3820.0,low,mission_flight,36000.0,0.0,0.0,0.0,3526.666667,73.472222,36000.0,0.0,,pass,pass
3830.0,low,mission_flight,36000.0,0.0,0.0,0.0,3523.333333,73.402778,36000.0,0.0,,pass,pass
3840.0,low,mission_flight,36000.0,0.0,0.0,0.0,3520.0,73.333333,36000.0,0.0,,pass,pass
3850.0,low,mission_flight,36000.0,0.0,0.0,0.0,3516.666667,73.263889,36000.0,0.0,,pass,pass
3860.0,low,mission_flight,36000.0,0.0,0.0,0.0,3513.333333,73.194444,36000.0,0.0,,pass,pass
3870.0,low,mission_flight,36000.0,0.0,0.0,0.0,3510.0,73.125,36000.0,0.0,,pass,pass
3880.0,low,mission_flight,36000.0,0.0,0.0,0.0,3506.666667,73.055556,36000.0,0.0,,pass,pass
3890.0,low,mission_flight,36000.0,0.0,0.0,0.0,3503.333333,72.986111,36000.0,0.0,,pass,pass
3900.0,low,mission_flight,36000.0,0.0,0.0,0.0,3500.0,72.916667,36000.0,0.0,,pass,pass
3910.0,low,mission_flight,36000.0,0.0,0.0,0.0,3496.666667,72.847222,36000.0,0.0,,pass,pass
3920.0,low,mission_flight,36000.0,0.0,0.0,0.0,3493.333333,72.777778,36000.0,0.0,,pass,pass
3930.0,low,mission_flight,36000.0,0.0,0.0,0.0,3490.0,72.708333,36000.0,0.0,,pass,pass
3940.0,low,mission_flight,36000.0,0.0,0.0,0.0,3486.666667,72.638889,36000.0,0.0,,pass,pass
3950.0,low,mission_flight,36000.0,0.0,0.0,0.0,3483.333333,72.569444,36000.0,0.0,,pass,pass
3960.0,low,mission_flight,36000.0,0.0,0.0,0.0,3480.0,72.5,36000.0,0.0,,pass,pass
3970.0,low,mission_flight,36000.0,0.0,0.0,0.0,3476.666667,72.430556,36000.0,0.0,,pass,pass
3980.0,low,mission_flight,36000.0,0.0,0.0,0.0,3473.333333,72.361111,36000.0,0.0,,pass,pass
3990.0,low,mission_flight,36000.0,0.0,0.0,0.0,3470.0,72.291667,36000.0,0.0,,pass,pass
4000.0,low,mission_flight,36000.0,0.0,0.0,0.0,3466.666667,72.222222,36000.0,0.0,,pass,pass
4010.0,low,mission_flight,36000.0,0.0,0.0,0.0,3463.333333,72.152778,36000.0,0.0,,pass,pass
4020.0,low,mission_flight,36000.0,0.0,0.0,0.0,3460.0,72.083333,36000.0,0.0,,pass,pass
4030.0,low,mission_flight,36000.0,0.0,0.0,0.0,3456.666667,72.013889,36000.0,0.0,,pass,pass
4040.0,low,mission_flight,36000.0,0.0,0.0,0.0,3453.333333,71.944444,36000.0,0.0,,pass,pass
4050.0,low,mission_flight,36000.0,0.0,0.0,0.0,3450.0,71.875,36000.0,0.0,,pass,pass
4060.0,low,mission_flight,36000.0,0.0,0.0,0.0,3446.666667,71.805556,36000.0,0.0,,pass,pass
4070.0,low,mission_flight,36000.0,0.0,0.0,0.0,3443.333333,71.736111,36000.0,0.0,,pass,pass
4080.0,low,mission_flight,36000.0,0.0,0.0,0.0,3440.0,71.666667,36000.0,0.0,,pass,pass
4090.0,low,mission_flight,36000.0,0.0,0.0,0.0,3436.666667,71.597222,36000.0,0.0,,pass,pass
4100.0,low,mission_flight,36000.0,0.0,0.0,0.0,3433.333333,71.527778,36000.0,0.0,,pass,pass
4110.0,low,mission_flight,36000.0,0.0,0.0,0.0,3430.0,71.458333,36000.0,0.0,,pass,pass
4120.0,low,mission_flight,36000.0,0.0,0.0,0.0,3426.666667,71.388889,36000.0,0.0,,pass,pass
4130.0,low,mission_flight,36000.0,0.0,0.0,0.0,3423.333333,71.319444,36000.0,0.0,,pass,pass
4140.0,low,mission_flight,36000.0,0.0,0.0,0.0,3420.0,71.25,36000.0,0.0,,pass,pass
4150.0,low,mission_flight,36000.0,0.0,0.0,0.0,3416.666667,71.180556,36000.0,0.0,,pass,pass
4160.0,low,mission_flight,36000.0,0.0,0.0,0.0,3413.333333,71.111111,36000.0,0.0,,pass,pass
4170.0,low,mission_flight,36000.0,0.0,0.0,0.0,3410.0,71.041667,36000.0,0.0,,pass,pass
4180.0,low,mission_flight,36000.0,0.0,0.0,0.0,3406.666667,70.972222,36000.0,0.0,,pass,pass
4190.0,low,mission_flight,36000.0,0.0,0.0,0.0,3403.333333,70.902778,36000.0,0.0,,pass,pass
4200.0,low,mission_flight,36000.0,0.0,0.0,0.0,3400.0,70.833333,36000.0,0.0,,pass,pass
4210.0,low,mission_flight,36000.0,0.0,0.0,0.0,3396.666667,70.763889,36000.0,0.0,,pass,pass
4220.0,low,mission_flight,36000.0,0.0,0.0,0.0,3393.333333,70.694444,36000.0,0.0,,pass,pass
4230.0,low,mission_flight,36000.0,0.0,0.0,0.0,3390.0,70.625,36000.0,0.0,,pass,pass
4240.0,low,mission_flight,36000.0,0.0,0.0,0.0,3386.666667,70.555556,36000.0,0.0,,pass,pass
4250.0,low,mission_flight,36000.0,0.0,0.0,0.0,3383.333333,70.486111,36000.0,0.0,,pass,pass
4260.0,low,mission_flight,36000.0,0.0,0.0,0.0,3380.0,70.416667,36000.0,0.0,,pass,pass
4270.0,low,mission_flight,36000.0,0.0,0.0,0.0,3376.666667,70.347222,36000.0,0.0,,pass,pass
4280.0,low,mission_flight,36000.0,0.0,0.0,0.0,3373.333333,70.277778,36000.0,0.0,,pass,pass
4290.0,low,mission_flight,36000.0,0.0,0.0,0.0,3370.0,70.208333,36000.0,0.0,,pass,pass
4300.0,low,mission_flight,36000.0,0.0,0.0,0.0,3366.666667,70.138889,36000.0,0.0,,pass,pass
4310.0,low,mission_flight,36000.0,0.0,0.0,0.0,3363.333333,70.069444,36000.0,0.0,,pass,pass
4320.0,low,mission_flight,36000.0,0.0,0.0,0.0,3360.0,70.0,36000.0,0.0,,pass,pass
4330.0,low,mission_flight,36000.0,0.0,0.0,0.0,3356.666667,69.930556,36000.0,0.0,,pass,pass
4340.0,low,mission_flight,36000.0,0.0,0.0,0.0,3353.333333,69.861111,36000.0,0.0,,pass,pass
4350.0,low,mission_flight,36000.0,0.0,0.0,0.0,3350.0,69.791667,36000.0,0.0,,pass,pass
4360.0,low,mission_flight,36000.0,0.0,0.0,0.0,3346.666667,69.722222,36000.0,0.0,,pass,pass
4370.0,low,mission_flight,36000.0,0.0,0.0,0.0,3343.333333,69.652778,36000.0,0.0,,pass,pass
4380.0,low,mission_flight,36000.0,0.0,0.0,0.0,3340.0,69.583333,36000.0,0.0,,pass,pass
4390.0,low,mission_flight,36000.0,0.0,0.0,0.0,3336.666667,69.513889,36000.0,0.0,,pass,pass
4400.0,low,mission_flight,36000.0,0.0,0.0,0.0,3333.333333,69.444444,36000.0,0.0,,pass,pass
4410.0,low,mission_flight,36000.0,0.0,0.0,0.0,3330.0,69.375,36000.0,0.0,,pass,pass
4420.0,low,mission_flight,36000.0,0.0,0.0,0.0,3326.666667,69.305556,36000.0,0.0,,pass,pass
4430.0,low,mission_flight,36000.0,0.0,0.0,0.0,3323.333333,69.236111,36000.0,0.0,,pass,pass
4440.0,low,mission_flight,36000.0,0.0,0.0,0.0,3320.0,69.166667,36000.0,0.0,,pass,pass
4450.0,low,mission_flight,36000.0,0.0,0.0,0.0,3316.666667,69.097222,36000.0,0.0,,pass,pass
4460.0,low,mission_flight,36000.0,0.0,0.0,0.0,3313.333333,69.027778,36000.0,0.0,,pass,pass
4470.0,low,mission_flight,36000.0,0.0,0.0,0.0,3310.0,68.958333,36000.0,0.0,,pass,pass
4480.0,low,mission_flight,36000.0,0.0,0.0,0.0,3306.666667,68.888889,36000.0,0.0,,pass,pass
4490.0,low,mission_flight,36000.0,0.0,0.0,0.0,3303.333333,68.819444,36000.0,0.0,,pass,pass
4500.0,low,mission_flight,36000.0,0.0,0.0,0.0,3300.0,68.75,36000.0,0.0,,pass,pass
4510.0,low,mission_flight,36000.0,0.0,0.0,0.0,3296.666667,68.680556,36000.0,0.0,,pass,pass
4520.0,low,mission_flight,36000.0,0.0,0.0,0.0,3293.333333,68.611111,36000.0,0.0,,pass,pass
4530.0,low,mission_flight,36000.0,0.0,0.0,0.0,3290.0,68.541667,36000.0,0.0,,pass,pass
4540.0,low,mission_flight,36000.0,0.0,0.0,0.0,3286.666667,68.472222,36000.0,0.0,,pass,pass
4550.0,low,mission_flight,36000.0,0.0,0.0,0.0,3283.333333,68.402778,36000.0,0.0,,pass,pass
4560.0,low,mission_flight,36000.0,0.0,0.0,0.0,3280.0,68.333333,36000.0,0.0,,pass,pass
4570.0,low,mission_flight,36000.0,0.0,0.0,0.0,3276.666667,68.263889,36000.0,0.0,,pass,pass
4580.0,low,mission_flight,36000.0,0.0,0.0,0.0,3273.333333,68.194444,36000.0,0.0,,pass,pass
4590.0,low,mission_flight,36000.0,0.0,0.0,0.0,3270.0,68.125,36000.0,0.0,,pass,pass
4600.0,low,mission_flight,36000.0,0.0,0.0,0.0,3266.666667,68.055556,36000.0,0.0,,pass,pass
4610.0,low,mission_flight,36000.0,0.0,0.0,0.0,3263.333333,67.986111,36000.0,0.0,,pass,pass
4620.0,low,mission_flight,36000.0,0.0,0.0,0.0,3260.0,67.916667,36000.0,0.0,,pass,pass
4630.0,low,mission_flight,36000.0,0.0,0.0,0.0,3256.666667,67.847222,36000.0,0.0,,pass,pass
4640.0,low,mission_flight,36000.0,0.0,0.0,0.0,3253.333333,67.777778,36000.0,0.0,,pass,pass
4650.0,low,mission_flight,36000.0,0.0,0.0,0.0,3250.0,67.708333,36000.0,0.0,,pass,pass
4660.0,low,mission_flight,36000.0,0.0,0.0,0.0,3246.666667,67.638889,36000.0,0.0,,pass,pass
4670.0,low,mission_flight,36000.0,0.0,0.0,0.0,3243.333333,67.569444,36000.0,0.0,,pass,pass
4680.0,low,mission_flight,36000.0,0.0,0.0,0.0,3240.0,67.5,36000.0,0.0,,pass,pass
4690.0,low,mission_flight,36000.0,0.0,0.0,0.0,3236.666667,67.430556,36000.0,0.0,,pass,pass
4700.0,low,mission_flight,36000.0,0.0,0.0,0.0,3233.333333,67.361111,36000.0,0.0,,pass,pass
4710.0,low,mission_flight,36000.0,0.0,0.0,0.0,3230.0,67.291667,36000.0,0.0,,pass,pass
4720.0,low,mission_flight,36000.0,0.0,0.0,0.0,3226.666667,67.222222,36000.0,0.0,,pass,pass
4730.0,low,mission_flight,36000.0,0.0,0.0,0.0,3223.333333,67.152778,36000.0,0.0,,pass,pass
4740.0,low,mission_flight,36000.0,0.0,0.0,0.0,3220.0,67.083333,36000.0,0.0,,pass,pass
4750.0,low,mission_flight,36000.0,0.0,0.0,0.0,3216.666667,67.013889,36000.0,0.0,,pass,pass
4760.0,low,mission_flight,36000.0,0.0,0.0,0.0,3213.333333,66.944444,36000.0,0.0,,pass,pass
4770.0,low,mission_flight,36000.0,0.0,0.0,0.0,3210.0,66.875,36000.0,0.0,,pass,pass
4780.0,low,mission_flight,36000.0,0.0,0.0,0.0,3206.666667,66.805556,36000.0,0.0,,pass,pass
4790.0,low,mission_flight,36000.0,0.0,0.0,0.0,3203.333333,66.736111,36000.0,0.0,,pass,pass
4800.0,low,mission_flight,36000.0,0.0,0.0,0.0,3200.0,66.666667,36000.0,0.0,,pass,pass
4810.0,low,mission_flight,36000.0,0.0,0.0,0.0,3196.666667,66.597222,36000.0,0.0,,pass,pass
4820.0,low,mission_flight,36000.0,0.0,0.0,0.0,3193.333333,66.527778,36000.0,0.0,,pass,pass
4830.0,low,mission_flight,36000.0,0.0,0.0,0.0,3190.0,66.458333,36000.0,0.0,,pass,pass
4840.0,low,mission_flight,36000.0,0.0,0.0,0.0,3186.666667,66.388889,36000.0,0.0,,pass,pass
4850.0,low,mission_flight,36000.0,0.0,0.0,0.0,3183.333333,66.319444,36000.0,0.0,,pass,pass
4860.0,low,mission_flight,36000.0,0.0,0.0,0.0,3180.0,66.25,36000.0,0.0,,pass,pass
4870.0,low,mission_flight,36000.0,0.0,0.0,0.0,3176.666667,66.180556,36000.0,0.0,,pass,pass
4880.0,low,mission_flight,36000.0,0.0,0.0,0.0,3173.333333,66.111111,36000.0,0.0,,pass,pass
4890.0,low,mission_flight,36000.0,0.0,0.0,0.0,3170.0,66.041667,36000.0,0.0,,pass,pass
4900.0,low,mission_flight,36000.0,0.0,0.0,0.0,3166.666667,65.972222,36000.0,0.0,,pass,pass
4910.0,low,mission_flight,36000.0,0.0,0.0,0.0,3163.333333,65.902778,36000.0,0.0,,pass,pass
4920.0,low,mission_flight,36000.0,0.0,0.0,0.0,3160.0,65.833333,36000.0,0.0,,pass,pass
4930.0,low,mission_flight,36000.0,0.0,0.0,0.0,3156.666667,65.763889,36000.0,0.0,,pass,pass
4940.0,low,mission_flight,36000.0,0.0,0.0,0.0,3153.333333,65.694444,36000.0,0.0,,pass,pass
4950.0,low,mission_flight,36000.0,0.0,0.0,0.0,3150.0,65.625,36000.0,0.0,,pass,pass
4960.0,low,mission_flight,36000.0,0.0,0.0,0.0,3146.666667,65.555556,36000.0,0.0,,pass,pass
4970.0,low,mission_flight,36000.0,0.0,0.0,0.0,3143.333333,65.486111,36000.0,0.0,,pass,pass
4980.0,low,mission_flight,36000.0,0.0,0.0,0.0,3140.0,65.416667,36000.0,0.0,,pass,pass
4990.0,low,mission_flight,36000.0,0.0,0.0,0.0,3136.666667,65.347222,36000.0,0.0,,pass,pass
5000.0,low,mission_flight,36000.0,0.0,0.0,0.0,3133.333333,65.277778,36000.0,0.0,,pass,pass
5010.0,low,mission_flight,36000.0,0.0,0.0,0.0,3130.0,65.208333,36000.0,0.0,,pass,pass
5020.0,low,mission_flight,36000.0,0.0,0.0,0.0,3126.666667,65.138889,36000.0,0.0,,pass,pass
5030.0,low,mission_flight,36000.0,0.0,0.0,0.0,3123.333333,65.069444,36000.0,0.0,,pass,pass
5040.0,low,mission_flight,36000.0,0.0,0.0,0.0,3120.0,65.0,36000.0,0.0,,pass,pass
5050.0,low,mission_flight,36000.0,0.0,0.0,0.0,3116.666667,64.930556,36000.0,0.0,,pass,pass
5060.0,low,mission_flight,36000.0,0.0,0.0,0.0,3113.333333,64.861111,36000.0,0.0,,pass,pass
5070.0,low,mission_flight,36000.0,0.0,0.0,0.0,3110.0,64.791667,36000.0,0.0,,pass,pass
5080.0,low,mission_flight,36000.0,0.0,0.0,0.0,3106.666667,64.722222,36000.0,0.0,,pass,pass
5090.0,low,mission_flight,36000.0,0.0,0.0,0.0,3103.333333,64.652778,36000.0,0.0,,pass,pass
5100.0,low,mission_flight,36000.0,0.0,0.0,0.0,3100.0,64.583333,36000.0,0.0,,pass,pass
5110.0,low,mission_flight,36000.0,0.0,0.0,0.0,3096.666667,64.513889,36000.0,0.0,,pass,pass
5120.0,low,mission_flight,36000.0,0.0,0.0,0.0,3093.333333,64.444444,36000.0,0.0,,pass,pass
5130.0,low,mission_flight,36000.0,0.0,0.0,0.0,3090.0,64.375,36000.0,0.0,,pass,pass
5140.0,low,mission_flight,36000.0,0.0,0.0,0.0,3086.666667,64.305556,36000.0,0.0,,pass,pass
5150.0,low,mission_flight,36000.0,0.0,0.0,0.0,3083.333333,64.236111,36000.0,0.0,,pass,pass
5160.0,low,mission_flight,36000.0,0.0,0.0,0.0,3080.0,64.166667,36000.0,0.0,,pass,pass
5170.0,low,mission_flight,36000.0,0.0,0.0,0.0,3076.666667,64.097222,36000.0,0.0,,pass,pass
5180.0,low,mission_flight,36000.0,0.0,0.0,0.0,3073.333333,64.027778,36000.0,0.0,,pass,pass
5190.0,low,mission_flight,36000.0,0.0,0.0,0.0,3070.0,63.958333,36000.0,0.0,,pass,pass
5200.0,low,mission_flight,36000.0,0.0,0.0,0.0,3066.666667,63.888889,36000.0,0.0,,pass,pass
5210.0,low,mission_flight,36000.0,0.0,0.0,0.0,3063.333333,63.819444,36000.0,0.0,,pass,pass
5220.0,low,mission_flight,36000.0,0.0,0.0,0.0,3060.0,63.75,36000.0,0.0,,pass,pass
5230.0,low,mission_flight,36000.0,0.0,0.0,0.0,3056.666667,63.680556,36000.0,0.0,,pass,pass
5240.0,low,mission_flight,36000.0,0.0,0.0,0.0,3053.333333,63.611111,36000.0,0.0,,pass,pass
5250.0,low,mission_flight,36000.0,0.0,0.0,0.0,3050.0,63.541667,36000.0,0.0,,pass,pass
5260.0,low,mission_flight,36000.0,0.0,0.0,0.0,3046.666667,63.472222,36000.0,0.0,,pass,pass
5270.0,low,mission_flight,36000.0,0.0,0.0,0.0,3043.333333,63.402778,36000.0,0.0,,pass,pass
5280.0,low,mission_flight,36000.0,0.0,0.0,0.0,3040.0,63.333333,36000.0,0.0,,pass,pass
5290.0,low,mission_flight,36000.0,0.0,0.0,0.0,3036.666667,63.263889,36000.0,0.0,,pass,pass
5300.0,low,mission_flight,36000.0,0.0,0.0,0.0,3033.333333,63.194444,36000.0,0.0,,pass,pass
5310.0,low,mission_flight,36000.0,0.0,0.0,0.0,3030.0,63.125,36000.0,0.0,,pass,pass
5320.0,low,mission_flight,36000.0,0.0,0.0,0.0,3026.666667,63.055556,36000.0,0.0,,pass,pass
5330.0,low,mission_flight,36000.0,0.0,0.0,0.0,3023.333333,62.986111,36000.0,0.0,,pass,pass
5340.0,low,mission_flight,36000.0,0.0,0.0,0.0,3020.0,62.916667,36000.0,0.0,,pass,pass
5350.0,low,mission_flight,36000.0,0.0,0.0,0.0,3016.666667,62.847222,36000.0,0.0,,pass,pass
5360.0,low,mission_flight,36000.0,0.0,0.0,0.0,3013.333333,62.777778,36000.0,0.0,,pass,pass
5370.0,low,mission_flight,36000.0,0.0,0.0,0.0,3010.0,62.708333,36000.0,0.0,,pass,pass
5380.0,low,mission_flight,36000.0,0.0,0.0,0.0,3006.666667,62.638889,36000.0,0.0,,pass,pass
5390.0,low,mission_flight,36000.0,0.0,0.0,0.0,3003.333333,62.569444,36000.0,0.0,,pass,pass
5400.0,low,mission_flight,36000.0,0.0,0.0,0.0,3000.0,62.5,36000.0,0.0,,pass,pass
5410.0,low,mission_flight,36000.0,0.0,0.0,0.0,2996.666667,62.430556,36000.0,0.0,,pass,pass
5420.0,low,mission_flight,36000.0,0.0,0.0,0.0,2993.333333,62.361111,36000.0,0.0,,pass,pass
5430.0,low,mission_flight,36000.0,0.0,0.0,0.0,2990.0,62.291667,36000.0,0.0,,pass,pass
5440.0,low,mission_flight,36000.0,0.0,0.0,0.0,2986.666667,62.222222,36000.0,0.0,,pass,pass
5450.0,low,mission_flight,36000.0,0.0,0.0,0.0,2983.333333,62.152778,36000.0,0.0,,pass,pass
5460.0,low,mission_flight,36000.0,0.0,0.0,0.0,2980.0,62.083333,36000.0,0.0,,pass,pass
5470.0,low,mission_flight,36000.0,0.0,0.0,0.0,2976.666667,62.013889,36000.0,0.0,,pass,pass
5480.0,low,mission_flight,36000.0,0.0,0.0,0.0,2973.333333,61.944444,36000.0,0.0,,pass,pass
5490.0,low,mission_flight,36000.0,0.0,0.0,0.0,2970.0,61.875,36000.0,0.0,,pass,pass
5500.0,low,mission_flight,36000.0,0.0,0.0,0.0,2966.666667,61.805556,36000.0,0.0,,pass,pass
5510.0,low,mission_flight,36000.0,0.0,0.0,0.0,2963.333333,61.736111,36000.0,0.0,,pass,pass
5520.0,low,mission_flight,36000.0,0.0,0.0,0.0,2960.0,61.666667,36000.0,0.0,,pass,pass
5530.0,low,mission_flight,36000.0,0.0,0.0,0.0,2956.666667,61.597222,36000.0,0.0,,pass,pass
5540.0,low,mission_flight,36000.0,0.0,0.0,0.0,2953.333333,61.527778,36000.0,0.0,,pass,pass
5550.0,low,mission_flight,36000.0,0.0,0.0,0.0,2950.0,61.458333,36000.0,0.0,,pass,pass
5560.0,low,mission_flight,36000.0,0.0,0.0,0.0,2946.666667,61.388889,36000.0,0.0,,pass,pass
5570.0,low,mission_flight,36000.0,0.0,0.0,0.0,2943.333333,61.319444,36000.0,0.0,,pass,pass
5580.0,low,mission_flight,36000.0,0.0,0.0,0.0,2940.0,61.25,36000.0,0.0,,pass,pass
5590.0,low,mission_flight,36000.0,0.0,0.0,0.0,2936.666667,61.180556,36000.0,0.0,,pass,pass
5600.0,low,mission_flight,36000.0,0.0,0.0,0.0,2933.333333,61.111111,36000.0,0.0,,pass,pass
5610.0,low,mission_flight,36000.0,0.0,0.0,0.0,2930.0,61.041667,36000.0,0.0,,pass,pass
5620.0,low,mission_flight,36000.0,0.0,0.0,0.0,2926.666667,60.972222,36000.0,0.0,,pass,pass
5630.0,low,mission_flight,36000.0,0.0,0.0,0.0,2923.333333,60.902778,36000.0,0.0,,pass,pass
5640.0,low,mission_flight,36000.0,0.0,0.0,0.0,2920.0,60.833333,36000.0,0.0,,pass,pass
5650.0,low,mission_flight,36000.0,0.0,0.0,0.0,2916.666667,60.763889,36000.0,0.0,,pass,pass
5660.0,low,mission_flight,36000.0,0.0,0.0,0.0,2913.333333,60.694444,36000.0,0.0,,pass,pass
5670.0,low,mission_flight,36000.0,0.0,0.0,0.0,2910.0,60.625,36000.0,0.0,,pass,pass
5680.0,low,mission_flight,36000.0,0.0,0.0,0.0,2906.666667,60.555556,36000.0,0.0,,pass,pass
5690.0,low,mission_flight,36000.0,0.0,0.0,0.0,2903.333333,60.486111,36000.0,0.0,,pass,pass
5700.0,low,mission_flight,36000.0,0.0,0.0,0.0,2900.0,60.416667,36000.0,0.0,,pass,pass
5710.0,low,mission_flight,36000.0,0.0,0.0,0.0,2896.666667,60.347222,36000.0,0.0,,pass,pass
5720.0,low,mission_flight,36000.0,0.0,0.0,0.0,2893.333333,60.277778,36000.0,0.0,,pass,pass
5730.0,low,mission_flight,36000.0,0.0,0.0,0.0,2890.0,60.208333,36000.0,0.0,,pass,pass
5740.0,low,mission_flight,36000.0,0.0,0.0,0.0,2886.666667,60.138889,36000.0,0.0,,pass,pass
5750.0,low,mission_flight,36000.0,0.0,0.0,0.0,2883.333333,60.069444,36000.0,0.0,,pass,pass
5760.0,low,mission_flight,36000.0,0.0,0.0,0.0,2880.0,60.0,36000.0,0.0,,pass,pass
5770.0,low,mission_flight,36000.0,0.0,0.0,0.0,2876.666667,59.930556,36000.0,0.0,,pass,pass
5780.0,low,mission_flight,36000.0,0.0,0.0,0.0,2873.333333,59.861111,36000.0,0.0,,pass,pass
5790.0,low,mission_flight,36000.0,0.0,0.0,0.0,2870.0,59.791667,36000.0,0.0,,pass,pass
5800.0,low,mission_flight,36000.0,0.0,0.0,0.0,2866.666667,59.722222,36000.0,0.0,,pass,pass
5810.0,low,mission_flight,36000.0,0.0,0.0,0.0,2863.333333,59.652778,36000.0,0.0,,pass,pass
5820.0,low,mission_flight,36000.0,0.0,0.0,0.0,2860.0,59.583333,36000.0,0.0,,pass,pass
5830.0,low,mission_flight,36000.0,0.0,0.0,0.0,2856.666667,59.513889,36000.0,0.0,,pass,pass
5840.0,low,mission_flight,36000.0,0.0,0.0,0.0,2853.333333,59.444444,36000.0,0.0,,pass,pass
5850.0,low,mission_flight,36000.0,0.0,0.0,0.0,2850.0,59.375,36000.0,0.0,,pass,pass
5860.0,low,mission_flight,36000.0,0.0,0.0,0.0,2846.666667,59.305556,36000.0,0.0,,pass,pass
5870.0,low,mission_flight,36000.0,0.0,0.0,0.0,2843.333333,59.236111,36000.0,0.0,,pass,pass
5880.0,low,mission_flight,36000.0,0.0,0.0,0.0,2840.0,59.166667,36000.0,0.0,,pass,pass
5890.0,low,mission_flight,36000.0,0.0,0.0,0.0,2836.666667,59.097222,36000.0,0.0,,pass,pass
5900.0,low,mission_flight,36000.0,0.0,0.0,0.0,2833.333333,59.027778,36000.0,0.0,,pass,pass
5910.0,low,mission_flight,36000.0,0.0,0.0,0.0,2830.0,58.958333,36000.0,0.0,,pass,pass
5920.0,low,mission_flight,36000.0,0.0,0.0,0.0,2826.666667,58.888889,36000.0,0.0,,pass,pass
5930.0,low,mission_flight,36000.0,0.0,0.0,0.0,2823.333333,58.819444,36000.0,0.0,,pass,pass
5940.0,low,mission_flight,36000.0,0.0,0.0,0.0,2820.0,58.75,36000.0,0.0,,pass,pass
5950.0,low,mission_flight,36000.0,0.0,0.0,0.0,2816.666667,58.680556,36000.0,0.0,,pass,pass
5960.0,low,mission_flight,36000.0,0.0,0.0,0.0,2813.333333,58.611111,36000.0,0.0,,pass,pass
5970.0,low,mission_flight,36000.0,0.0,0.0,0.0,2810.0,58.541667,36000.0,0.0,,pass,pass
5980.0,low,mission_flight,36000.0,0.0,0.0,0.0,2806.666667,58.472222,36000.0,0.0,,pass,pass
5990.0,low,mission_flight,36000.0,0.0,0.0,0.0,2803.333333,58.402778,36000.0,0.0,,pass,pass
6000.0,low,mission_flight,36000.0,0.0,0.0,0.0,2800.0,58.333333,36000.0,0.0,,pass,pass
6010.0,low,mission_flight,36000.0,0.0,0.0,0.0,2796.666667,58.263889,36000.0,0.0,,pass,pass
6020.0,low,mission_flight,36000.0,0.0,0.0,0.0,2793.333333,58.194444,36000.0,0.0,,pass,pass
6030.0,low,mission_flight,36000.0,0.0,0.0,0.0,2790.0,58.125,36000.0,0.0,,pass,pass
6040.0,low,mission_flight,36000.0,0.0,0.0,0.0,2786.666667,58.055556,36000.0,0.0,,pass,pass
6050.0,low,mission_flight,36000.0,0.0,0.0,0.0,2783.333333,57.986111,36000.0,0.0,,pass,pass
6060.0,low,mission_flight,36000.0,0.0,0.0,0.0,2780.0,57.916667,36000.0,0.0,,pass,pass
6070.0,low,mission_flight,36000.0,0.0,0.0,0.0,2776.666667,57.847222,36000.0,0.0,,pass,pass
6080.0,low,mission_flight,36000.0,0.0,0.0,0.0,2773.333333,57.777778,36000.0,0.0,,pass,pass
6090.0,low,mission_flight,36000.0,0.0,0.0,0.0,2770.0,57.708333,36000.0,0.0,,pass,pass
6100.0,low,mission_flight,36000.0,0.0,0.0,0.0,2766.666667,57.638889,36000.0,0.0,,pass,pass
6110.0,low,mission_flight,36000.0,0.0,0.0,0.0,2763.333333,57.569444,36000.0,0.0,,pass,pass
6120.0,low,mission_flight,36000.0,0.0,0.0,0.0,2760.0,57.5,36000.0,0.0,,pass,pass
6130.0,low,mission_flight,36000.0,0.0,0.0,0.0,2756.666667,57.430556,36000.0,0.0,,pass,pass
6140.0,low,mission_flight,36000.0,0.0,0.0,0.0,2753.333333,57.361111,36000.0,0.0,,pass,pass
6150.0,low,mission_flight,36000.0,0.0,0.0,0.0,2750.0,57.291667,36000.0,0.0,,pass,pass
6160.0,low,mission_flight,36000.0,0.0,0.0,0.0,2746.666667,57.222222,36000.0,0.0,,pass,pass
6170.0,low,mission_flight,36000.0,0.0,0.0,0.0,2743.333333,57.152778,36000.0,0.0,,pass,pass
6180.0,low,mission_flight,36000.0,0.0,0.0,0.0,2740.0,57.083333,36000.0,0.0,,pass,pass
6190.0,low,mission_flight,36000.0,0.0,0.0,0.0,2736.666667,57.013889,36000.0,0.0,,pass,pass
6200.0,low,mission_flight,36000.0,0.0,0.0,0.0,2733.333333,56.944444,36000.0,0.0,,pass,pass
6210.0,low,mission_flight,36000.0,0.0,0.0,0.0,2730.0,56.875,36000.0,0.0,,pass,pass
6220.0,low,mission_flight,36000.0,0.0,0.0,0.0,2726.666667,56.805556,36000.0,0.0,,pass,pass
6230.0,low,mission_flight,36000.0,0.0,0.0,0.0,2723.333333,56.736111,36000.0,0.0,,pass,pass
6240.0,low,mission_flight,36000.0,0.0,0.0,0.0,2720.0,56.666667,36000.0,0.0,,pass,pass
6250.0,low,mission_flight,36000.0,0.0,0.0,0.0,2716.666667,56.597222,36000.0,0.0,,pass,pass
6260.0,low,mission_flight,36000.0,0.0,0.0,0.0,2713.333333,56.527778,36000.0,0.0,,pass,pass
6270.0,low,mission_flight,36000.0,0.0,0.0,0.0,2710.0,56.458333,36000.0,0.0,,pass,pass
6280.0,low,mission_flight,36000.0,0.0,0.0,0.0,2706.666667,56.388889,36000.0,0.0,,pass,pass
6290.0,low,mission_flight,36000.0,0.0,0.0,0.0,2703.333333,56.319444,36000.0,0.0,,pass,pass
6300.0,low,mission_flight,36000.0,0.0,0.0,0.0,2700.0,56.25,36000.0,0.0,,pass,pass
6310.0,low,mission_flight,36000.0,0.0,0.0,0.0,2696.666667,56.180556,36000.0,0.0,,pass,pass
6320.0,low,mission_flight,36000.0,0.0,0.0,0.0,2693.333333,56.111111,36000.0,0.0,,pass,pass
6330.0,low,mission_flight,36000.0,0.0,0.0,0.0,2690.0,56.041667,36000.0,0.0,,pass,pass
6340.0,low,mission_flight,36000.0,0.0,0.0,0.0,2686.666667,55.972222,36000.0,0.0,,pass,pass
6350.0,low,mission_flight,36000.0,0.0,0.0,0.0,2683.333333,55.902778,36000.0,0.0,,pass,pass
6360.0,low,mission_flight,36000.0,0.0,0.0,0.0,2680.0,55.833333,36000.0,0.0,,pass,pass
6370.0,low,mission_flight,36000.0,0.0,0.0,0.0,2676.666667,55.763889,36000.0,0.0,,pass,pass
6380.0,low,mission_flight,36000.0,0.0,0.0,0.0,2673.333333,55.694444,36000.0,0.0,,pass,pass
6390.0,low,mission_flight,36000.0,0.0,0.0,0.0,2670.0,55.625,36000.0,0.0,,pass,pass
6400.0,low,mission_flight,36000.0,0.0,0.0,0.0,2666.666667,55.555556,36000.0,0.0,,pass,pass
6410.0,low,mission_flight,36000.0,0.0,0.0,0.0,2663.333333,55.486111,36000.0,0.0,,pass,pass
6420.0,low,mission_flight,36000.0,0.0,0.0,0.0,2660.0,55.416667,36000.0,0.0,,pass,pass
6430.0,low,mission_flight,36000.0,0.0,0.0,0.0,2656.666667,55.347222,36000.0,0.0,,pass,pass
6440.0,low,mission_flight,36000.0,0.0,0.0,0.0,2653.333333,55.277778,36000.0,0.0,,pass,pass
6450.0,low,mission_flight,36000.0,0.0,0.0,0.0,2650.0,55.208333,36000.0,0.0,,pass,pass
6460.0,low,mission_flight,36000.0,0.0,0.0,0.0,2646.666667,55.138889,36000.0,0.0,,pass,pass
6470.0,low,mission_flight,36000.0,0.0,0.0,0.0,2643.333333,55.069444,36000.0,0.0,,pass,pass
6480.0,low,mission_flight,36000.0,0.0,0.0,0.0,2640.0,55.0,36000.0,0.0,,pass,pass
6490.0,low,mission_flight,36000.0,0.0,0.0,0.0,2636.666667,54.930556,36000.0,0.0,,pass,pass
6500.0,low,mission_flight,36000.0,0.0,0.0,0.0,2633.333333,54.861111,36000.0,0.0,,pass,pass
6510.0,low,mission_flight,36000.0,0.0,0.0,0.0,2630.0,54.791667,36000.0,0.0,,pass,pass
6520.0,low,mission_flight,36000.0,0.0,0.0,0.0,2626.666667,54.722222,36000.0,0.0,,pass,pass
6530.0,low,mission_flight,36000.0,0.0,0.0,0.0,2623.333333,54.652778,36000.0,0.0,,pass,pass
6540.0,low,mission_flight,36000.0,0.0,0.0,0.0,2620.0,54.583333,36000.0,0.0,,pass,pass
6550.0,low,mission_flight,36000.0,0.0,0.0,0.0,2616.666667,54.513889,36000.0,0.0,,pass,pass
6560.0,low,mission_flight,36000.0,0.0,0.0,0.0,2613.333333,54.444444,36000.0,0.0,,pass,pass
6570.0,low,mission_flight,36000.0,0.0,0.0,0.0,2610.0,54.375,36000.0,0.0,,pass,pass
6580.0,low,mission_flight,36000.0,0.0,0.0,0.0,2606.666667,54.305556,36000.0,0.0,,pass,pass
6590.0,low,mission_flight,36000.0,0.0,0.0,0.0,2603.333333,54.236111,36000.0,0.0,,pass,pass
6600.0,low,mission_flight,36000.0,0.0,0.0,0.0,2600.0,54.166667,36000.0,0.0,,pass,pass
6610.0,low,mission_flight,36000.0,0.0,0.0,0.0,2596.666667,54.097222,36000.0,0.0,,pass,pass
6620.0,low,mission_flight,36000.0,0.0,0.0,0.0,2593.333333,54.027778,36000.0,0.0,,pass,pass
6630.0,low,mission_flight,36000.0,0.0,0.0,0.0,2590.0,53.958333,36000.0,0.0,,pass,pass
6640.0,low,mission_flight,36000.0,0.0,0.0,0.0,2586.666667,53.888889,36000.0,0.0,,pass,pass
6650.0,low,mission_flight,36000.0,0.0,0.0,0.0,2583.333333,53.819444,36000.0,0.0,,pass,pass
6660.0,low,mission_flight,36000.0,0.0,0.0,0.0,2580.0,53.75,36000.0,0.0,,pass,pass
6670.0,low,mission_flight,36000.0,0.0,0.0,0.0,2576.666667,53.680556,36000.0,0.0,,pass,pass
6680.0,low,mission_flight,36000.0,0.0,0.0,0.0,2573.333333,53.611111,36000.0,0.0,,pass,pass
6690.0,low,mission_flight,36000.0,0.0,0.0,0.0,2570.0,53.541667,36000.0,0.0,,pass,pass
6700.0,low,mission_flight,36000.0,0.0,0.0,0.0,2566.666667,53.472222,36000.0,0.0,,pass,pass
6710.0,low,mission_flight,36000.0,0.0,0.0,0.0,2563.333333,53.402778,36000.0,0.0,,pass,pass
6720.0,low,mission_flight,36000.0,0.0,0.0,0.0,2560.0,53.333333,36000.0,0.0,,pass,pass
6730.0,low,mission_flight,36000.0,0.0,0.0,0.0,2556.666667,53.263889,36000.0,0.0,,pass,pass
6740.0,low,mission_flight,36000.0,0.0,0.0,0.0,2553.333333,53.194444,36000.0,0.0,,pass,pass
6750.0,low,mission_flight,36000.0,0.0,0.0,0.0,2550.0,53.125,36000.0,0.0,,pass,pass
6760.0,low,mission_flight,36000.0,0.0,0.0,0.0,2546.666667,53.055556,36000.0,0.0,,pass,pass
6770.0,low,mission_flight,36000.0,0.0,0.0,0.0,2543.333333,52.986111,36000.0,0.0,,pass,pass
6780.0,low,mission_flight,36000.0,0.0,0.0,0.0,2540.0,52.916667,36000.0,0.0,,pass,pass
6790.0,low,mission_flight,36000.0,0.0,0.0,0.0,2536.666667,52.847222,36000.0,0.0,,pass,pass
6800.0,low,mission_flight,36000.0,0.0,0.0,0.0,2533.333333,52.777778,36000.0,0.0,,pass,pass
6810.0,low,mission_flight,36000.0,0.0,0.0,0.0,2530.0,52.708333,36000.0,0.0,,pass,pass
6820.0,low,mission_flight,36000.0,0.0,0.0,0.0,2526.666667,52.638889,36000.0,0.0,,pass,pass
6830.0,low,mission_flight,36000.0,0.0,0.0,0.0,2523.333333,52.569444,36000.0,0.0,,pass,pass
6840.0,low,mission_flight,36000.0,0.0,0.0,0.0,2520.0,52.5,36000.0,0.0,,pass,pass
6850.0,low,mission_flight,36000.0,0.0,0.0,0.0,2516.666667,52.430556,36000.0,0.0,,pass,pass
6860.0,low,mission_flight,36000.0,0.0,0.0,0.0,2513.333333,52.361111,36000.0,0.0,,pass,pass
6870.0,low,mission_flight,36000.0,0.0,0.0,0.0,2510.0,52.291667,36000.0,0.0,,pass,pass
6880.0,low,mission_flight,36000.0,0.0,0.0,0.0,2506.666667,52.222222,36000.0,0.0,,pass,pass
6890.0,low,mission_flight,36000.0,0.0,0.0,0.0,2503.333333,52.152778,36000.0,0.0,,pass,pass
6900.0,low,mission_flight,36000.0,0.0,0.0,0.0,2500.0,52.083333,36000.0,0.0,,pass,pass
6910.0,low,mission_flight,36000.0,0.0,0.0,0.0,2496.666667,52.013889,36000.0,0.0,,pass,pass
6920.0,low,mission_flight,36000.0,0.0,0.0,0.0,2493.333333,51.944444,36000.0,0.0,,pass,pass
6930.0,low,mission_flight,36000.0,0.0,0.0,0.0,2490.0,51.875,36000.0,0.0,,pass,pass
6940.0,low,mission_flight,36000.0,0.0,0.0,0.0,2486.666667,51.805556,36000.0,0.0,,pass,pass
6950.0,low,mission_flight,36000.0,0.0,0.0,0.0,2483.333333,51.736111,36000.0,0.0,,pass,pass
6960.0,low,mission_flight,36000.0,0.0,0.0,0.0,2480.0,51.666667,36000.0,0.0,,pass,pass
6970.0,low,mission_flight,36000.0,0.0,0.0,0.0,2476.666667,51.597222,36000.0,0.0,,pass,pass
6980.0,low,mission_flight,36000.0,0.0,0.0,0.0,2473.333333,51.527778,36000.0,0.0,,pass,pass
6990.0,low,mission_flight,36000.0,0.0,0.0,0.0,2470.0,51.458333,36000.0,0.0,,pass,pass
7000.0,low,mission_flight,36000.0,0.0,0.0,0.0,2466.666667,51.388889,36000.0,0.0,,pass,pass
7010.0,low,mission_flight,36000.0,0.0,0.0,0.0,2463.333333,51.319444,36000.0,0.0,,pass,pass
7020.0,low,mission_flight,36000.0,0.0,0.0,0.0,2460.0,51.25,36000.0,0.0,,pass,pass
7030.0,low,mission_flight,36000.0,0.0,0.0,0.0,2456.666667,51.180556,36000.0,0.0,,pass,pass
7040.0,low,mission_flight,36000.0,0.0,0.0,0.0,2453.333333,51.111111,36000.0,0.0,,pass,pass
7050.0,low,mission_flight,36000.0,0.0,0.0,0.0,2450.0,51.041667,36000.0,0.0,,pass,pass
7060.0,low,mission_flight,36000.0,0.0,0.0,0.0,2446.666667,50.972222,36000.0,0.0,,pass,pass
7070.0,low,mission_flight,36000.0,0.0,0.0,0.0,2443.333333,50.902778,36000.0,0.0,,pass,pass
7080.0,low,mission_flight,36000.0,0.0,0.0,0.0,2440.0,50.833333,36000.0,0.0,,pass,pass
7090.0,low,mission_flight,36000.0,0.0,0.0,0.0,2436.666667,50.763889,36000.0,0.0,,pass,pass
7100.0,low,mission_flight,36000.0,0.0,0.0,0.0,2433.333333,50.694444,36000.0,0.0,,pass,pass
7110.0,low,mission_flight,36000.0,0.0,0.0,0.0,2430.0,50.625,36000.0,0.0,,pass,pass
7120.0,low,mission_flight,36000.0,0.0,0.0,0.0,2426.666667,50.555556,36000.0,0.0,,pass,pass
7130.0,low,mission_flight,36000.0,0.0,0.0,0.0,2423.333333,50.486111,36000.0,0.0,,pass,pass
7140.0,low,mission_flight,36000.0,0.0,0.0,0.0,2420.0,50.416667,36000.0,0.0,,pass,pass
7150.0,low,mission_flight,36000.0,0.0,0.0,0.0,2416.666667,50.347222,36000.0,0.0,,pass,pass
7160.0,low,mission_flight,36000.0,0.0,0.0,0.0,2413.333333,50.277778,36000.0,0.0,,pass,pass
7170.0,low,mission_flight,36000.0,0.0,0.0,0.0,2410.0,50.208333,36000.0,0.0,,pass,pass
7180.0,low,mission_flight,36000.0,0.0,0.0,0.0,2406.666667,50.138889,36000.0,0.0,,pass,pass
7190.0,low,mission_flight,36000.0,0.0,0.0,0.0,2403.333333,50.069444,36000.0,0.0,,pass,pass
7200.0,low,mission_flight,36000.0,0.0,0.0,0.0,2400.0,50.0,36000.0,0.0,,pass,pass
7210.0,low,mission_flight,36000.0,0.0,0.0,0.0,2396.666667,49.930556,36000.0,0.0,,pass,pass
7220.0,low,mission_flight,36000.0,0.0,0.0,0.0,2393.333333,49.861111,36000.0,0.0,,pass,pass
7230.0,low,mission_flight,36000.0,0.0,0.0,0.0,2390.0,49.791667,36000.0,0.0,,pass,pass
7240.0,low,mission_flight,36000.0,0.0,0.0,0.0,2386.666667,49.722222,36000.0,0.0,,pass,pass
7250.0,low,mission_flight,36000.0,0.0,0.0,0.0,2383.333333,49.652778,36000.0,0.0,,pass,pass
7260.0,low,mission_flight,36000.0,0.0,0.0,0.0,2380.0,49.583333,36000.0,0.0,,pass,pass
7270.0,low,mission_flight,36000.0,0.0,0.0,0.0,2376.666667,49.513889,36000.0,0.0,,pass,pass
7280.0,low,mission_flight,36000.0,0.0,0.0,0.0,2373.333333,49.444444,36000.0,0.0,,pass,pass
7290.0,low,mission_flight,36000.0,0.0,0.0,0.0,2370.0,49.375,36000.0,0.0,,pass,pass
7300.0,low,mission_flight,36000.0,0.0,0.0,0.0,2366.666667,49.305556,36000.0,0.0,,pass,pass
7310.0,low,mission_flight,36000.0,0.0,0.0,0.0,2363.333333,49.236111,36000.0,0.0,,pass,pass
7320.0,low,mission_flight,36000.0,0.0,0.0,0.0,2360.0,49.166667,36000.0,0.0,,pass,pass
7330.0,low,mission_flight,36000.0,0.0,0.0,0.0,2356.666667,49.097222,36000.0,0.0,,pass,pass
7340.0,low,mission_flight,36000.0,0.0,0.0,0.0,2353.333333,49.027778,36000.0,0.0,,pass,pass
7350.0,low,mission_flight,36000.0,0.0,0.0,0.0,2350.0,48.958333,36000.0,0.0,,pass,pass
7360.0,low,mission_flight,36000.0,0.0,0.0,0.0,2346.666667,48.888889,36000.0,0.0,,pass,pass
7370.0,low,mission_flight,36000.0,0.0,0.0,0.0,2343.333333,48.819444,36000.0,0.0,,pass,pass
7380.0,low,mission_flight,36000.0,0.0,0.0,0.0,2340.0,48.75,36000.0,0.0,,pass,pass
7390.0,low,mission_flight,36000.0,0.0,0.0,0.0,2336.666667,48.680556,36000.0,0.0,,pass,pass
7400.0,low,mission_flight,36000.0,0.0,0.0,0.0,2333.333333,48.611111,36000.0,0.0,,pass,pass
7410.0,low,mission_flight,36000.0,0.0,0.0,0.0,2330.0,48.541667,36000.0,0.0,,pass,pass
7420.0,low,mission_flight,36000.0,0.0,0.0,0.0,2326.666667,48.472222,36000.0,0.0,,pass,pass
7430.0,low,mission_flight,36000.0,0.0,0.0,0.0,2323.333333,48.402778,36000.0,0.0,,pass,pass
7440.0,low,mission_flight,36000.0,0.0,0.0,0.0,2320.0,48.333333,36000.0,0.0,,pass,pass
7450.0,low,mission_flight,36000.0,0.0,0.0,0.0,2316.666667,48.263889,36000.0,0.0,,pass,pass
7460.0,low,mission_flight,36000.0,0.0,0.0,0.0,2313.333333,48.194444,36000.0,0.0,,pass,pass
7470.0,low,mission_flight,36000.0,0.0,0.0,0.0,2310.0,48.125,36000.0,0.0,,pass,pass
7480.0,low,mission_flight,36000.0,0.0,0.0,0.0,2306.666667,48.055556,36000.0,0.0,,pass,pass
7490.0,low,mission_flight,36000.0,0.0,0.0,0.0,2303.333333,47.986111,36000.0,0.0,,pass,pass
7500.0,low,mission_flight,36000.0,0.0,0.0,0.0,2300.0,47.916667,36000.0,0.0,,pass,pass
7510.0,low,mission_flight,36000.0,0.0,0.0,0.0,2296.666667,47.847222,36000.0,0.0,,pass,pass
7520.0,low,mission_flight,36000.0,0.0,0.0,0.0,2293.333333,47.777778,36000.0,0.0,,pass,pass
7530.0,low,mission_flight,36000.0,0.0,0.0,0.0,2290.0,47.708333,36000.0,0.0,,pass,pass
7540.0,low,mission_flight,36000.0,0.0,0.0,0.0,2286.666667,47.638889,36000.0,0.0,,pass,pass
7550.0,low,mission_flight,36000.0,0.0,0.0,0.0,2283.333333,47.569444,36000.0,0.0,,pass,pass
7560.0,low,mission_flight,36000.0,0.0,0.0,0.0,2280.0,47.5,36000.0,0.0,,pass,pass
7570.0,low,mission_flight,36000.0,0.0,0.0,0.0,2276.666667,47.430556,36000.0,0.0,,pass,pass
7580.0,low,mission_flight,36000.0,0.0,0.0,0.0,2273.333333,47.361111,36000.0,0.0,,pass,pass
7590.0,low,mission_flight,36000.0,0.0,0.0,0.0,2270.0,47.291667,36000.0,0.0,,pass,pass
7600.0,low,mission_flight,36000.0,0.0,0.0,0.0,2266.666667,47.222222,36000.0,0.0,,pass,pass
7610.0,low,mission_flight,36000.0,0.0,0.0,0.0,2263.333333,47.152778,36000.0,0.0,,pass,pass
7620.0,low,mission_flight,36000.0,0.0,0.0,0.0,2260.0,47.083333,36000.0,0.0,,pass,pass
7630.0,low,mission_flight,36000.0,0.0,0.0,0.0,2256.666667,47.013889,36000.0,0.0,,pass,pass
7640.0,low,mission_flight,36000.0,0.0,0.0,0.0,2253.333333,46.944444,36000.0,0.0,,pass,pass
7650.0,low,mission_flight,36000.0,0.0,0.0,0.0,2250.0,46.875,36000.0,0.0,,pass,pass
7660.0,low,mission_flight,36000.0,0.0,0.0,0.0,2246.666667,46.805556,36000.0,0.0,,pass,pass
7670.0,low,mission_flight,36000.0,0.0,0.0,0.0,2243.333333,46.736111,36000.0,0.0,,pass,pass
7680.0,low,mission_flight,36000.0,0.0,0.0,0.0,2240.0,46.666667,36000.0,0.0,,pass,pass
7690.0,low,mission_flight,36000.0,0.0,0.0,0.0,2236.666667,46.597222,36000.0,0.0,,pass,pass
7700.0,low,mission_flight,36000.0,0.0,0.0,0.0,2233.333333,46.527778,36000.0,0.0,,pass,pass
7710.0,low,mission_flight,36000.0,0.0,0.0,0.0,2230.0,46.458333,36000.0,0.0,,pass,pass
7720.0,low,mission_flight,36000.0,0.0,0.0,0.0,2226.666667,46.388889,36000.0,0.0,,pass,pass
7730.0,low,mission_flight,36000.0,0.0,0.0,0.0,2223.333333,46.319444,36000.0,0.0,,pass,pass
7740.0,low,mission_flight,36000.0,0.0,0.0,0.0,2220.0,46.25,36000.0,0.0,,pass,pass
7750.0,low,mission_flight,36000.0,0.0,0.0,0.0,2216.666667,46.180556,36000.0,0.0,,pass,pass
7760.0,low,mission_flight,36000.0,0.0,0.0,0.0,2213.333333,46.111111,36000.0,0.0,,pass,pass
7770.0,low,mission_flight,36000.0,0.0,0.0,0.0,2210.0,46.041667,36000.0,0.0,,pass,pass
7780.0,low,mission_flight,36000.0,0.0,0.0,0.0,2206.666667,45.972222,36000.0,0.0,,pass,pass
7790.0,low,mission_flight,36000.0,0.0,0.0,0.0,2203.333333,45.902778,36000.0,0.0,,pass,pass
7800.0,low,mission_flight,36000.0,0.0,0.0,0.0,2200.0,45.833333,36000.0,0.0,,pass,pass
7810.0,low,mission_flight,36000.0,0.0,0.0,0.0,2196.666667,45.763889,36000.0,0.0,,pass,pass
7820.0,low,mission_flight,36000.0,0.0,0.0,0.0,2193.333333,45.694444,36000.0,0.0,,pass,pass
7830.0,low,mission_flight,36000.0,0.0,0.0,0.0,2190.0,45.625,36000.0,0.0,,pass,pass
7840.0,low,mission_flight,36000.0,0.0,0.0,0.0,2186.666667,45.555556,36000.0,0.0,,pass,pass
7850.0,low,mission_flight,36000.0,0.0,0.0,0.0,2183.333333,45.486111,36000.0,0.0,,pass,pass
7860.0,low,mission_flight,36000.0,0.0,0.0,0.0,2180.0,45.416667,36000.0,0.0,,pass,pass
7870.0,low,mission_flight,36000.0,0.0,0.0,0.0,2176.666667,45.347222,36000.0,0.0,,pass,pass
7880.0,low,mission_flight,36000.0,0.0,0.0,0.0,2173.333333,45.277778,36000.0,0.0,,pass,pass
7890.0,low,mission_flight,36000.0,0.0,0.0,0.0,2170.0,45.208333,36000.0,0.0,,pass,pass
7900.0,low,mission_flight,36000.0,0.0,0.0,0.0,2166.666667,45.138889,36000.0,0.0,,pass,pass
7910.0,low,mission_flight,36000.0,0.0,0.0,0.0,2163.333333,45.069444,36000.0,0.0,,pass,pass
7920.0,low,mission_flight,36000.0,0.0,0.0,0.0,2160.0,45.0,36000.0,0.0,,pass,pass
7930.0,low,mission_flight,36000.0,0.0,0.0,0.0,2156.666667,44.930556,36000.0,0.0,,pass,pass
7940.0,low,mission_flight,36000.0,0.0,0.0,0.0,2153.333333,44.861111,36000.0,0.0,,pass,pass
7950.0,low,mission_flight,36000.0,0.0,0.0,0.0,2150.0,44.791667,36000.0,0.0,,pass,pass
7960.0,low,mission_flight,36000.0,0.0,0.0,0.0,2146.666667,44.722222,36000.0,0.0,,pass,pass
7970.0,low,mission_flight,36000.0,0.0,0.0,0.0,2143.333333,44.652778,36000.0,0.0,,pass,pass
7980.0,low,mission_flight,36000.0,0.0,0.0,0.0,2140.0,44.583333,36000.0,0.0,,pass,pass
7990.0,low,mission_flight,36000.0,0.0,0.0,0.0,2136.666667,44.513889,36000.0,0.0,,pass,pass
8000.0,low,mission_flight,36000.0,0.0,0.0,0.0,2133.333333,44.444444,36000.0,0.0,,pass,pass
8010.0,low,mission_flight,36000.0,0.0,0.0,0.0,2130.0,44.375,36000.0,0.0,,pass,pass
8020.0,low,mission_flight,36000.0,0.0,0.0,0.0,2126.666667,44.305556,36000.0,0.0,,pass,pass
8030.0,low,mission_flight,36000.0,0.0,0.0,0.0,2123.333333,44.236111,36000.0,0.0,,pass,pass
8040.0,low,mission_flight,36000.0,0.0,0.0,0.0,2120.0,44.166667,36000.0,0.0,,pass,pass
8050.0,low,mission_flight,36000.0,0.0,0.0,0.0,2116.666667,44.097222,36000.0,0.0,,pass,pass
8060.0,low,mission_flight,36000.0,0.0,0.0,0.0,2113.333333,44.027778,36000.0,0.0,,pass,pass
8070.0,low,mission_flight,36000.0,0.0,0.0,0.0,2110.0,43.958333,36000.0,0.0,,pass,pass
8080.0,low,mission_flight,36000.0,0.0,0.0,0.0,2106.666667,43.888889,36000.0,0.0,,pass,pass
8090.0,low,mission_flight,36000.0,0.0,0.0,0.0,2103.333333,43.819444,36000.0,0.0,,pass,pass
8100.0,low,mission_flight,36000.0,0.0,0.0,0.0,2100.0,43.75,36000.0,0.0,,pass,pass
8110.0,low,mission_flight,36000.0,0.0,0.0,0.0,2096.666667,43.680556,36000.0,0.0,,pass,pass
8120.0,low,mission_flight,36000.0,0.0,0.0,0.0,2093.333333,43.611111,36000.0,0.0,,pass,pass
8130.0,low,mission_flight,36000.0,0.0,0.0,0.0,2090.0,43.541667,36000.0,0.0,,pass,pass
8140.0,low,mission_flight,36000.0,0.0,0.0,0.0,2086.666667,43.472222,36000.0,0.0,,pass,pass
8150.0,low,mission_flight,36000.0,0.0,0.0,0.0,2083.333333,43.402778,36000.0,0.0,,pass,pass
8160.0,low,mission_flight,36000.0,0.0,0.0,0.0,2080.0,43.333333,36000.0,0.0,,pass,pass
8170.0,low,mission_flight,36000.0,0.0,0.0,0.0,2076.666667,43.263889,36000.0,0.0,,pass,pass
8180.0,low,mission_flight,36000.0,0.0,0.0,0.0,2073.333333,43.194444,36000.0,0.0,,pass,pass
8190.0,low,mission_flight,36000.0,0.0,0.0,0.0,2070.0,43.125,36000.0,0.0,,pass,pass
8200.0,low,mission_flight,36000.0,0.0,0.0,0.0,2066.666667,43.055556,36000.0,0.0,,pass,pass
8210.0,low,mission_flight,36000.0,0.0,0.0,0.0,2063.333333,42.986111,36000.0,0.0,,pass,pass
8220.0,low,mission_flight,36000.0,0.0,0.0,0.0,2060.0,42.916667,36000.0,0.0,,pass,pass
8230.0,low,mission_flight,36000.0,0.0,0.0,0.0,2056.666667,42.847222,36000.0,0.0,,pass,pass
8240.0,low,mission_flight,36000.0,0.0,0.0,0.0,2053.333333,42.777778,36000.0,0.0,,pass,pass
8250.0,low,mission_flight,36000.0,0.0,0.0,0.0,2050.0,42.708333,36000.0,0.0,,pass,pass
8260.0,low,mission_flight,36000.0,0.0,0.0,0.0,2046.666667,42.638889,36000.0,0.0,,pass,pass
8270.0,low,mission_flight,36000.0,0.0,0.0,0.0,2043.333333,42.569444,36000.0,0.0,,pass,pass
8280.0,low,mission_flight,36000.0,0.0,0.0,0.0,2040.0,42.5,36000.0,0.0,,pass,pass
8290.0,low,mission_flight,36000.0,0.0,0.0,0.0,2036.666667,42.430556,36000.0,0.0,,pass,pass
8300.0,low,mission_flight,36000.0,0.0,0.0,0.0,2033.333333,42.361111,36000.0,0.0,,pass,pass
8310.0,low,mission_flight,36000.0,0.0,0.0,0.0,2030.0,42.291667,36000.0,0.0,,pass,pass
8320.0,low,mission_flight,36000.0,0.0,0.0,0.0,2026.666667,42.222222,36000.0,0.0,,pass,pass
8330.0,low,mission_flight,36000.0,0.0,0.0,0.0,2023.333333,42.152778,36000.0,0.0,,pass,pass
8340.0,low,mission_flight,36000.0,0.0,0.0,0.0,2020.0,42.083333,36000.0,0.0,,pass,pass
8350.0,low,mission_flight,36000.0,0.0,0.0,0.0,2016.666667,42.013889,36000.0,0.0,,pass,pass
8360.0,low,mission_flight,36000.0,0.0,0.0,0.0,2013.333333,41.944444,36000.0,0.0,,pass,pass
8370.0,low,mission_flight,36000.0,0.0,0.0,0.0,2010.0,41.875,36000.0,0.0,,pass,pass
8380.0,low,mission_flight,36000.0,0.0,0.0,0.0,2006.666667,41.805556,36000.0,0.0,,pass,pass
8390.0,low,mission_flight,36000.0,0.0,0.0,0.0,2003.333333,41.736111,36000.0,0.0,,pass,pass
8400.0,low,mission_flight,36000.0,0.0,0.0,0.0,2000.0,41.666667,36000.0,0.0,,pass,pass
8410.0,low,mission_flight,36000.0,0.0,0.0,0.0,1996.666667,41.597222,36000.0,0.0,,pass,pass
8420.0,low,mission_flight,36000.0,0.0,0.0,0.0,1993.333333,41.527778,36000.0,0.0,,pass,pass
8430.0,low,mission_flight,36000.0,0.0,0.0,0.0,1990.0,41.458333,36000.0,0.0,,pass,pass
8440.0,low,mission_flight,36000.0,0.0,0.0,0.0,1986.666667,41.388889,36000.0,0.0,,pass,pass
8450.0,low,mission_flight,36000.0,0.0,0.0,0.0,1983.333333,41.319444,36000.0,0.0,,pass,pass
8460.0,low,mission_flight,36000.0,0.0,0.0,0.0,1980.0,41.25,36000.0,0.0,,pass,pass
8470.0,low,mission_flight,36000.0,0.0,0.0,0.0,1976.666667,41.180556,36000.0,0.0,,pass,pass
8480.0,low,mission_flight,36000.0,0.0,0.0,0.0,1973.333333,41.111111,36000.0,0.0,,pass,pass
8490.0,low,mission_flight,36000.0,0.0,0.0,0.0,1970.0,41.041667,36000.0,0.0,,pass,pass
8500.0,low,mission_flight,36000.0,0.0,0.0,0.0,1966.666667,40.972222,36000.0,0.0,,pass,pass
8510.0,low,mission_flight,36000.0,0.0,0.0,0.0,1963.333333,40.902778,36000.0,0.0,,pass,pass
8520.0,low,mission_flight,36000.0,0.0,0.0,0.0,1960.0,40.833333,36000.0,0.0,,pass,pass
8530.0,low,mission_flight,36000.0,0.0,0.0,0.0,1956.666667,40.763889,36000.0,0.0,,pass,pass
8540.0,low,mission_flight,36000.0,0.0,0.0,0.0,1953.333333,40.694444,36000.0,0.0,,pass,pass
8550.0,low,mission_flight,36000.0,0.0,0.0,0.0,1950.0,40.625,36000.0,0.0,,pass,pass
8560.0,low,mission_flight,36000.0,0.0,0.0,0.0,1946.666667,40.555556,36000.0,0.0,,pass,pass
8570.0,low,mission_flight,36000.0,0.0,0.0,0.0,1943.333333,40.486111,36000.0,0.0,,pass,pass
8580.0,low,mission_flight,36000.0,0.0,0.0,0.0,1940.0,40.416667,36000.0,0.0,,pass,pass
8590.0,low,mission_flight,36000.0,0.0,0.0,0.0,1936.666667,40.347222,36000.0,0.0,,pass,pass
8600.0,low,mission_flight,36000.0,0.0,0.0,0.0,1933.333333,40.277778,36000.0,0.0,,pass,pass
8610.0,low,mission_flight,36000.0,0.0,0.0,0.0,1930.0,40.208333,36000.0,0.0,,pass,pass
8620.0,low,mission_flight,36000.0,0.0,0.0,0.0,1926.666667,40.138889,36000.0,0.0,,pass,pass
8630.0,low,mission_flight,36000.0,0.0,0.0,0.0,1923.333333,40.069444,36000.0,0.0,,pass,pass
8640.0,low,mission_flight,36000.0,0.0,0.0,0.0,1920.0,40.0,36000.0,0.0,,pass,pass
8650.0,low,mission_flight,36000.0,0.0,0.0,0.0,1916.666667,39.930556,36000.0,0.0,,pass,pass
8660.0,low,mission_flight,36000.0,0.0,0.0,0.0,1913.333333,39.861111,36000.0,0.0,,pass,pass
8670.0,low,mission_flight,36000.0,0.0,0.0,0.0,1910.0,39.791667,36000.0,0.0,,pass,pass
8680.0,low,mission_flight,36000.0,0.0,0.0,0.0,1906.666667,39.722222,36000.0,0.0,,pass,pass
8690.0,low,mission_flight,36000.0,0.0,0.0,0.0,1903.333333,39.652778,36000.0,0.0,,pass,pass
8700.0,low,mission_flight,36000.0,0.0,0.0,0.0,1900.0,39.583333,36000.0,0.0,,pass,pass
8710.0,low,mission_flight,36000.0,0.0,0.0,0.0,1896.666667,39.513889,36000.0,0.0,,pass,pass
8720.0,low,mission_flight,36000.0,0.0,0.0,0.0,1893.333333,39.444444,36000.0,0.0,,pass,pass
8730.0,low,mission_flight,36000.0,0.0,0.0,0.0,1890.0,39.375,36000.0,0.0,,pass,pass
8740.0,low,mission_flight,36000.0,0.0,0.0,0.0,1886.666667,39.305556,36000.0,0.0,,pass,pass
8750.0,low,mission_flight,36000.0,0.0,0.0,0.0,1883.333333,39.236111,36000.0,0.0,,pass,pass
8760.0,low,mission_flight,36000.0,0.0,0.0,0.0,1880.0,39.166667,36000.0,0.0,,pass,pass
8770.0,low,mission_flight,36000.0,0.0,0.0,0.0,1876.666667,39.097222,36000.0,0.0,,pass,pass
8780.0,low,mission_flight,36000.0,0.0,0.0,0.0,1873.333333,39.027778,36000.0,0.0,,pass,pass
8790.0,low,mission_flight,36000.0,0.0,0.0,0.0,1870.0,38.958333,36000.0,0.0,,pass,pass
8800.0,low,mission_flight,36000.0,0.0,0.0,0.0,1866.666667,38.888889,36000.0,0.0,,pass,pass
8810.0,low,mission_flight,36000.0,0.0,0.0,0.0,1863.333333,38.819444,36000.0,0.0,,pass,pass
8820.0,low,mission_flight,36000.0,0.0,0.0,0.0,1860.0,38.75,36000.0,0.0,,pass,pass
8830.0,low,mission_flight,36000.0,0.0,0.0,0.0,1856.666667,38.680556,36000.0,0.0,,pass,pass
8840.0,low,mission_flight,36000.0,0.0,0.0,0.0,1853.333333,38.611111,36000.0,0.0,,pass,pass
8850.0,low,mission_flight,36000.0,0.0,0.0,0.0,1850.0,38.541667,36000.0,0.0,,pass,pass
8860.0,low,mission_flight,36000.0,0.0,0.0,0.0,1846.666667,38.472222,36000.0,0.0,,pass,pass
8870.0,low,mission_flight,36000.0,0.0,0.0,0.0,1843.333333,38.402778,36000.0,0.0,,pass,pass
8880.0,low,mission_flight,36000.0,0.0,0.0,0.0,1840.0,38.333333,36000.0,0.0,,pass,pass
8890.0,low,mission_flight,36000.0,0.0,0.0,0.0,1836.666667,38.263889,36000.0,0.0,,pass,pass
8900.0,low,mission_flight,36000.0,0.0,0.0,0.0,1833.333333,38.194444,36000.0,0.0,,pass,pass
8910.0,low,mission_flight,36000.0,0.0,0.0,0.0,1830.0,38.125,36000.0,0.0,,pass,pass
8920.0,low,mission_flight,36000.0,0.0,0.0,0.0,1826.666667,38.055556,36000.0,0.0,,pass,pass
8930.0,low,mission_flight,36000.0,0.0,0.0,0.0,1823.333333,37.986111,36000.0,0.0,,pass,pass
8940.0,low,mission_flight,36000.0,0.0,0.0,0.0,1820.0,37.916667,36000.0,0.0,,pass,pass
8950.0,low,mission_flight,36000.0,0.0,0.0,0.0,1816.666667,37.847222,36000.0,0.0,,pass,pass
8960.0,low,mission_flight,36000.0,0.0,0.0,0.0,1813.333333,37.777778,36000.0,0.0,,pass,pass
8970.0,low,mission_flight,36000.0,0.0,0.0,0.0,1810.0,37.708333,36000.0,0.0,,pass,pass
8980.0,low,mission_flight,36000.0,0.0,0.0,0.0,1806.666667,37.638889,36000.0,0.0,,pass,pass
8990.0,low,mission_flight,36000.0,0.0,0.0,0.0,1803.333333,37.569444,36000.0,0.0,,pass,pass
9000.0,low,mission_flight,36000.0,0.0,0.0,0.0,1800.0,37.5,36000.0,0.0,,pass,pass
9010.0,low,mission_flight,36000.0,0.0,0.0,0.0,1796.666667,37.430556,36000.0,0.0,,pass,pass
9020.0,low,mission_flight,36000.0,0.0,0.0,0.0,1793.333333,37.361111,36000.0,0.0,,pass,pass
9030.0,low,mission_flight,36000.0,0.0,0.0,0.0,1790.0,37.291667,36000.0,0.0,,pass,pass
9040.0,low,mission_flight,36000.0,0.0,0.0,0.0,1786.666667,37.222222,36000.0,0.0,,pass,pass
9050.0,low,mission_flight,36000.0,0.0,0.0,0.0,1783.333333,37.152778,36000.0,0.0,,pass,pass
9060.0,low,mission_flight,36000.0,0.0,0.0,0.0,1780.0,37.083333,36000.0,0.0,,pass,pass
9070.0,low,mission_flight,36000.0,0.0,0.0,0.0,1776.666667,37.013889,36000.0,0.0,,pass,pass
9080.0,low,mission_flight,36000.0,0.0,0.0,0.0,1773.333333,36.944444,36000.0,0.0,,pass,pass
9090.0,low,mission_flight,36000.0,0.0,0.0,0.0,1770.0,36.875,36000.0,0.0,,pass,pass
9100.0,low,mission_flight,36000.0,0.0,0.0,0.0,1766.666667,36.805556,36000.0,0.0,,pass,pass
9110.0,low,mission_flight,36000.0,0.0,0.0,0.0,1763.333333,36.736111,36000.0,0.0,,pass,pass
9120.0,low,mission_flight,36000.0,0.0,0.0,0.0,1760.0,36.666667,36000.0,0.0,,pass,pass
9130.0,low,mission_flight,36000.0,0.0,0.0,0.0,1756.666667,36.597222,36000.0,0.0,,pass,pass
9140.0,low,mission_flight,36000.0,0.0,0.0,0.0,1753.333333,36.527778,36000.0,0.0,,pass,pass
9150.0,low,mission_flight,36000.0,0.0,0.0,0.0,1750.0,36.458333,36000.0,0.0,,pass,pass
9160.0,low,mission_flight,36000.0,0.0,0.0,0.0,1746.666667,36.388889,36000.0,0.0,,pass,pass
9170.0,low,mission_flight,36000.0,0.0,0.0,0.0,1743.333333,36.319444,36000.0,0.0,,pass,pass
9180.0,low,mission_flight,36000.0,0.0,0.0,0.0,1740.0,36.25,36000.0,0.0,,pass,pass
9190.0,low,mission_flight,36000.0,0.0,0.0,0.0,1736.666667,36.180556,36000.0,0.0,,pass,pass
9200.0,low,mission_flight,36000.0,0.0,0.0,0.0,1733.333333,36.111111,36000.0,0.0,,pass,pass
9210.0,low,mission_flight,36000.0,0.0,0.0,0.0,1730.0,36.041667,36000.0,0.0,,pass,pass
9220.0,low,mission_flight,36000.0,0.0,0.0,0.0,1726.666667,35.972222,36000.0,0.0,,pass,pass
9230.0,low,mission_flight,36000.0,0.0,0.0,0.0,1723.333333,35.902778,36000.0,0.0,,pass,pass
9240.0,low,mission_flight,36000.0,0.0,0.0,0.0,1720.0,35.833333,36000.0,0.0,,pass,pass
9250.0,low,mission_flight,36000.0,0.0,0.0,0.0,1716.666667,35.763889,36000.0,0.0,,pass,pass
9260.0,low,mission_flight,36000.0,0.0,0.0,0.0,1713.333333,35.694444,36000.0,0.0,,pass,pass
9270.0,low,mission_flight,36000.0,0.0,0.0,0.0,1710.0,35.625,36000.0,0.0,,pass,pass
9280.0,low,mission_flight,36000.0,0.0,0.0,0.0,1706.666667,35.555556,36000.0,0.0,,pass,pass
9290.0,low,mission_flight,36000.0,0.0,0.0,0.0,1703.333333,35.486111,36000.0,0.0,,pass,pass
9300.0,low,mission_flight,36000.0,0.0,0.0,0.0,1700.0,35.416667,36000.0,0.0,,pass,pass
9310.0,low,mission_flight,36000.0,0.0,0.0,0.0,1696.666667,35.347222,36000.0,0.0,,pass,pass
9320.0,low,mission_flight,36000.0,0.0,0.0,0.0,1693.333333,35.277778,36000.0,0.0,,pass,pass
9330.0,low,mission_flight,36000.0,0.0,0.0,0.0,1690.0,35.208333,36000.0,0.0,,pass,pass
9340.0,low,mission_flight,36000.0,0.0,0.0,0.0,1686.666667,35.138889,36000.0,0.0,,pass,pass
9350.0,low,mission_flight,36000.0,0.0,0.0,0.0,1683.333333,35.069444,36000.0,0.0,,pass,pass
9360.0,low,mission_flight,36000.0,0.0,0.0,0.0,1680.0,35.0,36000.0,0.0,,pass,pass
9370.0,low,mission_flight,36000.0,0.0,0.0,0.0,1676.666667,34.930556,36000.0,0.0,,pass,pass
9380.0,low,mission_flight,36000.0,0.0,0.0,0.0,1673.333333,34.861111,36000.0,0.0,,pass,pass
9390.0,low,mission_flight,36000.0,0.0,0.0,0.0,1670.0,34.791667,36000.0,0.0,,pass,pass
9400.0,low,mission_flight,36000.0,0.0,0.0,0.0,1666.666667,34.722222,36000.0,0.0,,pass,pass
9410.0,low,mission_flight,36000.0,0.0,0.0,0.0,1663.333333,34.652778,36000.0,0.0,,pass,pass
9420.0,low,mission_flight,36000.0,0.0,0.0,0.0,1660.0,34.583333,36000.0,0.0,,pass,pass
9430.0,low,mission_flight,36000.0,0.0,0.0,0.0,1656.666667,34.513889,36000.0,0.0,,pass,pass
9440.0,low,mission_flight,36000.0,0.0,0.0,0.0,1653.333333,34.444444,36000.0,0.0,,pass,pass
9450.0,low,mission_flight,36000.0,0.0,0.0,0.0,1650.0,34.375,36000.0,0.0,,pass,pass
9460.0,low,mission_flight,36000.0,0.0,0.0,0.0,1646.666667,34.305556,36000.0,0.0,,pass,pass
9470.0,low,mission_flight,36000.0,0.0,0.0,0.0,1643.333333,34.236111,36000.0,0.0,,pass,pass
9480.0,low,mission_flight,36000.0,0.0,0.0,0.0,1640.0,34.166667,36000.0,0.0,,pass,pass
9490.0,low,mission_flight,36000.0,0.0,0.0,0.0,1636.666667,34.097222,36000.0,0.0,,pass,pass
9500.0,low,mission_flight,36000.0,0.0,0.0,0.0,1633.333333,34.027778,36000.0,0.0,,pass,pass
9510.0,low,mission_flight,36000.0,0.0,0.0,0.0,1630.0,33.958333,36000.0,0.0,,pass,pass
9520.0,low,mission_flight,36000.0,0.0,0.0,0.0,1626.666667,33.888889,36000.0,0.0,,pass,pass
9530.0,low,mission_flight,36000.0,0.0,0.0,0.0,1623.333333,33.819444,36000.0,0.0,,pass,pass
9540.0,low,mission_flight,36000.0,0.0,0.0,0.0,1620.0,33.75,36000.0,0.0,,pass,pass
9550.0,low,mission_flight,36000.0,0.0,0.0,0.0,1616.666667,33.680556,36000.0,0.0,,pass,pass
9560.0,low,mission_flight,36000.0,0.0,0.0,0.0,1613.333333,33.611111,36000.0,0.0,,pass,pass
9570.0,low,mission_flight,36000.0,0.0,0.0,0.0,1610.0,33.541667,36000.0,0.0,,pass,pass
9580.0,low,mission_flight,36000.0,0.0,0.0,0.0,1606.666667,33.472222,36000.0,0.0,,pass,pass
9590.0,low,mission_flight,36000.0,0.0,0.0,0.0,1603.333333,33.402778,36000.0,0.0,,pass,pass
9600.0,low,mission_flight,36000.0,0.0,0.0,0.0,1600.0,33.333333,36000.0,0.0,,pass,pass
9610.0,low,mission_flight,36000.0,0.0,0.0,0.0,1596.666667,33.263889,36000.0,0.0,,pass,pass
9620.0,low,mission_flight,36000.0,0.0,0.0,0.0,1593.333333,33.194444,36000.0,0.0,,pass,pass
9630.0,low,mission_flight,36000.0,0.0,0.0,0.0,1590.0,33.125,36000.0,0.0,,pass,pass
9640.0,low,mission_flight,36000.0,0.0,0.0,0.0,1586.666667,33.055556,36000.0,0.0,,pass,pass
9650.0,low,mission_flight,36000.0,0.0,0.0,0.0,1583.333333,32.986111,36000.0,0.0,,pass,pass
9660.0,low,mission_flight,36000.0,0.0,0.0,0.0,1580.0,32.916667,36000.0,0.0,,pass,pass
9670.0,low,mission_flight,36000.0,0.0,0.0,0.0,1576.666667,32.847222,36000.0,0.0,,pass,pass
9680.0,low,mission_flight,36000.0,0.0,0.0,0.0,1573.333333,32.777778,36000.0,0.0,,pass,pass
9690.0,low,mission_flight,36000.0,0.0,0.0,0.0,1570.0,32.708333,36000.0,0.0,,pass,pass
9700.0,low,mission_flight,36000.0,0.0,0.0,0.0,1566.666667,32.638889,36000.0,0.0,,pass,pass
9710.0,low,mission_flight,36000.0,0.0,0.0,0.0,1563.333333,32.569444,36000.0,0.0,,pass,pass
9720.0,low,mission_flight,36000.0,0.0,0.0,0.0,1560.0,32.5,36000.0,0.0,,pass,pass
9730.0,low,mission_flight,36000.0,0.0,0.0,0.0,1556.666667,32.430556,36000.0,0.0,,pass,pass
9740.0,low,mission_flight,36000.0,0.0,0.0,0.0,1553.333333,32.361111,36000.0,0.0,,pass,pass
9750.0,low,mission_flight,36000.0,0.0,0.0,0.0,1550.0,32.291667,36000.0,0.0,,pass,pass
9760.0,low,mission_flight,36000.0,0.0,0.0,0.0,1546.666667,32.222222,36000.0,0.0,,pass,pass
9770.0,low,mission_flight,36000.0,0.0,0.0,0.0,1543.333333,32.152778,36000.0,0.0,,pass,pass
9780.0,low,mission_flight,36000.0,0.0,0.0,0.0,1540.0,32.083333,36000.0,0.0,,pass,pass
9790.0,low,mission_flight,36000.0,0.0,0.0,0.0,1536.666667,32.013889,36000.0,0.0,,pass,pass
9800.0,low,mission_flight,36000.0,0.0,0.0,0.0,1533.333333,31.944444,36000.0,0.0,,pass,pass
9810.0,low,mission_flight,36000.0,0.0,0.0,0.0,1530.0,31.875,36000.0,0.0,,pass,pass
9820.0,low,mission_flight,36000.0,0.0,0.0,0.0,1526.666667,31.805556,36000.0,0.0,,pass,pass
9830.0,low,mission_flight,36000.0,0.0,0.0,0.0,1523.333333,31.736111,36000.0,0.0,,pass,pass
9840.0,low,mission_flight,36000.0,0.0,0.0,0.0,1520.0,31.666667,36000.0,0.0,,pass,pass
9850.0,low,mission_flight,36000.0,0.0,0.0,0.0,1516.666667,31.597222,36000.0,0.0,,pass,pass
9860.0,low,mission_flight,36000.0,0.0,0.0,0.0,1513.333333,31.527778,36000.0,0.0,,pass,pass
9870.0,low,mission_flight,36000.0,0.0,0.0,0.0,1510.0,31.458333,36000.0,0.0,,pass,pass
9880.0,low,mission_flight,36000.0,0.0,0.0,0.0,1506.666667,31.388889,36000.0,0.0,,pass,pass
9890.0,low,mission_flight,36000.0,0.0,0.0,0.0,1503.333333,31.319444,36000.0,0.0,,pass,pass
9900.0,low,mission_flight,36000.0,0.0,0.0,0.0,1500.0,31.25,36000.0,0.0,,pass,pass
9910.0,low,mission_flight,36000.0,0.0,0.0,0.0,1496.666667,31.180556,36000.0,0.0,,pass,pass
9920.0,low,mission_flight,36000.0,0.0,0.0,0.0,1493.333333,31.111111,36000.0,0.0,,pass,pass
9930.0,low,mission_flight,36000.0,0.0,0.0,0.0,1490.0,31.041667,36000.0,0.0,,pass,pass
9940.0,low,mission_flight,36000.0,0.0,0.0,0.0,1486.666667,30.972222,36000.0,0.0,,pass,pass
9950.0,low,mission_flight,36000.0,0.0,0.0,0.0,1483.333333,30.902778,36000.0,0.0,,pass,pass
9960.0,low,mission_flight,36000.0,0.0,0.0,0.0,1480.0,30.833333,36000.0,0.0,,pass,pass
9970.0,low,mission_flight,36000.0,0.0,0.0,0.0,1476.666667,30.763889,36000.0,0.0,,pass,pass
9980.0,low,mission_flight,36000.0,0.0,0.0,0.0,1473.333333,30.694444,36000.0,0.0,,pass,pass
9990.0,low,mission_flight,36000.0,0.0,0.0,0.0,1470.0,30.625,36000.0,0.0,,pass,pass
10000.0,low,mission_flight,36000.0,0.0,0.0,0.0,1466.666667,30.555556,36000.0,0.0,,pass,pass
10010.0,low,mission_flight,36000.0,0.0,0.0,0.0,1463.333333,30.486111,36000.0,0.0,,pass,pass
10020.0,low,mission_flight,36000.0,0.0,0.0,0.0,1460.0,30.416667,36000.0,0.0,,pass,pass
10030.0,low,mission_flight,36000.0,0.0,0.0,0.0,1456.666667,30.347222,36000.0,0.0,,pass,pass
10040.0,low,mission_flight,36000.0,0.0,0.0,0.0,1453.333333,30.277778,36000.0,0.0,,pass,pass
10050.0,low,mission_flight,36000.0,0.0,0.0,0.0,1450.0,30.208333,36000.0,0.0,,pass,pass
10060.0,low,mission_flight,36000.0,0.0,0.0,0.0,1446.666667,30.138889,36000.0,0.0,,pass,pass
10070.0,low,mission_flight,36000.0,0.0,0.0,0.0,1443.333333,30.069444,36000.0,0.0,,pass,pass
10080.0,low,mission_flight,36000.0,0.0,0.0,0.0,1440.0,30.0,36000.0,0.0,,pass,pass
10090.0,low,mission_flight,36000.0,0.0,0.0,0.0,1436.666667,29.930556,36000.0,0.0,,pass,pass
10100.0,low,mission_flight,36000.0,0.0,0.0,0.0,1433.333333,29.861111,36000.0,0.0,,pass,pass
10110.0,low,mission_flight,36000.0,0.0,0.0,0.0,1430.0,29.791667,36000.0,0.0,,pass,pass
10120.0,low,mission_flight,36000.0,0.0,0.0,0.0,1426.666667,29.722222,36000.0,0.0,,pass,pass
10130.0,low,mission_flight,36000.0,0.0,0.0,0.0,1423.333333,29.652778,36000.0,0.0,,pass,pass
10140.0,low,mission_flight,36000.0,0.0,0.0,0.0,1420.0,29.583333,36000.0,0.0,,pass,pass
10150.0,low,mission_flight,36000.0,0.0,0.0,0.0,1416.666667,29.513889,36000.0,0.0,,pass,pass
10160.0,low,mission_flight,36000.0,0.0,0.0,0.0,1413.333333,29.444444,36000.0,0.0,,pass,pass
10170.0,low,mission_flight,36000.0,0.0,0.0,0.0,1410.0,29.375,36000.0,0.0,,pass,pass
10180.0,low,mission_flight,36000.0,0.0,0.0,0.0,1406.666667,29.305556,36000.0,0.0,,pass,pass
10190.0,low,mission_flight,36000.0,0.0,0.0,0.0,1403.333333,29.236111,36000.0,0.0,,pass,pass
10200.0,low,mission_flight,36000.0,0.0,0.0,0.0,1400.0,29.166667,36000.0,0.0,,pass,pass
10210.0,low,mission_flight,36000.0,0.0,0.0,0.0,1396.666667,29.097222,36000.0,0.0,,pass,pass
10220.0,low,mission_flight,36000.0,0.0,0.0,0.0,1393.333333,29.027778,36000.0,0.0,,pass,pass
10230.0,low,mission_flight,36000.0,0.0,0.0,0.0,1390.0,28.958333,36000.0,0.0,,pass,pass
10240.0,low,mission_flight,36000.0,0.0,0.0,0.0,1386.666667,28.888889,36000.0,0.0,,pass,pass
10250.0,low,mission_flight,36000.0,0.0,0.0,0.0,1383.333333,28.819444,36000.0,0.0,,pass,pass
10260.0,low,mission_flight,36000.0,0.0,0.0,0.0,1380.0,28.75,36000.0,0.0,,pass,pass
10270.0,low,mission_flight,36000.0,0.0,0.0,0.0,1376.666667,28.680556,36000.0,0.0,,pass,pass
10280.0,low,mission_flight,36000.0,0.0,0.0,0.0,1373.333333,28.611111,36000.0,0.0,,pass,pass
10290.0,low,mission_flight,36000.0,0.0,0.0,0.0,1370.0,28.541667,36000.0,0.0,,pass,pass
10300.0,low,mission_flight,36000.0,0.0,0.0,0.0,1366.666667,28.472222,36000.0,0.0,,pass,pass
10310.0,low,mission_flight,36000.0,0.0,0.0,0.0,1363.333333,28.402778,36000.0,0.0,,pass,pass
10320.0,low,mission_flight,36000.0,0.0,0.0,0.0,1360.0,28.333333,36000.0,0.0,,pass,pass
10330.0,low,mission_flight,36000.0,0.0,0.0,0.0,1356.666667,28.263889,36000.0,0.0,,pass,pass
10340.0,low,mission_flight,36000.0,0.0,0.0,0.0,1353.333333,28.194444,36000.0,0.0,,pass,pass
10350.0,low,mission_flight,36000.0,0.0,0.0,0.0,1350.0,28.125,36000.0,0.0,,pass,pass
10360.0,low,mission_flight,36000.0,0.0,0.0,0.0,1346.666667,28.055556,36000.0,0.0,,pass,pass
10370.0,low,mission_flight,36000.0,0.0,0.0,0.0,1343.333333,27.986111,36000.0,0.0,,pass,pass
10380.0,low,mission_flight,36000.0,0.0,0.0,0.0,1340.0,27.916667,36000.0,0.0,,pass,pass
10390.0,low,mission_flight,36000.0,0.0,0.0,0.0,1336.666667,27.847222,36000.0,0.0,,pass,pass
10400.0,low,mission_flight,36000.0,0.0,0.0,0.0,1333.333333,27.777778,36000.0,0.0,,pass,pass
10410.0,low,mission_flight,36000.0,0.0,0.0,0.0,1330.0,27.708333,36000.0,0.0,,pass,pass
10420.0,low,mission_flight,36000.0,0.0,0.0,0.0,1326.666667,27.638889,36000.0,0.0,,pass,pass
10430.0,low,mission_flight,36000.0,0.0,0.0,0.0,1323.333333,27.569444,36000.0,0.0,,pass,pass
10440.0,low,mission_flight,36000.0,0.0,0.0,0.0,1320.0,27.5,36000.0,0.0,,pass,pass
10450.0,low,mission_flight,36000.0,0.0,0.0,0.0,1316.666667,27.430556,36000.0,0.0,,pass,pass
10460.0,low,mission_flight,36000.0,0.0,0.0,0.0,1313.333333,27.361111,36000.0,0.0,,pass,pass
10470.0,low,mission_flight,36000.0,0.0,0.0,0.0,1310.0,27.291667,36000.0,0.0,,pass,pass
10480.0,low,mission_flight,36000.0,0.0,0.0,0.0,1306.666667,27.222222,36000.0,0.0,,pass,pass
10490.0,low,mission_flight,36000.0,0.0,0.0,0.0,1303.333333,27.152778,36000.0,0.0,,pass,pass
10500.0,low,mission_flight,36000.0,0.0,0.0,0.0,1300.0,27.083333,36000.0,0.0,,pass,pass
10510.0,low,mission_flight,36000.0,0.0,0.0,0.0,1296.666667,27.013889,36000.0,0.0,,pass,pass
10520.0,low,mission_flight,36000.0,0.0,0.0,0.0,1293.333333,26.944444,36000.0,0.0,,pass,pass
10530.0,low,mission_flight,36000.0,0.0,0.0,0.0,1290.0,26.875,36000.0,0.0,,pass,pass
10540.0,low,mission_flight,36000.0,0.0,0.0,0.0,1286.666667,26.805556,36000.0,0.0,,pass,pass
10550.0,low,mission_flight,36000.0,0.0,0.0,0.0,1283.333333,26.736111,36000.0,0.0,,pass,pass
10560.0,low,mission_flight,36000.0,0.0,0.0,0.0,1280.0,26.666667,36000.0,0.0,,pass,pass
10570.0,low,mission_flight,36000.0,0.0,0.0,0.0,1276.666667,26.597222,36000.0,0.0,,pass,pass
10580.0,low,mission_flight,36000.0,0.0,0.0,0.0,1273.333333,26.527778,36000.0,0.0,,pass,pass
10590.0,low,mission_flight,36000.0,0.0,0.0,0.0,1270.0,26.458333,36000.0,0.0,,pass,pass
10600.0,low,mission_flight,36000.0,0.0,0.0,0.0,1266.666667,26.388889,36000.0,0.0,,pass,pass
10610.0,low,mission_flight,36000.0,0.0,0.0,0.0,1263.333333,26.319444,36000.0,0.0,,pass,pass
10620.0,low,mission_flight,36000.0,0.0,0.0,0.0,1260.0,26.25,36000.0,0.0,,pass,pass
10630.0,low,mission_flight,36000.0,0.0,0.0,0.0,1256.666667,26.180556,36000.0,0.0,,pass,pass
10640.0,low,mission_flight,36000.0,0.0,0.0,0.0,1253.333333,26.111111,36000.0,0.0,,pass,pass
10650.0,low,mission_flight,36000.0,0.0,0.0,0.0,1250.0,26.041667,36000.0,0.0,,pass,pass
10660.0,low,mission_flight,36000.0,0.0,0.0,0.0,1246.666667,25.972222,36000.0,0.0,,pass,pass
10670.0,low,mission_flight,36000.0,0.0,0.0,0.0,1243.333333,25.902778,36000.0,0.0,,pass,pass
10680.0,low,mission_flight,36000.0,0.0,0.0,0.0,1240.0,25.833333,36000.0,0.0,,pass,pass
10690.0,low,mission_flight,36000.0,0.0,0.0,0.0,1236.666667,25.763889,36000.0,0.0,,pass,pass
10700.0,low,mission_flight,36000.0,0.0,0.0,0.0,1233.333333,25.694444,36000.0,0.0,,pass,pass
10710.0,low,mission_flight,36000.0,0.0,0.0,0.0,1230.0,25.625,36000.0,0.0,,pass,pass
10720.0,low,mission_flight,36000.0,0.0,0.0,0.0,1226.666667,25.555556,36000.0,0.0,,pass,pass
10730.0,low,mission_flight,36000.0,0.0,0.0,0.0,1223.333333,25.486111,36000.0,0.0,,pass,pass
10740.0,low,mission_flight,36000.0,0.0,0.0,0.0,1220.0,25.416667,36000.0,0.0,,pass,pass
10750.0,low,mission_flight,36000.0,0.0,0.0,0.0,1216.666667,25.347222,36000.0,0.0,,pass,pass
10760.0,low,mission_flight,36000.0,0.0,0.0,0.0,1213.333333,25.277778,36000.0,0.0,,pass,pass
10770.0,low,mission_flight,36000.0,0.0,0.0,0.0,1210.0,25.208333,36000.0,0.0,,pass,pass
10780.0,low,mission_flight,36000.0,0.0,0.0,0.0,1206.666667,25.138889,36000.0,0.0,,pass,pass
10790.0,low,mission_flight,36000.0,0.0,0.0,0.0,1203.333333,25.069444,36000.0,0.0,,pass,pass
10800.0,low,mission_flight,36000.0,0.0,0.0,0.0,1200.0,25.0,36000.0,0.0,,pass,pass
10810.0,low,mission_flight,36000.0,0.0,0.0,0.0,1196.666667,24.930556,36000.0,0.0,,pass,pass
10820.0,low,mission_flight,36000.0,0.0,0.0,0.0,1193.333333,24.861111,36000.0,0.0,,pass,pass
10830.0,low,mission_flight,36000.0,0.0,0.0,0.0,1190.0,24.791667,36000.0,0.0,,pass,pass
10840.0,low,mission_flight,36000.0,0.0,0.0,0.0,1186.666667,24.722222,36000.0,0.0,,pass,pass
10850.0,low,mission_flight,36000.0,0.0,0.0,0.0,1183.333333,24.652778,36000.0,0.0,,pass,pass
10860.0,low,mission_flight,36000.0,0.0,0.0,0.0,1180.0,24.583333,36000.0,0.0,,pass,pass
10870.0,low,mission_flight,36000.0,0.0,0.0,0.0,1176.666667,24.513889,36000.0,0.0,,pass,pass
10880.0,low,mission_flight,36000.0,0.0,0.0,0.0,1173.333333,24.444444,36000.0,0.0,,pass,pass
10890.0,low,mission_flight,36000.0,0.0,0.0,0.0,1170.0,24.375,36000.0,0.0,,pass,pass
10900.0,low,mission_flight,36000.0,0.0,0.0,0.0,1166.666667,24.305556,36000.0,0.0,,pass,pass
10910.0,low,mission_flight,36000.0,0.0,0.0,0.0,1163.333333,24.236111,36000.0,0.0,,pass,pass
10920.0,low,mission_flight,36000.0,0.0,0.0,0.0,1160.0,24.166667,36000.0,0.0,,pass,pass
10930.0,low,mission_flight,36000.0,0.0,0.0,0.0,1156.666667,24.097222,36000.0,0.0,,pass,pass
10940.0,low,mission_flight,36000.0,0.0,0.0,0.0,1153.333333,24.027778,36000.0,0.0,,pass,pass
10950.0,low,mission_flight,36000.0,0.0,0.0,0.0,1150.0,23.958333,36000.0,0.0,,pass,pass
10960.0,low,mission_flight,36000.0,0.0,0.0,0.0,1146.666667,23.888889,36000.0,0.0,,pass,pass
10970.0,low,mission_flight,36000.0,0.0,0.0,0.0,1143.333333,23.819444,36000.0,0.0,,pass,pass
10980.0,low,mission_flight,36000.0,0.0,0.0,0.0,1140.0,23.75,36000.0,0.0,,pass,pass
10990.0,low,mission_flight,36000.0,0.0,0.0,0.0,1136.666667,23.680556,36000.0,0.0,,pass,pass
11000.0,low,mission_flight,36000.0,0.0,0.0,0.0,1133.333333,23.611111,36000.0,0.0,,pass,pass
11010.0,low,mission_flight,36000.0,0.0,0.0,0.0,1130.0,23.541667,36000.0,0.0,,pass,pass
11020.0,low,mission_flight,36000.0,0.0,0.0,0.0,1126.666667,23.472222,36000.0,0.0,,pass,pass
11030.0,low,mission_flight,36000.0,0.0,0.0,0.0,1123.333333,23.402778,36000.0,0.0,,pass,pass
11040.0,low,mission_flight,36000.0,0.0,0.0,0.0,1120.0,23.333333,36000.0,0.0,,pass,pass
11050.0,low,mission_flight,36000.0,0.0,0.0,0.0,1116.666667,23.263889,36000.0,0.0,,pass,pass
11060.0,low,mission_flight,36000.0,0.0,0.0,0.0,1113.333333,23.194444,36000.0,0.0,,pass,pass
11070.0,low,mission_flight,36000.0,0.0,0.0,0.0,1110.0,23.125,36000.0,0.0,,pass,pass
11080.0,low,mission_flight,36000.0,0.0,0.0,0.0,1106.666667,23.055556,36000.0,0.0,,pass,pass
11090.0,low,mission_flight,36000.0,0.0,0.0,0.0,1103.333333,22.986111,36000.0,0.0,,pass,pass
11100.0,low,mission_flight,36000.0,0.0,0.0,0.0,1100.0,22.916667,36000.0,0.0,,pass,pass
11110.0,low,mission_flight,36000.0,0.0,0.0,0.0,1096.666667,22.847222,36000.0,0.0,,pass,pass
11120.0,low,mission_flight,36000.0,0.0,0.0,0.0,1093.333333,22.777778,36000.0,0.0,,pass,pass
11130.0,low,mission_flight,36000.0,0.0,0.0,0.0,1090.0,22.708333,36000.0,0.0,,pass,pass
11140.0,low,mission_flight,36000.0,0.0,0.0,0.0,1086.666667,22.638889,36000.0,0.0,,pass,pass
11150.0,low,mission_flight,36000.0,0.0,0.0,0.0,1083.333333,22.569444,36000.0,0.0,,pass,pass
11160.0,low,mission_flight,36000.0,0.0,0.0,0.0,1080.0,22.5,36000.0,0.0,,pass,pass
11170.0,low,mission_flight,36000.0,0.0,0.0,0.0,1076.666667,22.430556,36000.0,0.0,,pass,pass
11180.0,low,mission_flight,36000.0,0.0,0.0,0.0,1073.333333,22.361111,36000.0,0.0,,pass,pass
11190.0,low,mission_flight,36000.0,0.0,0.0,0.0,1070.0,22.291667,36000.0,0.0,,pass,pass
11200.0,low,mission_flight,36000.0,0.0,0.0,0.0,1066.666667,22.222222,36000.0,0.0,,pass,pass
11210.0,low,mission_flight,36000.0,0.0,0.0,0.0,1063.333333,22.152778,36000.0,0.0,,pass,pass
11220.0,low,mission_flight,36000.0,0.0,0.0,0.0,1060.0,22.083333,36000.0,0.0,,pass,pass
11230.0,low,mission_flight,36000.0,0.0,0.0,0.0,1056.666667,22.013889,36000.0,0.0,,pass,pass
11240.0,low,mission_flight,36000.0,0.0,0.0,0.0,1053.333333,21.944444,36000.0,0.0,,pass,pass
11250.0,low,mission_flight,36000.0,0.0,0.0,0.0,1050.0,21.875,36000.0,0.0,,pass,pass
11260.0,low,mission_flight,36000.0,0.0,0.0,0.0,1046.666667,21.805556,36000.0,0.0,,pass,pass
11270.0,low,mission_flight,36000.0,0.0,0.0,0.0,1043.333333,21.736111,36000.0,0.0,,pass,pass
11280.0,low,mission_flight,36000.0,0.0,0.0,0.0,1040.0,21.666667,36000.0,0.0,,pass,pass
11290.0,low,mission_flight,36000.0,0.0,0.0,0.0,1036.666667,21.597222,36000.0,0.0,,pass,pass
11300.0,low,mission_flight,36000.0,0.0,0.0,0.0,1033.333333,21.527778,36000.0,0.0,,pass,pass
11310.0,low,mission_flight,36000.0,0.0,0.0,0.0,1030.0,21.458333,36000.0,0.0,,pass,pass
11320.0,low,mission_flight,36000.0,0.0,0.0,0.0,1026.666667,21.388889,36000.0,0.0,,pass,pass
11330.0,low,mission_flight,36000.0,0.0,0.0,0.0,1023.333333,21.319444,36000.0,0.0,,pass,pass
11340.0,low,mission_flight,36000.0,0.0,0.0,0.0,1020.0,21.25,36000.0,0.0,,pass,pass
11350.0,low,mission_flight,36000.0,0.0,0.0,0.0,1016.666667,21.180556,36000.0,0.0,,pass,pass
11360.0,low,mission_flight,36000.0,0.0,0.0,0.0,1013.333333,21.111111,36000.0,0.0,,pass,pass
11370.0,low,mission_flight,36000.0,0.0,0.0,0.0,1010.0,21.041667,36000.0,0.0,,pass,pass
11380.0,low,mission_flight,36000.0,0.0,0.0,0.0,1006.666667,20.972222,36000.0,0.0,,pass,pass
11390.0,low,mission_flight,36000.0,0.0,0.0,0.0,1003.333333,20.902778,36000.0,0.0,,pass,pass
11400.0,low,mission_flight,36000.0,0.0,0.0,0.0,1000.0,20.833333,36000.0,0.0,,pass,pass
11410.0,low,mission_flight,36000.0,0.0,0.0,0.0,996.666667,20.763889,36000.0,0.0,,pass,pass
11420.0,low,mission_flight,36000.0,0.0,0.0,0.0,993.333333,20.694444,36000.0,0.0,,pass,pass
11430.0,low,mission_flight,36000.0,0.0,0.0,0.0,990.0,20.625,36000.0,0.0,,pass,pass
11440.0,low,mission_flight,36000.0,0.0,0.0,0.0,986.666667,20.555556,36000.0,0.0,,pass,pass
11450.0,low,mission_flight,36000.0,0.0,0.0,0.0,983.333333,20.486111,36000.0,0.0,,pass,pass
11460.0,low,mission_flight,36000.0,0.0,0.0,0.0,980.0,20.416667,36000.0,0.0,,pass,pass
11470.0,low,mission_flight,36000.0,0.0,0.0,0.0,976.666667,20.347222,36000.0,0.0,,pass,pass
11480.0,low,mission_flight,36000.0,0.0,0.0,0.0,973.333333,20.277778,36000.0,0.0,,pass,pass
11490.0,low,mission_flight,36000.0,0.0,0.0,0.0,970.0,20.208333,36000.0,0.0,,pass,pass
11500.0,low,mission_flight,36000.0,0.0,0.0,0.0,966.666667,20.138889,36000.0,0.0,,pass,pass
11510.0,low,mission_flight,36000.0,0.0,0.0,0.0,963.333333,20.069444,36000.0,0.0,,pass,pass
11520.0,low,return_to_base,36000.0,0.0,0.0,25.0,960.0,20.0,36000.0,0.0,return_to_base_invoked,pass,pass
11530.0,low,return_to_base,35750.0,0.0,25.0,25.0,956.666667,19.930556,35750.0,250.0,,pass,pass
11540.0,low,return_to_base,35500.0,0.0,25.0,25.0,953.333333,19.861111,35500.0,500.0,,pass,pass
11550.0,low,return_to_base,35250.0,0.0,25.0,25.0,950.0,19.791667,35250.0,750.0,,pass,pass
11560.0,low,return_to_base,35000.0,0.0,25.0,25.0,946.666667,19.722222,35000.0,1000.0,,pass,pass
11570.0,low,return_to_base,34750.0,0.0,25.0,25.0,943.333333,19.652778,34750.0,1250.0,,pass,pass
11580.0,low,return_to_base,34500.0,0.0,25.0,25.0,940.0,19.583333,34500.0,1500.0,,pass,pass
11590.0,low,return_to_base,34250.0,0.0,25.0,25.0,936.666667,19.513889,34250.0,1750.0,,pass,pass
11600.0,low,return_to_base,34000.0,0.0,25.0,25.0,933.333333,19.444444,34000.0,2000.0,,pass,pass
11610.0,low,return_to_base,33750.0,0.0,25.0,25.0,930.0,19.375,33750.0,2250.0,,pass,pass
11620.0,low,return_to_base,33500.0,0.0,25.0,25.0,926.666667,19.305556,33500.0,2500.0,,pass,pass
11630.0,low,return_to_base,33250.0,0.0,25.0,25.0,923.333333,19.236111,33250.0,2750.0,,pass,pass
11640.0,low,return_to_base,33000.0,0.0,25.0,25.0,920.0,19.166667,33000.0,3000.0,,pass,pass
11650.0,low,return_to_base,32750.0,0.0,25.0,25.0,916.666667,19.097222,32750.0,3250.0,,pass,pass
11660.0,low,return_to_base,32500.0,0.0,25.0,25.0,913.333333,19.027778,32500.0,3500.0,,pass,pass
11670.0,low,return_to_base,32250.0,0.0,25.0,25.0,910.0,18.958333,32250.0,3750.0,,pass,pass
11680.0,low,return_to_base,32000.0,0.0,25.0,25.0,906.666667,18.888889,32000.0,4000.0,,pass,pass
11690.0,low,return_to_base,31750.0,0.0,25.0,25.0,903.333333,18.819444,31750.0,4250.0,,pass,pass
11700.0,low,return_to_base,31500.0,0.0,25.0,25.0,900.0,18.75,31500.0,4500.0,,pass,pass
11710.0,low,return_to_base,31250.0,0.0,25.0,25.0,896.666667,18.680556,31250.0,4750.0,,pass,pass
11720.0,low,return_to_base,31000.0,0.0,25.0,25.0,893.333333,18.611111,31000.0,5000.0,,pass,pass
11730.0,low,return_to_base,30750.0,0.0,25.0,25.0,890.0,18.541667,30750.0,5250.0,,pass,pass
11740.0,low,return_to_base,30500.0,0.0,25.0,25.0,886.666667,18.472222,30500.0,5500.0,,pass,pass
11750.0,low,return_to_base,30250.0,0.0,25.0,25.0,883.333333,18.402778,30250.0,5750.0,,pass,pass
11760.0,low,return_to_base,30000.0,0.0,25.0,25.0,880.0,18.333333,30000.0,6000.0,,pass,pass
11770.0,low,return_to_base,29750.0,0.0,25.0,25.0,876.666667,18.263889,29750.0,6250.0,,pass,pass
11780.0,low,return_to_base,29500.0,0.0,25.0,25.0,873.333333,18.194444,29500.0,6500.0,,pass,pass
11790.0,low,return_to_base,29250.0,0.0,25.0,25.0,870.0,18.125,29250.0,6750.0,,pass,pass
11800.0,low,return_to_base,29000.0,0.0,25.0,25.0,866.666667,18.055556,29000.0,7000.0,,pass,pass
11810.0,low,return_to_base,28750.0,0.0,25.0,25.0,863.333333,17.986111,28750.0,7250.0,,pass,pass
11820.0,low,return_to_base,28500.0,0.0,25.0,25.0,860.0,17.916667,28500.0,7500.0,,pass,pass
11830.0,low,return_to_base,28250.0,0.0,25.0,25.0,856.666667,17.847222,28250.0,7750.0,,pass,pass
11840.0,low,return_to_base,28000.0,0.0,25.0,25.0,853.333333,17.777778,28000.0,8000.0,,pass,pass
11850.0,low,return_to_base,27750.0,0.0,25.0,25.0,850.0,17.708333,27750.0,8250.0,,pass,pass
11860.0,low,return_to_base,27500.0,0.0,25.0,25.0,846.666667,17.638889,27500.0,8500.0,,pass,pass
11870.0,low,return_to_base,27250.0,0.0,25.0,25.0,843.333333,17.569444,27250.0,8750.0,,pass,pass
11880.0,low,return_to_base,27000.0,0.0,25.0,25.0,840.0,17.5,27000.0,9000.0,,pass,pass
11890.0,low,return_to_base,26750.0,0.0,25.0,25.0,836.666667,17.430556,26750.0,9250.0,,pass,pass
11900.0,low,return_to_base,26500.0,0.0,25.0,25.0,833.333333,17.361111,26500.0,9500.0,,pass,pass
11910.0,low,return_to_base,26250.0,0.0,25.0,25.0,830.0,17.291667,26250.0,9750.0,,pass,pass
11920.0,low,return_to_base,26000.0,0.0,25.0,25.0,826.666667,17.222222,26000.0,10000.0,,pass,pass
11930.0,low,return_to_base,25750.0,0.0,25.0,25.0,823.333333,17.152778,25750.0,10250.0,,pass,pass
11940.0,low,return_to_base,25500.0,0.0,25.0,25.0,820.0,17.083333,25500.0,10500.0,,pass,pass
11950.0,low,return_to_base,25250.0,0.0,25.0,25.0,816.666667,17.013889,25250.0,10750.0,,pass,pass
11960.0,low,return_to_base,25000.0,0.0,25.0,25.0,813.333333,16.944444,25000.0,11000.0,,pass,pass
11970.0,low,return_to_base,24750.0,0.0,25.0,25.0,810.0,16.875,24750.0,11250.0,,pass,pass
11980.0,low,return_to_base,24500.0,0.0,25.0,25.0,806.666667,16.805556,24500.0,11500.0,,pass,pass
11990.0,low,return_to_base,24250.0,0.0,25.0,25.0,803.333333,16.736111,24250.0,11750.0,,pass,pass
12000.0,low,return_to_base,24000.0,0.0,25.0,25.0,800.0,16.666667,24000.0,12000.0,,pass,pass
12010.0,low,return_to_base,23750.0,0.0,25.0,25.0,796.666667,16.597222,23750.0,12250.0,,pass,pass
12020.0,low,return_to_base,23500.0,0.0,25.0,25.0,793.333333,16.527778,23500.0,12500.0,,pass,pass
12030.0,low,return_to_base,23250.0,0.0,25.0,25.0,790.0,16.458333,23250.0,12750.0,,pass,pass
12040.0,low,return_to_base,23000.0,0.0,25.0,25.0,786.666667,16.388889,23000.0,13000.0,,pass,pass
12050.0,low,return_to_base,22750.0,0.0,25.0,25.0,783.333333,16.319444,22750.0,13250.0,,pass,pass
12060.0,low,return_to_base,22500.0,0.0,25.0,25.0,780.0,16.25,22500.0,13500.0,,pass,pass
12070.0,low,return_to_base,22250.0,0.0,25.0,25.0,776.666667,16.180556,22250.0,13750.0,,pass,pass
12080.0,low,return_to_base,22000.0,0.0,25.0,25.0,773.333333,16.111111,22000.0,14000.0,,pass,pass
12090.0,low,return_to_base,21750.0,0.0,25.0,25.0,770.0,16.041667,21750.0,14250.0,,pass,pass
12100.0,low,return_to_base,21500.0,0.0,25.0,25.0,766.666667,15.972222,21500.0,14500.0,,pass,pass
12110.0,low,return_to_base,21250.0,0.0,25.0,25.0,763.333333,15.902778,21250.0,14750.0,,pass,pass
12120.0,low,return_to_base,21000.0,0.0,25.0,25.0,760.0,15.833333,21000.0,15000.0,,pass,pass
12130.0,low,return_to_base,20750.0,0.0,25.0,25.0,756.666667,15.763889,20750.0,15250.0,,pass,pass
12140.0,low,return_to_base,20500.0,0.0,25.0,25.0,753.333333,15.694444,20500.0,15500.0,,pass,pass
12150.0,low,return_to_base,20250.0,0.0,25.0,25.0,750.0,15.625,20250.0,15750.0,,pass,pass
12160.0,low,return_to_base,20000.0,0.0,25.0,25.0,746.666667,15.555556,20000.0,16000.0,,pass,pass
12170.0,low,return_to_base,19750.0,0.0,25.0,25.0,743.333333,15.486111,19750.0,16250.0,,pass,pass
12180.0,low,return_to_base,19500.0,0.0,25.0,25.0,740.0,15.416667,19500.0,16500.0,,pass,pass
12190.0,low,return_to_base,19250.0,0.0,25.0,25.0,736.666667,15.347222,19250.0,16750.0,,pass,pass
12200.0,low,return_to_base,19000.0,0.0,25.0,25.0,733.333333,15.277778,19000.0,17000.0,,pass,pass
12210.0,low,return_to_base,18750.0,0.0,25.0,25.0,730.0,15.208333,18750.0,17250.0,,pass,pass
12220.0,low,return_to_base,18500.0,0.0,25.0,25.0,726.666667,15.138889,18500.0,17500.0,,pass,pass
12230.0,low,return_to_base,18250.0,0.0,25.0,25.0,723.333333,15.069444,18250.0,17750.0,,pass,pass
12240.0,low,return_to_base,18000.0,0.0,25.0,25.0,720.0,15.0,18000.0,18000.0,,pass,pass
12250.0,low,return_to_base,17750.0,0.0,25.0,25.0,716.666667,14.930556,17750.0,18250.0,,pass,pass
12260.0,low,return_to_base,17500.0,0.0,25.0,25.0,713.333333,14.861111,17500.0,18500.0,,pass,pass
12270.0,low,return_to_base,17250.0,0.0,25.0,25.0,710.0,14.791667,17250.0,18750.0,,pass,pass
12280.0,low,return_to_base,17000.0,0.0,25.0,25.0,706.666667,14.722222,17000.0,19000.0,,pass,pass
12290.0,low,return_to_base,16750.0,0.0,25.0,25.0,703.333333,14.652778,16750.0,19250.0,,pass,pass
12300.0,low,return_to_base,16500.0,0.0,25.0,25.0,700.0,14.583333,16500.0,19500.0,,pass,pass
12310.0,low,return_to_base,16250.0,0.0,25.0,25.0,696.666667,14.513889,16250.0,19750.0,,pass,pass
12320.0,low,return_to_base,16000.0,0.0,25.0,25.0,693.333333,14.444444,16000.0,20000.0,,pass,pass
12330.0,low,return_to_base,15750.0,0.0,25.0,25.0,690.0,14.375,15750.0,20250.0,,pass,pass
12340.0,low,return_to_base,15500.0,0.0,25.0,25.0,686.666667,14.305556,15500.0,20500.0,,pass,pass
12350.0,low,return_to_base,15250.0,0.0,25.0,25.0,683.333333,14.236111,15250.0,20750.0,,pass,pass
12360.0,low,return_to_base,15000.0,0.0,25.0,25.0,680.0,14.166667,15000.0,21000.0,,pass,pass
12370.0,low,return_to_base,14750.0,0.0,25.0,25.0,676.666667,14.097222,14750.0,21250.0,,pass,pass
12380.0,low,return_to_base,14500.0,0.0,25.0,25.0,673.333333,14.027778,14500.0,21500.0,,pass,pass
12390.0,low,return_to_base,14250.0,0.0,25.0,25.0,670.0,13.958333,14250.0,21750.0,,pass,pass
12400.0,low,return_to_base,14000.0,0.0,25.0,25.0,666.666667,13.888889,14000.0,22000.0,,pass,pass
12410.0,low,return_to_base,13750.0,0.0,25.0,25.0,663.333333,13.819444,13750.0,22250.0,,pass,pass
12420.0,low,return_to_base,13500.0,0.0,25.0,25.0,660.0,13.75,13500.0,22500.0,,pass,pass
12430.0,low,return_to_base,13250.0,0.0,25.0,25.0,656.666667,13.680556,13250.0,22750.0,,pass,pass
12440.0,low,return_to_base,13000.0,0.0,25.0,25.0,653.333333,13.611111,13000.0,23000.0,,pass,pass
12450.0,low,return_to_base,12750.0,0.0,25.0,25.0,650.0,13.541667,12750.0,23250.0,,pass,pass
12460.0,low,return_to_base,12500.0,0.0,25.0,25.0,646.666667,13.472222,12500.0,23500.0,,pass,pass
12470.0,low,return_to_base,12250.0,0.0,25.0,25.0,643.333333,13.402778,12250.0,23750.0,,pass,pass
12480.0,low,return_to_base,12000.0,0.0,25.0,25.0,640.0,13.333333,12000.0,24000.0,,pass,pass
12490.0,low,return_to_base,11750.0,0.0,25.0,25.0,636.666667,13.263889,11750.0,24250.0,,pass,pass
12500.0,low,return_to_base,11500.0,0.0,25.0,25.0,633.333333,13.194444,11500.0,24500.0,,pass,pass
12510.0,low,return_to_base,11250.0,0.0,25.0,25.0,630.0,13.125,11250.0,24750.0,,pass,pass
12520.0,low,return_to_base,11000.0,0.0,25.0,25.0,626.666667,13.055556,11000.0,25000.0,,pass,pass
12530.0,low,return_to_base,10750.0,0.0,25.0,25.0,623.333333,12.986111,10750.0,25250.0,,pass,pass
12540.0,low,return_to_base,10500.0,0.0,25.0,25.0,620.0,12.916667,10500.0,25500.0,,pass,pass
12550.0,low,return_to_base,10250.0,0.0,25.0,25.0,616.666667,12.847222,10250.0,25750.0,,pass,pass
12560.0,low,return_to_base,10000.0,0.0,25.0,25.0,613.333333,12.777778,10000.0,26000.0,,pass,pass
12570.0,low,return_to_base,9750.0,0.0,25.0,25.0,610.0,12.708333,9750.0,26250.0,,pass,pass
12580.0,low,return_to_base,9500.0,0.0,25.0,25.0,606.666667,12.638889,9500.0,26500.0,,pass,pass
12590.0,low,return_to_base,9250.0,0.0,25.0,25.0,603.333333,12.569444,9250.0,26750.0,,pass,pass
12600.0,low,return_to_base,9000.0,0.0,25.0,25.0,600.0,12.5,9000.0,27000.0,,pass,pass
12610.0,low,return_to_base,8750.0,0.0,25.0,25.0,596.666667,12.430556,8750.0,27250.0,,pass,pass
12620.0,low,return_to_base,8500.0,0.0,25.0,25.0,593.333333,12.361111,8500.0,27500.0,,pass,pass
12630.0,low,return_to_base,8250.0,0.0,25.0,25.0,590.0,12.291667,8250.0,27750.0,,pass,pass
12640.0,low,return_to_base,8000.0,0.0,25.0,25.0,586.666667,12.222222,8000.0,28000.0,,pass,pass
12650.0,low,return_to_base,7750.0,0.0,25.0,25.0,583.333333,12.152778,7750.0,28250.0,,pass,pass
12660.0,low,return_to_base,7500.0,0.0,25.0,25.0,580.0,12.083333,7500.0,28500.0,,pass,pass
12670.0,low,return_to_base,7250.0,0.0,25.0,25.0,576.666667,12.013889,7250.0,28750.0,,pass,pass
12680.0,low,return_to_base,7000.0,0.0,25.0,25.0,573.333333,11.944444,7000.0,29000.0,,pass,pass
12690.0,low,return_to_base,6750.0,0.0,25.0,25.0,570.0,11.875,6750.0,29250.0,,pass,pass
12700.0,low,return_to_base,6500.0,0.0,25.0,25.0,566.666667,11.805556,6500.0,29500.0,,pass,pass
12710.0,low,return_to_base,6250.0,0.0,25.0,25.0,563.333333,11.736111,6250.0,29750.0,,pass,pass
12720.0,low,return_to_base,6000.0,0.0,25.0,25.0,560.0,11.666667,6000.0,30000.0,,pass,pass
12730.0,low,return_to_base,5750.0,0.0,25.0,25.0,556.666667,11.597222,5750.0,30250.0,,pass,pass
12740.0,low,return_to_base,5500.0,0.0,25.0,25.0,553.333333,11.527778,5500.0,30500.0,,pass,pass
12750.0,low,return_to_base,5250.0,0.0,25.0,25.0,550.0,11.458333,5250.0,30750.0,,pass,pass
12760.0,low,return_to_base,5000.0,0.0,25.0,25.0,546.666667,11.388889,5000.0,31000.0,,pass,pass
12770.0,low,return_to_base,4750.0,0.0,25.0,25.0,543.333333,11.319444,4750.0,31250.0,,pass,pass
12780.0,low,return_to_base,4500.0,0.0,25.0,25.0,540.0,11.25,4500.0,31500.0,,pass,pass
12790.0,low,return_to_base,4250.0,0.0,25.0,25.0,536.666667,11.180556,4250.0,31750.0,,pass,pass
12800.0,low,return_to_base,4000.0,0.0,25.0,25.0,533.333333,11.111111,4000.0,32000.0,,pass,pass
12810.0,low,return_to_base,3750.0,0.0,25.0,25.0,530.0,11.041667,3750.0,32250.0,,pass,pass
12820.0,low,return_to_base,3500.0,0.0,25.0,25.0,526.666667,10.972222,3500.0,32500.0,,pass,pass
12830.0,low,return_to_base,3250.0,0.0,25.0,25.0,523.333333,10.902778,3250.0,32750.0,,pass,pass
12840.0,low,return_to_base,3000.0,0.0,25.0,25.0,520.0,10.833333,3000.0,33000.0,,pass,pass
12850.0,low,return_to_base,2750.0,0.0,25.0,25.0,516.666667,10.763889,2750.0,33250.0,,pass,pass
12860.0,low,return_to_base,2500.0,0.0,25.0,25.0,513.333333,10.694444,2500.0,33500.0,,pass,pass
12870.0,low,return_to_base,2250.0,0.0,25.0,25.0,510.0,10.625,2250.0,33750.0,,pass,pass
12880.0,low,return_to_base,2000.0,0.0,25.0,25.0,506.666667,10.555556,2000.0,34000.0,,pass,pass
12890.0,low,return_to_base,1750.0,0.0,25.0,25.0,503.333333,10.486111,1750.0,34250.0,,pass,pass
12900.0,low,return_to_base,1500.0,0.0,25.0,25.0,500.0,10.416667,1500.0,34500.0,,pass,pass
12910.0,low,return_to_base,1250.0,0.0,25.0,25.0,496.666667,10.347222,1250.0,34750.0,,pass,pass
12920.0,low,return_to_base,1000.0,0.0,25.0,25.0,493.333333,10.277778,1000.0,35000.0,,pass,pass
12930.0,low,return_to_base,750.0,0.0,25.0,25.0,490.0,10.208333,750.0,35250.0,,pass,pass
12940.0,low,return_to_base,500.0,0.0,25.0,25.0,486.666667,10.138889,500.0,35500.0,,pass,pass
12950.0,low,return_to_base,250.0,0.0,25.0,25.0,483.333333,10.069444,250.0,35750.0,,pass,pass
12960.0,low,landed,0.0,0.0,0.0,0.0,480.0,10.0,0.0,36000.0,landed,pass,pass
