time_s,fidelity,state,x_m,y_m,ground_speed_mps,commanded_speed_mps,battery_energy_wh,battery_state_percent,distance_to_home_m,distance_to_waypoint_m,event,requirement_low_battery_return_status,requirement_max_speed_status
0.0,high,mission_flight,0.0,0.0,0.0,0.0,4800.0,100.0,0.0,36000.0,mission_started,pass,pass
0.0,high,preflight,0.0,0.0,0.0,0.0,4800.0,100.0,0.0,36000.0,,pass,pass
2.0,high,mission_flight,4.0,1.0,2.061553,25.0,4799.364,99.98675,4.123106,35996.000014,,pass,pass
4.0,high,mission_flight,16.0,1.999735,6.020786,25.0,4798.72,99.973333,16.124483,35984.000056,,pass,pass
6.0,high,mission_flight,36.0,2.998879,10.012471,25.0,4798.062667,99.959639,36.124691,35964.000125,,pass,pass
8.0,high,mission_flight,64.0,3.997004,14.008892,25.0,4797.386667,99.945556,64.124691,35936.000222,,pass,pass
10.0,high,mission_flight,100.0,4.99349,18.006894,25.0,4796.686667,99.930972,100.124597,35900.000348,,pass,pass
12.0,high,mission_flight,143.999999,5.987224,22.00561,25.0,4795.957333,99.915778,144.124413,35856.000501,,pass,pass
14.0,high,mission_flight,189.999998,6.978875,23.005343,25.0,4795.219833,99.900413,190.128125,35810.000682,,pass,pass
16.0,high,mission_flight,235.999997,7.96913,23.005328,25.0,4794.482333,99.885049,236.134508,35764.000891,,pass,pass
18.0,high,mission_flight,281.999996,8.957989,23.005313,25.0,4793.744833,99.869684,282.14224,35718.001127,,pass,pass
20.0,high,mission_flight,327.999994,9.945449,23.005298,25.0,4793.007333,99.854319,328.15074,35672.001392,,pass,pass
22.0,high,mission_flight,373.999992,10.931509,23.005283,25.0,4792.269833,99.838955,374.159715,35626.001685,,pass,pass
24.0,high,mission_flight,419.99999,11.916167,23.005268,25.0,4791.532333,99.82359,420.168998,35580.002005,,pass,pass
26.0,high,mission_flight,465.999987,12.899421,23.005252,25.0,4790.794833,99.808226,466.178489,35534.002354,,pass,pass
28.0,high,mission_flight,511.999984,13.881271,23.005237,25.0,4790.057333,99.792861,512.188123,35488.002731,,pass,pass
30.0,high,mission_flight,557.99998,14.861713,23.005222,25.0,4789.319833,99.777497,558.197858,35442.003136,,pass,pass
32.0,high,mission_flight,603.999976,15.840747,23.005206,25.0,4788.582333,99.762132,604.207663,35396.003569,,pass,pass
34.0,high,mission_flight,649.999971,16.81837,23.005191,25.0,4787.844833,99.746767,650.217517,35350.00403,,pass,pass
36.0,high,mission_flight,695.999965,17.794582,23.005176,25.0,4787.107333,99.731403,696.227404,35304.004519,,pass,pass
38.0,high,mission_flight,741.999959,18.76938,23.005161,25.0,4786.369833,99.716038,742.237313,35258.005037,,pass,pass
40.0,high,mission_flight,787.999952,19.742763,23.005145,25.0,4785.632333,99.700674,788.247233,35212.005583,,pass,pass
42.0,high,mission_flight,833.999944,20.714729,23.00513,25.0,4784.894833,99.685309,834.257158,35166.006157,,pass,pass
44.0,high,mission_flight,879.999935,21.685276,23.005114,25.0,4784.157333,99.669944,880.267083,35120.00676,,pass,pass
46.0,high,mission_flight,925.999926,22.654403,23.005099,25.0,4783.419833,99.65458,926.277002,35074.007391,,pass,pass
48.0,high,mission_flight,971.999915,23.622108,23.005084,25.0,4782.682333,99.639215,972.286912,35028.00805,,pass,pass
50.0,high,mission_flight,1017.999904,24.588389,23.005068,25.0,4781.944833,99.623851,1018.29681,34982.008738,,pass,pass
52.0,high,mission_flight,1063.999891,25.553244,23.005053,25.0,4781.207333,99.608486,1064.306693,34936.009454,,pass,pass
54.0,high,mission_flight,1109.999878,26.516673,23.005037,25.0,4780.469833,99.593122,1110.31656,34890.010198,,pass,pass
56.0,high,mission_flight,1155.999864,27.478672,23.005022,25.0,4779.732333,99.577757,1156.326408,34844.010971,,pass,pass
58.0,high,mission_flight,1201.999848,28.439241,23.005006,25.0,4778.994833,99.562392,1202.336236,34798.011773,,pass,pass
60.0,high,mission_flight,1247.999831,29.398378,23.004991,25.0,4778.257333,99.547028,1248.346043,34752.012603,,pass,pass
62.0,high,mission_flight,1293.999814,30.356081,23.004975,25.0,4777.519833,99.531663,1294.355828,34706.013462,,pass,pass
64.0,high,mission_flight,1339.999794,31.312348,23.00496,25.0,4776.782333,99.516299,1340.365589,34660.01435,,pass,pass
66.0,high,mission_flight,1385.999774,32.267177,23.004944,25.0,4776.044833,99.500934,1386.375326,34614.015266,,pass,pass
68.0,high,mission_flight,1431.999752,33.220567,23.004929,25.0,4775.307333,99.485569,1432.385038,34568.016211,,pass,pass
70.0,high,mission_flight,1477.999729,34.172516,23.004913,25.0,4774.569833,99.470205,1478.394724,34522.017184,,pass,pass
72.0,high,mission_flight,1523.999705,35.123022,23.004897,25.0,4773.832333,99.45484,1524.404384,34476.018186,,pass,pass
74.0,high,mission_flight,1569.999679,36.072084,23.004882,25.0,4773.094833,99.439476,1570.414018,34430.019217,,pass,pass
76.0,high,mission_flight,1615.999651,37.019699,23.004866,25.0,4772.357333,99.424111,1616.423624,34384.020277,,pass,pass
78.0,high,mission_flight,1661.999622,37.965866,23.00485,25.0,4771.619833,99.408747,1662.433202,34338.021366,,pass,pass
80.0,high,mission_flight,1707.999592,38.910584,23.004835,25.0,4770.882333,99.393382,1708.442753,34292.022484,,pass,pass
82.0,high,mission_flight,1753.99956,39.85385,23.004819,25.0,4770.144833,99.378017,1754.452275,34246.02363,,pass,pass
84.0,high,mission_flight,1799.999526,40.795662,23.004803,25.0,4769.407333,99.362653,1800.461768,34200.024806,,pass,pass
86.0,high,mission_flight,1845.99949,41.736019,23.004788,25.0,4768.669833,99.347288,1846.471233,34154.02601,,pass,pass
88.0,high,mission_flight,1891.999453,42.67492,23.004772,25.0,4767.932333,99.331924,1892.480668,34108.027244,,pass,pass
90.0,high,mission_flight,1937.999414,43.612361,23.004756,25.0,4767.194833,99.316559,1938.490074,34062.028507,,pass,pass
92.0,high,mission_flight,1983.999373,44.548342,23.00474,25.0,4766.457333,99.301194,1984.49945,34016.029798,,pass,pass
94.0,high,mission_flight,2029.99933,45.482861,23.004724,25.0,4765.719833,99.28583,2030.508796,33970.031119,,pass,pass
96.0,high,mission_flight,2075.999285,46.415915,23.004709,25.0,4764.982333,99.270465,2076.518112,33924.032469,,pass,pass
98.0,high,mission_flight,2121.999238,47.347504,23.004693,25.0,4764.244833,99.255101,2122.527397,33878.033848,,pass,pass
100.0,high,mission_flight,2167.999189,48.277624,23.004677,25.0,4763.507333,99.239736,2168.536653,33832.035256,,pass,pass
102.0,high,mission_flight,2213.999138,49.206275,23.004661,25.0,4762.769833,99.224372,2214.545877,33786.036694,,pass,pass
104.0,high,mission_flight,2259.999085,50.133455,23.004645,25.0,4762.032333,99.209007,2260.555071,33740.038161,,pass,pass
106.0,high,mission_flight,2305.99903,51.059161,23.004629,25.0,4761.294833,99.193642,2306.564234,33694.039657,,pass,pass
108.0,high,mission_flight,2351.998973,51.983392,23.004613,25.0,4760.557333,99.178278,2352.573366,33648.041182,,pass,pass
110.0,high,mission_flight,2397.998913,52.906147,23.004597,25.0,4759.819833,99.162913,2398.582466,33602.042737,,pass,pass
112.0,high,mission_flight,2443.998851,53.827422,23.004581,25.0,4759.082333,99.147549,2444.591536,33556.044321,,pass,pass
114.0,high,mission_flight,2489.998787,54.747217,23.004565,25.0,4758.344833,99.132184,2490.600573,33510.045935,,pass,pass
116.0,high,mission_flight,2535.99872,55.665529,23.004549,25.0,4757.607333,99.116819,2536.60958,33464.047578,,pass,pass
118.0,high,mission_flight,2581.998651,56.582357,23.004533,25.0,4756.869833,99.101455,2582.618554,33418.049251,,pass,pass
120.0,high,mission_flight,2627.998579,57.497698,23.004517,25.0,4756.132333,99.08609,2628.627497,33372.050953,,pass,pass
122.0,high,mission_flight,2673.998505,58.411552,23.004501,25.0,4755.394833,99.070726,2674.636408,33326.052685,,pass,pass
124.0,high,mission_flight,2719.998428,59.323915,23.004485,25.0,4754.657333,99.055361,2720.645287,33280.054446,,pass,pass
126.0,high,mission_flight,2765.998349,60.234787,23.004469,25.0,4753.919833,99.039997,2766.654134,33234.056237,,pass,pass
128.0,high,mission_flight,2811.998267,61.144165,23.004453,25.0,4753.182333,99.024632,2812.662948,33188.058058,,pass,pass
130.0,high,mission_flight,2857.998182,62.052047,23.004437,25.0,4752.444833,99.009267,2858.671731,33142.059908,,pass,pass
132.0,high,mission_flight,2903.998094,62.958432,23.004421,25.0,4751.707333,98.993903,2904.680481,33096.061789,,pass,pass
134.0,high,mission_flight,2949.998004,63.863317,23.004404,25.0,4750.969833,98.978538,2950.689198,33050.063699,,pass,pass
136.0,high,mission_flight,2995.99791,64.766701,23.004388,25.0,4750.232333,98.963174,2996.697883,33004.065638,,pass,pass
138.0,high,mission_flight,3041.997814,65.668582,23.004372,25.0,4749.494833,98.947809,3042.706536,32958.067608,,pass,pass
140.0,high,mission_flight,3087.997715,66.568958,23.004356,25.0,4748.757333,98.932444,3088.715156,32912.069607,,pass,pass
142.0,high,mission_flight,3133.997613,67.467826,23.00434,25.0,4748.019833,98.91708,3134.723743,32866.071637,,pass,pass
144.0,high,mission_flight,3179.997507,68.365186,23.004323,25.0,4747.282333,98.901715,3180.732297,32820.073696,,pass,pass
146.0,high,mission_flight,3225.997399,69.261034,23.004307,25.0,4746.544833,98.886351,3226.740818,32774.075786,,pass,pass
148.0,high,mission_flight,3271.997287,70.15537,23.004291,25.0,4745.807333,98.870986,3272.749306,32728.077905,,pass,pass
150.0,high,mission_flight,3317.997172,71.048191,23.004274,25.0,4745.069833,98.855622,3318.757762,32682.080054,,pass,pass
152.0,high,mission_flight,3363.997054,71.939495,23.004258,25.0,4744.332333,98.840257,3364.766184,32636.082234,,pass,pass
154.0,high,mission_flight,3409.996933,72.82928,23.004242,25.0,4743.594833,98.824892,3410.774573,32590.084444,,pass,pass
156.0,high,mission_flight,3455.996808,73.717545,23.004225,25.0,4742.857333,98.809528,3456.782928,32544.086683,,pass,pass
158.0,high,mission_flight,3501.99668,74.604287,23.004209,25.0,4742.119833,98.794163,3502.79125,32498.088953,,pass,pass
160.0,high,mission_flight,3547.996548,75.489504,23.004192,25.0,4741.382333,98.778799,3548.799539,32452.091254,,pass,pass
162.0,high,mission_flight,3593.996412,76.373195,23.004176,25.0,4740.644833,98.763434,3594.807794,32406.093584,,pass,pass
164.0,high,mission_flight,3639.996274,77.255357,23.00416,25.0,4739.907333,98.748069,3640.816016,32360.095945,,pass,pass
166.0,high,mission_flight,3685.996131,78.135989,23.004143,25.0,4739.169833,98.732705,3686.824204,32314.098336,,pass,pass
168.0,high,mission_flight,3731.995985,79.015088,23.004127,25.0,4738.432333,98.71734,3732.832358,32268.100758,,pass,pass
170.0,high,mission_flight,3777.995835,79.892653,23.00411,25.0,4737.694833,98.701976,3778.840479,32222.103209,,pass,pass
172.0,high,mission_flight,3823.995681,80.768681,23.004094,25.0,4736.957333,98.686611,3824.848566,32176.105692,,pass,pass
174.0,high,mission_flight,3869.995524,81.643171,23.004077,25.0,4736.219833,98.671247,3870.856619,32130.108205,,pass,pass
176.0,high,mission_flight,3915.995362,82.51612,23.00406,25.0,4735.482333,98.655882,3916.864638,32084.110748,,pass,pass
178.0,high,mission_flight,3961.995197,83.387526,23.004044,25.0,4734.744833,98.640517,3962.872622,32038.113322,,pass,pass
180.0,high,mission_flight,4007.995028,84.257388,23.004027,25.0,4734.007333,98.625153,4008.880573,31992.115927,,pass,pass
182.0,high,mission_flight,4053.994854,85.125704,23.004011,25.0,4733.269833,98.609788,4054.88849,31946.118562,,pass,pass
184.0,high,mission_flight,4099.994677,85.992471,23.003994,25.0,4732.532333,98.594424,4100.896372,31900.121227,,pass,pass
186.0,high,mission_flight,4145.994495,86.857687,23.003977,25.0,4731.794833,98.579059,4146.90422,31854.123924,,pass,pass
188.0,high,mission_flight,4191.994309,87.72135,23.003961,25.0,4731.057333,98.563694,4192.912034,31808.126651,,pass,pass
190.0,high,mission_flight,4237.994119,88.583459,23.003944,25.0,4730.319833,98.54833,4238.919813,31762.129409,,pass,pass
192.0,high,mission_flight,4283.993925,89.44401,23.003927,25.0,4729.582333,98.532965,4284.927558,31716.132198,,pass,pass
194.0,high,mission_flight,4329.993726,90.303003,23.00391,25.0,4728.844833,98.517601,4330.935268,31670.135018,,pass,pass
196.0,high,mission_flight,4375.993523,91.160435,23.003894,25.0,4728.107333,98.502236,4376.942944,31624.137868,,pass,pass
198.0,high,mission_flight,4421.993315,92.016304,23.003877,25.0,4727.369833,98.486872,4422.950585,31578.14075,,pass,pass
200.0,high,mission_flight,4467.993103,92.870608,23.00386,25.0,4726.632333,98.471507,4468.958191,31532.143662,,pass,pass
202.0,high,mission_flight,4513.992886,93.723344,23.003843,25.0,4725.894833,98.456142,4514.965763,31486.146606,,pass,pass
204.0,high,mission_flight,4559.992664,94.574512,23.003826,25.0,4725.157333,98.440778,4560.973299,31440.14958,,pass,pass
206.0,high,mission_flight,4605.992438,95.424108,23.003809,25.0,4724.419833,98.425413,4606.980801,31394.152586,,pass,pass
208.0,high,mission_flight,4651.992207,96.27213,23.003793,25.0,4723.682333,98.410049,4652.988267,31348.155622,,pass,pass
210.0,high,mission_flight,4697.991971,97.118577,23.003776,25.0,4722.944833,98.394684,4698.995699,31302.15869,,pass,pass
212.0,high,mission_flight,4743.991731,97.963446,23.003759,25.0,4722.207333,98.379319,4745.003095,31256.161789,,pass,pass
214.0,high,mission_flight,4789.991485,98.806736,23.003742,25.0,4721.469833,98.363955,4791.010457,31210.164919,,pass,pass
216.0,high,mission_flight,4835.991234,99.648443,23.003725,25.0,4720.732333,98.34859,4837.017783,31164.168081,,pass,pass
218.0,high,mission_flight,4881.990979,100.488566,23.003708,25.0,4719.994833,98.333226,4883.025074,31118.171273,,pass,pass
220.0,high,mission_flight,4927.990718,101.327104,23.003691,25.0,4719.257333,98.317861,4929.032329,31072.174497,,pass,pass
222.0,high,mission_flight,4973.990452,102.164052,23.003674,25.0,4718.519833,98.302497,4975.039549,31026.177753,,pass,pass
224.0,high,mission_flight,5019.990181,102.999411,23.003657,25.0,4717.782333,98.287132,5021.046733,30980.18104,,pass,pass
226.0,high,mission_flight,5065.989905,103.833176,23.00364,25.0,4717.044833,98.271767,5067.053882,30934.184358,,pass,pass
228.0,high,mission_flight,5111.989623,104.665347,23.003623,25.0,4716.307333,98.256403,5113.060995,30888.187708,,pass,pass
230.0,high,mission_flight,5157.989336,105.495921,23.003605,25.0,4715.569833,98.241038,5159.068073,30842.191089,,pass,pass
232.0,high,mission_flight,5203.989044,106.324896,23.003588,25.0,4714.832333,98.225674,5205.075115,30796.194502,,pass,pass
234.0,high,mission_flight,5249.988746,107.152269,23.003571,25.0,4714.094833,98.210309,5251.082121,30750.197947,,pass,pass
236.0,high,mission_flight,5295.988442,107.978039,23.003554,25.0,4713.357333,98.194944,5297.089091,30704.201423,,pass,pass
238.0,high,mission_flight,5341.988133,108.802203,23.003537,25.0,4712.619833,98.17958,5343.096025,30658.204931,,pass,pass
240.0,high,mission_flight,5387.987818,109.624759,23.003519,25.0,4711.882333,98.164215,5389.102923,30612.20847,,pass,pass
242.0,high,mission_flight,5433.987497,110.445705,23.003502,25.0,4711.144833,98.148851,5435.109785,30566.212041,,pass,pass
244.0,high,mission_flight,5479.987171,111.265039,23.003485,25.0,4710.407333,98.133486,5481.116611,30520.215645,,pass,pass
246.0,high,mission_flight,5525.986839,112.082758,23.003468,25.0,4709.669833,98.118122,5527.123401,30474.21928,,pass,pass
248.0,high,mission_flight,5571.986501,112.89886,23.00345,25.0,4708.932333,98.102757,5573.130154,30428.222946,,pass,pass
250.0,high,mission_flight,5617.986156,113.713343,23.003433,25.0,4708.194833,98.087392,5619.136871,30382.226645,,pass,pass
252.0,high,mission_flight,5663.985806,114.526206,23.003416,25.0,4707.457333,98.072028,5665.143552,30336.230376,,pass,pass
254.0,high,mission_flight,5709.98545,115.337444,23.003398,25.0,4706.719833,98.056663,5711.150196,30290.234139,,pass,pass
256.0,high,mission_flight,5755.985087,116.147057,23.003381,25.0,4705.982333,98.041299,5757.156804,30244.237933,,pass,pass
258.0,high,mission_flight,5801.984719,116.955042,23.003363,25.0,4705.244833,98.025934,5803.163375,30198.24176,,pass,pass
260.0,high,mission_flight,5847.984344,117.761396,23.003346,25.0,4704.507333,98.010569,5849.16991,30152.245619,,pass,pass
262.0,high,mission_flight,5893.983962,118.566118,23.003329,25.0,4703.769833,97.995205,5895.176407,30106.24951,,pass,pass
264.0,high,mission_flight,5939.983575,119.369206,23.003311,25.0,4703.032333,97.97984,5941.182868,30060.253434,,pass,pass
266.0,high,mission_flight,5985.98318,120.170656,23.003294,25.0,4702.294833,97.964476,5987.189292,30014.257389,,pass,pass
268.0,high,mission_flight,6031.98278,120.970466,23.003276,25.0,4701.557333,97.949111,6033.19568,29968.261377,,pass,pass
270.0,high,mission_flight,6077.982372,121.768635,23.003258,25.0,4700.819833,97.933747,6079.20203,29922.265397,,pass,pass
272.0,high,mission_flight,6123.981958,122.56516,23.003241,25.0,4700.082333,97.918382,6125.208343,29876.26945,,pass,pass
274.0,high,mission_flight,6169.981537,123.360039,23.003223,25.0,4699.344833,97.903017,6171.214619,29830.273535,,pass,pass
276.0,high,mission_flight,6215.98111,124.153269,23.003206,25.0,4698.607333,97.887653,6217.220858,29784.277652,,pass,pass
278.0,high,mission_flight,6261.980676,124.944848,23.003188,25.0,4697.869833,97.872288,6263.227059,29738.281802,,pass,pass
280.0,high,mission_flight,6307.980234,125.734774,23.00317,25.0,4697.132333,97.856924,6309.233224,29692.285985,,pass,pass
282.0,high,mission_flight,6353.979786,126.523045,23.003153,25.0,4696.394833,97.841559,6355.23935,29646.2902,,pass,pass
284.0,high,mission_flight,6399.979331,127.309657,23.003135,25.0,4695.657333,97.826194,6401.24544,29600.294447,,pass,pass
286.0,high,mission_flight,6445.978868,128.094609,23.003117,25.0,4694.919833,97.81083,6447.251492,29554.298728,,pass,pass
288.0,high,mission_flight,6491.978398,128.877898,23.003099,25.0,4694.182333,97.795465,6493.257506,29508.303041,,pass,pass
290.0,high,mission_flight,6537.977922,129.659523,23.003082,25.0,4693.444833,97.780101,6539.263483,29462.307387,,pass,pass
292.0,high,mission_flight,6583.977437,130.43948,23.003064,25.0,4692.707333,97.764736,6585.269422,29416.311765,,pass,pass
294.0,high,mission_flight,6629.976946,131.217767,23.003046,25.0,4691.969833,97.749372,6631.275323,29370.316176,,pass,pass
296.0,high,mission_flight,6675.976447,131.994382,23.003028,25.0,4691.232333,97.734007,6677.281186,29324.320621,,pass,pass
298.0,high,mission_flight,6721.97594,132.769322,23.00301,25.0,4690.494833,97.718642,6723.287011,29278.325098,,pass,pass
300.0,high,mission_flight,6767.975426,133.542586,23.002992,25.0,4689.757333,97.703278,6769.292799,29232.329608,,pass,pass
302.0,high,mission_flight,6813.974904,134.31417,23.002974,25.0,4689.019833,97.687913,6815.298548,29186.334151,,pass,pass
304.0,high,mission_flight,6859.974375,135.084072,23.002957,25.0,4688.282333,97.672549,6861.304259,29140.338727,,pass,pass
306.0,high,mission_flight,6905.973838,135.85229,23.002939,25.0,4687.544833,97.657184,6907.309932,29094.343336,,pass,pass
308.0,high,mission_flight,6951.973293,136.618822,23.002921,25.0,4686.807333,97.641819,6953.315566,29048.347979,,pass,pass
310.0,high,mission_flight,6997.97274,137.383664,23.002903,25.0,4686.069833,97.626455,6999.321163,29002.352654,,pass,pass
312.0,high,mission_flight,7043.972179,138.146815,23.002885,25.0,4685.332333,97.61109,7045.32672,28956.357363,,pass,pass
314.0,high,mission_flight,7089.97161,138.908272,23.002866,25.0,4684.594833,97.595726,7091.33224,28910.362105,,pass,pass
316.0,high,mission_flight,7135.971033,139.668032,23.002848,25.0,4683.857333,97.580361,7137.337721,28864.36688,,pass,pass
318.0,high,mission_flight,7181.970447,140.426094,23.00283,25.0,4683.119833,97.564997,7183.343163,28818.371689,,pass,pass
320.0,high,mission_flight,7227.969854,141.182454,23.002812,25.0,4682.382333,97.549632,7229.348566,28772.376531,,pass,pass
322.0,high,mission_flight,7273.969252,141.93711,23.002794,25.0,4681.644833,97.534267,7275.353931,28726.381406,,pass,pass
324.0,high,mission_flight,7319.968641,142.69006,23.002776,25.0,4680.907333,97.518903,7321.359257,28680.386315,,pass,pass
326.0,high,mission_flight,7365.968023,143.441301,23.002758,25.0,4680.169833,97.503538,7367.364543,28634.391258,,pass,pass
328.0,high,mission_flight,7411.967395,144.190831,23.002739,25.0,4679.432333,97.488174,7413.369791,28588.396234,,pass,pass
330.0,high,mission_flight,7457.966759,144.938646,23.002721,25.0,4678.694833,97.472809,7459.375,28542.401243,,pass,pass
332.0,high,mission_flight,7503.966115,145.684746,23.002703,25.0,4677.957333,97.457444,7505.38017,28496.406287,,pass,pass
334.0,high,mission_flight,7549.965461,146.429126,23.002685,25.0,4677.219833,97.44208,7551.3853,28450.411364,,pass,pass
336.0,high,mission_flight,7595.964799,147.171785,23.002666,25.0,4676.482333,97.426715,7597.390391,28404.416474,,pass,pass
338.0,high,mission_flight,7641.964128,147.91272,23.002648,25.0,4675.744833,97.411351,7643.395443,28358.421619,,pass,pass
340.0,high,mission_flight,7687.963448,148.651929,23.00263,25.0,4675.007333,97.395986,7689.400456,28312.426797,,pass,pass
342.0,high,mission_flight,7733.962758,149.389408,23.002611,25.0,4674.269833,97.380622,7735.405429,28266.432009,,pass,pass
344.0,high,mission_flight,7779.96206,150.125156,23.002593,25.0,4673.532333,97.365257,7781.410362,28220.437256,,pass,pass
346.0,high,mission_flight,7825.961353,150.859169,23.002574,25.0,4672.794833,97.349892,7827.415255,28174.442536,,pass,pass
348.0,high,mission_flight,7871.960636,151.591446,23.002556,25.0,4672.057333,97.334528,7873.420109,28128.44785,,pass,pass
350.0,high,mission_flight,7917.95991,152.321983,23.002537,25.0,4671.319833,97.319163,7919.424923,28082.453198,,pass,pass
352.0,high,mission_flight,7963.959174,153.050778,23.002519,25.0,4670.582333,97.303799,7965.429698,28036.45858,,pass,pass
354.0,high,mission_flight,8009.958429,153.777829,23.0025,25.0,4669.844833,97.288434,8011.434432,27990.463997,,pass,pass
356.0,high,mission_flight,8055.957675,154.503132,23.002482,25.0,4669.107333,97.273069,8057.439126,27944.469447,,pass,pass
358.0,high,mission_flight,8101.95691,155.226685,23.002463,25.0,4668.369833,97.257705,8103.44378,27898.474932,,pass,pass
360.0,high,mission_flight,8147.956136,155.948486,23.002444,25.0,4667.632333,97.24234,8149.448394,27852.480452,,pass,pass
362.0,high,mission_flight,8193.955353,156.668531,23.002426,25.0,4666.894833,97.226976,8195.452968,27806.486005,,pass,pass
364.0,high,mission_flight,8239.954559,157.386819,23.002407,25.0,4666.157333,97.211611,8241.457501,27760.491593,,pass,pass
366.0,high,mission_flight,8285.953755,158.103346,23.002388,25.0,4665.419833,97.196247,8287.461994,27714.497216,,pass,pass
368.0,high,mission_flight,8331.952942,158.818111,23.00237,25.0,4664.682333,97.180882,8333.466447,27668.502872,,pass,pass
370.0,high,mission_flight,8377.952118,159.531109,23.002351,25.0,4663.944833,97.165517,8379.470859,27622.508564,,pass,pass
372.0,high,mission_flight,8423.951284,160.242339,23.002332,25.0,4663.207333,97.150153,8425.47523,27576.51429,,pass,pass
374.0,high,mission_flight,8469.95044,160.951798,23.002313,25.0,4662.469833,97.134788,8471.47956,27530.52005,,pass,pass
376.0,high,mission_flight,8515.949586,161.659482,23.002294,25.0,4661.732333,97.119424,8517.48385,27484.525846,,pass,pass
378.0,high,mission_flight,8561.948721,162.365391,23.002276,25.0,4660.994833,97.104059,8563.488099,27438.531676,,pass,pass
380.0,high,mission_flight,8607.947845,163.069519,23.002257,25.0,4660.257333,97.088694,8609.492307,27392.537541,,pass,pass
382.0,high,mission_flight,8653.946959,163.771866,23.002238,25.0,4659.519833,97.07333,8655.496473,27346.54344,,pass,pass
384.0,high,mission_flight,8699.946063,164.472428,23.002219,25.0,4658.782333,97.057965,8701.500599,27300.549375,,pass,pass
386.0,high,mission_flight,8745.945155,165.171203,23.0022,25.0,4658.044833,97.042601,8747.504683,27254.555344,,pass,pass
388.0,high,mission_flight,8791.944237,165.868187,23.002181,25.0,4657.307333,97.027236,8793.508727,27208.561348,,pass,pass
390.0,high,mission_flight,8837.943308,166.563378,23.002162,25.0,4656.569833,97.011872,8839.512728,27162.567388,,pass,pass
392.0,high,mission_flight,8883.942368,167.256774,23.002143,25.0,4655.832333,96.996507,8885.516689,27116.573462,,pass,pass
394.0,high,mission_flight,8929.941417,167.94837,23.002124,25.0,4655.094833,96.981142,8931.520608,27070.579572,,pass,pass
396.0,high,mission_flight,8975.940455,168.638166,23.002105,25.0,4654.357333,96.965778,8977.524485,27024.585716,,pass,pass
398.0,high,mission_flight,9021.939481,169.326157,23.002086,25.0,4653.619833,96.950413,9023.52832,26978.591896,,pass,pass
400.0,high,mission_flight,9067.938496,170.012341,23.002066,25.0,4652.882333,96.935049,9069.532114,26932.598112,,pass,pass
402.0,high,mission_flight,9113.9375,170.696716,23.002047,25.0,4652.144833,96.919684,9115.535866,26886.604362,,pass,pass
404.0,high,mission_flight,9159.936492,171.379277,23.002028,25.0,4651.407333,96.904319,9161.539576,26840.610648,,pass,pass
406.0,high,mission_flight,9205.935473,172.060024,23.002009,25.0,4650.669833,96.888955,9207.543244,26794.616969,,pass,pass
408.0,high,mission_flight,9251.934442,172.738952,23.00199,25.0,4649.932333,96.87359,9253.54687,26748.623326,,pass,pass
410.0,high,mission_flight,9297.9334,173.416059,23.00197,25.0,4649.194833,96.858226,9299.550453,26702.629718,,pass,pass
412.0,high,mission_flight,9343.932345,174.091341,23.001951,25.0,4648.457333,96.842861,9345.553995,26656.636146,,pass,pass
414.0,high,mission_flight,9389.931279,174.764797,23.001932,25.0,4647.719833,96.827497,9391.557494,26610.642609,,pass,pass
416.0,high,mission_flight,9435.930201,175.436423,23.001912,25.0,4646.982333,96.812132,9437.56095,26564.649108,,pass,pass
418.0,high,mission_flight,9481.92911,176.106217,23.001893,25.0,4646.244833,96.796767,9483.564364,26518.655643,,pass,pass
420.0,high,mission_flight,9527.928008,176.774175,23.001873,25.0,4645.507333,96.781403,9529.567736,26472.662214,,pass,pass
422.0,high,mission_flight,9573.926893,177.440294,23.001854,25.0,4644.769833,96.766038,9575.571064,26426.66882,,pass,pass
424.0,high,mission_flight,9619.925766,178.104572,23.001835,25.0,4644.032333,96.750674,9621.57435,26380.675462,,pass,pass
426.0,high,mission_flight,9665.924626,178.767006,23.001815,25.0,4643.294833,96.735309,9667.577593,26334.68214,,pass,pass
428.0,high,mission_flight,9711.923474,179.427592,23.001796,25.0,4642.557333,96.719944,9713.580793,26288.688854,,pass,pass
430.0,high,mission_flight,9757.92231,180.086328,23.001776,25.0,4641.819833,96.70458,9759.58395,26242.695605,,pass,pass
432.0,high,mission_flight,9803.921132,180.743211,23.001756,25.0,4641.082333,96.689215,9805.587064,26196.702391,,pass,pass
434.0,high,mission_flight,9849.919942,181.398238,23.001737,25.0,4640.344833,96.673851,9851.590135,26150.709213,,pass,pass
436.0,high,mission_flight,9895.918739,182.051406,23.001717,25.0,4639.607333,96.658486,9897.593162,26104.716072,,pass,pass
438.0,high,mission_flight,9941.917523,182.702711,23.001697,25.0,4638.869833,96.643122,9943.596146,26058.722966,,pass,pass
440.0,high,mission_flight,9987.916294,183.352151,23.001678,25.0,4638.132333,96.627757,9989.599087,26012.729897,,pass,pass
442.0,high,mission_flight,10033.915052,183.999724,23.001658,25.0,4637.394833,96.612392,10035.601984,25966.736865,,pass,pass
444.0,high,mission_flight,10079.913797,184.645425,23.001638,25.0,4636.657333,96.597028,10081.604837,25920.743869,,pass,pass
446.0,high,mission_flight,10125.912528,185.289252,23.001618,25.0,4635.919833,96.581663,10127.607646,25874.750909,,pass,pass
448.0,high,mission_flight,10171.911246,185.931201,23.001599,25.0,4635.182333,96.566299,10173.610412,25828.757985,,pass,pass
450.0,high,mission_flight,10217.909951,186.571271,23.001579,25.0,4634.444833,96.550934,10219.613134,25782.765099,,pass,pass
452.0,high,mission_flight,10263.908642,187.209457,23.001559,25.0,4633.707333,96.535569,10265.615811,25736.772249,,pass,pass
454.0,high,mission_flight,10309.907319,187.845757,23.001539,25.0,4632.969833,96.520205,10311.618445,25690.779435,,pass,pass
456.0,high,mission_flight,10355.905982,188.480167,23.001519,25.0,4632.232333,96.50484,10357.621034,25644.786658,,pass,pass
458.0,high,mission_flight,10401.904632,189.112684,23.001499,25.0,4631.494833,96.489476,10403.623579,25598.793918,,pass,pass
460.0,high,mission_flight,10447.903268,189.743306,23.001479,25.0,4630.757333,96.474111,10449.62608,25552.801215,,pass,pass
462.0,high,mission_flight,10493.901889,190.372029,23.001459,25.0,4630.019833,96.458747,10495.628536,25506.808549,,pass,pass
464.0,high,mission_flight,10539.900496,190.99885,23.001439,25.0,4629.282333,96.443382,10541.630948,25460.81592,,pass,pass
466.0,high,mission_flight,10585.89909,191.623767,23.001419,25.0,4628.544833,96.428017,10587.633314,25414.823327,,pass,pass
468.0,high,mission_flight,10631.897668,192.246774,23.001399,25.0,4627.807333,96.412653,10633.635637,25368.830772,,pass,pass
470.0,high,mission_flight,10677.896233,192.867871,23.001379,25.0,4627.069833,96.397288,10679.637914,25322.838254,,pass,pass
472.0,high,mission_flight,10723.894782,193.487053,23.001358,25.0,4626.332333,96.381924,10725.640146,25276.845773,,pass,pass
474.0,high,mission_flight,10769.893317,194.104317,23.001338,25.0,4625.594833,96.366559,10771.642333,25230.853329,,pass,pass
476.0,high,mission_flight,10815.891838,194.71966,23.001318,25.0,4624.857333,96.351194,10817.644475,25184.860922,,pass,pass
478.0,high,mission_flight,10861.890343,195.33308,23.001298,25.0,4624.119833,96.33583,10863.646572,25138.868553,,pass,pass
480.0,high,mission_flight,10907.888834,195.944572,23.001277,25.0,4623.382333,96.320465,10909.648624,25092.876221,,pass,pass
482.0,high,mission_flight,10953.88731,196.554133,23.001257,25.0,4622.644833,96.305101,10955.65063,25046.883927,,pass,pass
484.0,high,mission_flight,10999.88577,197.161761,23.001237,25.0,4621.907333,96.289736,11001.65259,25000.89167,,pass,pass
486.0,high,mission_flight,11045.884215,197.767451,23.001216,25.0,4621.169833,96.274372,11047.654505,24954.89945,,pass,pass
488.0,high,mission_flight,11091.882645,198.371201,23.001196,25.0,4620.432333,96.259007,11093.656374,24908.907268,,pass,pass
490.0,high,mission_flight,11137.881059,198.973008,23.001176,25.0,4619.694833,96.243642,11139.658197,24862.915124,,pass,pass
492.0,high,mission_flight,11183.879458,199.572868,23.001155,25.0,4618.957333,96.228278,11185.659974,24816.923018,,pass,pass
494.0,high,mission_flight,11229.877841,200.170778,23.001135,25.0,4618.219833,96.212913,11231.661706,24770.930949,,pass,pass
496.0,high,mission_flight,11275.876209,200.766734,23.001114,25.0,4617.482333,96.197549,11277.663391,24724.938918,,pass,pass
498.0,high,mission_flight,11321.87456,201.360733,23.001093,25.0,4616.744833,96.182184,11323.66503,24678.946926,,pass,pass
500.0,high,mission_flight,11367.872896,201.952773,23.001073,25.0,4616.007333,96.166819,11369.666622,24632.954971,,pass,pass
502.0,high,mission_flight,11413.871216,202.542849,23.001052,25.0,4615.269833,96.151455,11415.668169,24586.963054,,pass,pass
504.0,high,mission_flight,11459.869519,203.130958,23.001031,25.0,4614.532333,96.13609,11461.669668,24540.971175,,pass,pass
506.0,high,mission_flight,11505.867806,203.717097,23.001011,25.0,4613.794833,96.120726,11507.671121,24494.979334,,pass,pass
508.0,high,mission_flight,11551.866077,204.301263,23.00099,25.0,4613.057333,96.105361,11553.672527,24448.987532,,pass,pass
510.0,high,mission_flight,11597.864331,204.883452,23.000969,25.0,4612.319833,96.089997,11599.673887,24402.995767,,pass,pass
512.0,high,mission_flight,11643.862569,205.46366,23.000948,25.0,4611.582333,96.074632,11645.675199,24357.004041,,pass,pass
514.0,high,mission_flight,11689.86079,206.041885,23.000928,25.0,4610.844833,96.059267,11691.676465,24311.012354,,pass,pass
516.0,high,mission_flight,11735.858994,206.618122,23.000907,25.0,4610.107333,96.043903,11737.677683,24265.020704,,pass,pass
518.0,high,mission_flight,11781.857182,207.192369,23.000886,25.0,4609.369833,96.028538,11783.678854,24219.029094,,pass,pass
520.0,high,mission_flight,11827.855352,207.764622,23.000865,25.0,4608.632333,96.013174,11829.679977,24173.037522,,pass,pass
522.0,high,mission_flight,11873.853505,208.334878,23.000844,25.0,4607.894833,95.997809,11875.681053,24127.045988,,pass,pass
524.0,high,mission_flight,11919.851641,208.903132,23.000823,25.0,4607.157333,95.982444,11921.682082,24081.054493,,pass,pass
526.0,high,mission_flight,11965.84976,209.469382,23.000802,25.0,4606.419833,95.96708,11967.683063,24035.063037,,pass,pass
528.0,high,mission_flight,12011.847861,210.033624,23.000781,25.0,4605.682333,95.951715,12013.683996,23989.07162,,pass,pass
530.0,high,mission_flight,12057.845944,210.595855,23.00076,25.0,4604.944833,95.936351,12059.684881,23943.080241,,pass,pass
532.0,high,mission_flight,12103.84401,211.15607,23.000739,25.0,4604.207333,95.920986,12105.685718,23897.088902,,pass,pass
534.0,high,mission_flight,12149.842058,211.714268,23.000717,25.0,4603.469833,95.905622,12151.686507,23851.097601,,pass,pass
536.0,high,mission_flight,12195.840088,212.270443,23.000696,25.0,4602.732333,95.890257,12197.687248,23805.10634,,pass,pass
538.0,high,mission_flight,12241.838101,212.824592,23.000675,25.0,4601.994833,95.874892,12243.687941,23759.115117,,pass,pass
540.0,high,mission_flight,12287.836094,213.376712,23.000654,25.0,4601.257333,95.859528,12289.688585,23713.123934,,pass,pass
542.0,high,mission_flight,12333.83407,213.926799,23.000632,25.0,4600.519833,95.844163,12335.68918,23667.13279,,pass,pass
544.0,high,mission_flight,12379.832028,214.47485,23.000611,25.0,4599.782333,95.828799,12381.689727,23621.141685,,pass,pass
546.0,high,mission_flight,12425.829967,215.020861,23.00059,25.0,4599.044833,95.813434,12427.690225,23575.15062,,pass,pass
548.0,high,mission_flight,12471.827887,215.564828,23.000568,25.0,4598.307333,95.798069,12473.690674,23529.159594,,pass,pass
550.0,high,mission_flight,12517.825788,216.106748,23.000547,25.0,4597.569833,95.782705,12519.691074,23483.168607,,pass,pass
552.0,high,mission_flight,12563.823671,216.646617,23.000525,25.0,4596.832333,95.76734,12565.691425,23437.17766,,pass,pass
554.0,high,mission_flight,12609.821535,217.184431,23.000504,25.0,4596.094833,95.751976,12611.691727,23391.186753,,pass,pass
556.0,high,mission_flight,12655.81938,217.720187,23.000482,25.0,4595.357333,95.736611,12657.69198,23345.195885,,pass,pass
558.0,high,mission_flight,12701.817205,218.253881,23.000461,25.0,4594.619833,95.721247,12703.692183,23299.205057,,pass,pass
560.0,high,mission_flight,12747.815011,218.785509,23.000439,25.0,4593.882333,95.705882,12749.692336,23253.214269,,pass,pass
562.0,high,mission_flight,12793.812798,219.315067,23.000418,25.0,4593.144833,95.690517,12795.69244,23207.223521,,pass,pass
564.0,high,mission_flight,12839.810565,219.842553,23.000396,25.0,4592.407333,95.675153,12841.692494,23161.232812,,pass,pass
566.0,high,mission_flight,12885.808313,220.367961,23.000374,25.0,4591.669833,95.659788,12887.692498,23115.242144,,pass,pass
568.0,high,mission_flight,12931.806041,220.891289,23.000352,25.0,4590.932333,95.644424,12933.692452,23069.251516,,pass,pass
570.0,high,mission_flight,12977.803749,221.412532,23.000331,25.0,4590.194833,95.629059,12979.692356,23023.260928,,pass,pass
572.0,high,mission_flight,13023.801437,221.931686,23.000309,25.0,4589.457333,95.613694,13025.692209,22977.27038,,pass,pass
574.0,high,mission_flight,13069.799104,222.448749,23.000287,25.0,4588.719833,95.59833,13071.692013,22931.279872,,pass,pass
576.0,high,mission_flight,13115.796752,222.963715,23.000265,25.0,4587.982333,95.582965,13117.691765,22885.289405,,pass,pass
578.0,high,mission_flight,13161.794379,223.476582,23.000243,25.0,4587.244833,95.567601,13163.691467,22839.298978,,pass,pass
580.0,high,mission_flight,13207.791985,223.987345,23.000221,25.0,4586.507333,95.552236,13209.691119,22793.308591,,pass,pass
582.0,high,mission_flight,13253.789571,224.496001,23.000199,25.0,4585.769833,95.536872,13255.690719,22747.318245,,pass,pass
584.0,high,mission_flight,13299.787136,225.002545,23.000177,25.0,4585.032333,95.521507,13301.690268,22701.32794,,pass,pass
586.0,high,mission_flight,13345.78468,225.506973,23.000155,25.0,4584.294833,95.506142,13347.689767,22655.337675,,pass,pass
588.0,high,mission_flight,13391.782203,226.009283,23.000133,25.0,4583.557333,95.490778,13393.689214,22609.347451,,pass,pass
590.0,high,mission_flight,13437.779704,226.509469,23.000111,25.0,4582.819833,95.475413,13439.68861,22563.357268,,pass,pass
592.0,high,mission_flight,13483.777185,227.007528,23.000088,25.0,4582.082333,95.460049,13485.687954,22517.367126,,pass,pass
594.0,high,mission_flight,13529.774644,227.503456,23.000066,25.0,4581.344833,95.444684,13531.687247,22471.377024,,pass,pass
596.0,high,mission_flight,13575.772081,227.997249,23.000044,25.0,4580.607333,95.429319,13577.686488,22425.386964,,pass,pass
598.0,high,mission_flight,13621.769497,228.488902,23.000022,25.0,4579.869833,95.413955,13623.685677,22379.396945,,pass,pass
600.0,high,mission_flight,13667.766891,228.978413,22.999999,25.0,4579.132333,95.39859,13669.684814,22333.406967,,pass,pass
602.0,high,mission_flight,13713.764263,229.465776,22.999977,25.0,4578.394833,95.383226,13715.683899,22287.41703,,pass,pass
604.0,high,mission_flight,13759.761613,229.950989,22.999954,25.0,4577.657333,95.367861,13761.682931,22241.427134,,pass,pass
606.0,high,mission_flight,13805.758941,230.434046,22.999932,25.0,4576.919833,95.352497,13807.681912,22195.43728,,pass,pass
608.0,high,mission_flight,13851.756246,230.914943,22.99991,25.0,4576.182333,95.337132,13853.68084,22149.447467,,pass,pass
610.0,high,mission_flight,13897.753529,231.393678,22.999887,25.0,4575.444833,95.321767,13899.679715,22103.457696,,pass,pass
612.0,high,mission_flight,13943.750789,231.870245,22.999864,25.0,4574.707333,95.306403,13945.678537,22057.467966,,pass,pass
614.0,high,mission_flight,13989.748026,232.34464,22.999842,25.0,4573.969833,95.291038,13991.677307,22011.478278,,pass,pass
616.0,high,mission_flight,14035.74524,232.816859,22.999819,25.0,4573.232333,95.275674,14037.676024,21965.488632,,pass,pass
618.0,high,mission_flight,14081.742432,233.286899,22.999796,25.0,4572.494833,95.260309,14083.674687,21919.499027,,pass,pass
620.0,high,mission_flight,14127.7396,233.754754,22.999774,25.0,4571.757333,95.244944,14129.673297,21873.509464,,pass,pass
622.0,high,mission_flight,14173.736745,234.220421,22.999751,25.0,4571.019833,95.22958,14175.671854,21827.519944,,pass,pass
624.0,high,mission_flight,14219.733866,234.683895,22.999728,25.0,4570.282333,95.214215,14221.670357,21781.530465,,pass,pass
626.0,high,mission_flight,14265.730964,235.145173,22.999705,25.0,4569.544833,95.198851,14267.668807,21735.541028,,pass,pass
628.0,high,mission_flight,14311.728038,235.60425,22.999682,25.0,4568.807333,95.183486,14313.667203,21689.551634,,pass,pass
630.0,high,mission_flight,14357.725088,236.061121,22.999659,25.0,4568.069833,95.168122,14359.665544,21643.562281,,pass,pass
632.0,high,mission_flight,14403.722114,236.515783,22.999636,25.0,4567.332333,95.152757,14405.663832,21597.572971,,pass,pass
634.0,high,mission_flight,14449.719115,236.968232,22.999613,25.0,4566.594833,95.137392,14451.662066,21551.583704,,pass,pass
636.0,high,mission_flight,14495.716093,237.418462,22.99959,25.0,4565.857333,95.122028,14497.660245,21505.594479,,pass,pass
638.0,high,mission_flight,14541.713046,237.86647,22.999567,25.0,4565.119833,95.106663,14543.658369,21459.605296,,pass,pass
640.0,high,mission_flight,14587.709974,238.31225,22.999544,25.0,4564.382333,95.091299,14589.656439,21413.616156,,pass,pass
642.0,high,mission_flight,14633.706878,238.7558,22.999521,25.0,4563.644833,95.075934,14635.654455,21367.627059,,pass,pass
644.0,high,mission_flight,14679.703756,239.197114,22.999498,25.0,4562.907333,95.060569,14681.652415,21321.638004,,pass,pass
646.0,high,mission_flight,14725.70061,239.636189,22.999475,25.0,4562.169833,95.045205,14727.65032,21275.648992,,pass,pass
648.0,high,mission_flight,14771.697438,240.073018,22.999451,25.0,4561.432333,95.02984,14773.64817,21229.660023,,pass,pass
650.0,high,mission_flight,14817.694241,240.5076,22.999428,25.0,4560.694833,95.014476,14819.645965,21183.671098,,pass,pass
652.0,high,mission_flight,14863.691018,240.939927,22.999405,25.0,4559.957333,94.999111,14865.643704,21137.682215,,pass,pass
654.0,high,mission_flight,14909.68777,241.369998,22.999381,25.0,4559.219833,94.983747,14911.641388,21091.693375,,pass,pass
656.0,high,mission_flight,14955.684496,241.797805,22.999358,25.0,4558.482333,94.968382,14957.639016,21045.704579,,pass,pass
658.0,high,mission_flight,15001.681196,242.223347,22.999334,25.0,4557.744833,94.953017,15003.636588,20999.715825,,pass,pass
660.0,high,mission_flight,15047.67787,242.646617,22.999311,25.0,4557.007333,94.937653,15049.634103,20953.727116,,pass,pass
662.0,high,mission_flight,15093.674517,243.067611,22.999287,25.0,4556.269833,94.922288,15095.631563,20907.738449,,pass,pass
664.0,high,mission_flight,15139.671138,243.486325,22.999263,25.0,4555.532333,94.906924,15141.628966,20861.749827,,pass,pass
666.0,high,mission_flight,15185.667732,243.902753,22.99924,25.0,4554.794833,94.891559,15187.626313,20815.761247,,pass,pass
668.0,high,mission_flight,15231.6643,244.316893,22.999216,25.0,4554.057333,94.876194,15233.623603,20769.772712,,pass,pass
670.0,high,mission_flight,15277.66084,244.728738,22.999192,25.0,4553.319833,94.86083,15279.620837,20723.78422,,pass,pass
672.0,high,mission_flight,15323.657354,245.138284,22.999168,25.0,4552.582333,94.845465,15325.618013,20677.795772,,pass,pass
674.0,high,mission_flight,15369.65384,245.545527,22.999145,25.0,4551.844833,94.830101,15371.615132,20631.807368,,pass,pass
676.0,high,mission_flight,15415.650299,245.950461,22.999121,25.0,4551.107333,94.814736,15417.612194,20585.819008,,pass,pass
678.0,high,mission_flight,15461.64673,246.353083,22.999097,25.0,4550.369833,94.799372,15463.609199,20539.830692,,pass,pass
680.0,high,mission_flight,15507.643134,246.753387,22.999073,25.0,4549.632333,94.784007,15509.606146,20493.842421,,pass,pass
682.0,high,mission_flight,15553.639509,247.151368,22.999049,25.0,4548.894833,94.768642,15555.603035,20447.854193,,pass,pass
684.0,high,mission_flight,15599.635857,247.547023,22.999025,25.0,4548.157333,94.753278,15601.599867,20401.86601,,pass,pass
686.0,high,mission_flight,15645.632176,247.940345,22.999,25.0,4547.419833,94.737913,15647.59664,20355.877871,,pass,pass
688.0,high,mission_flight,15691.628467,248.331331,22.998976,25.0,4546.682333,94.722549,15693.593355,20309.889777,,pass,pass
690.0,high,mission_flight,15737.624729,248.719976,22.998952,25.0,4545.944833,94.707184,15739.590012,20263.901728,,pass,pass
692.0,high,mission_flight,15783.620963,249.106274,22.998928,25.0,4545.207333,94.691819,15785.586611,20217.913723,,pass,pass
694.0,high,mission_flight,15829.617168,249.49022,22.998904,25.0,4544.469833,94.676455,15831.58315,20171.925763,,pass,pass
696.0,high,mission_flight,15875.613343,249.871811,22.998879,25.0,4543.732333,94.66109,15877.579631,20125.937847,,pass,pass
698.0,high,mission_flight,15921.609489,250.25104,22.998855,25.0,4542.994833,94.645726,15923.576053,20079.949977,,pass,pass
700.0,high,mission_flight,15967.605606,250.627903,22.99883,25.0,4542.257333,94.630361,15969.572416,20033.962152,,pass,pass
702.0,high,mission_flight,16013.601694,251.002396,22.998806,25.0,4541.519833,94.614997,16015.568719,19987.974371,,pass,pass
704.0,high,mission_flight,16059.597751,251.374512,22.998781,25.0,4540.782333,94.599632,16061.564963,19941.986636,,pass,pass
706.0,high,mission_flight,16105.593779,251.744248,22.998757,25.0,4540.044833,94.584267,16107.561148,19895.998946,,pass,pass
708.0,high,mission_flight,16151.589776,252.111597,22.998732,25.0,4539.307333,94.568903,16153.557272,19850.011302,,pass,pass
710.0,high,mission_flight,16197.585743,252.476556,22.998707,25.0,4538.569833,94.553538,16199.553337,19804.023703,,pass,pass
712.0,high,mission_flight,16243.58168,252.839118,22.998683,25.0,4537.832333,94.538174,16245.549341,19758.036149,,pass,pass
714.0,high,mission_flight,16289.577585,253.19928,22.998658,25.0,4537.094833,94.522809,16291.545285,19712.048641,,pass,pass
716.0,high,mission_flight,16335.573461,253.557035,22.998633,25.0,4536.357333,94.507444,16337.541169,19666.061179,,pass,pass
718.0,high,mission_flight,16381.569305,253.912378,22.998608,25.0,4535.619833,94.49208,16383.536992,19620.073763,,pass,pass
720.0,high,mission_flight,16427.565117,254.265306,22.998583,25.0,4534.882333,94.476715,16429.532754,19574.086392,,pass,pass
722.0,high,mission_flight,16473.560899,254.615811,22.998558,25.0,4534.144833,94.461351,16475.528456,19528.099067,,pass,pass
724.0,high,mission_flight,16519.556648,254.963889,22.998533,25.0,4533.407333,94.445986,16521.524096,19482.111789,,pass,pass
726.0,high,mission_flight,16565.552367,255.309535,22.998508,25.0,4532.669833,94.430622,16567.519675,19436.124557,,pass,pass
728.0,high,mission_flight,16611.548053,255.652744,22.998483,25.0,4531.932333,94.415257,16613.515192,19390.13737,,pass,pass
730.0,high,mission_flight,16657.543707,255.99351,22.998458,25.0,4531.194833,94.399892,16659.510647,19344.150231,,pass,pass
732.0,high,mission_flight,16703.539328,256.331828,22.998433,25.0,4530.457333,94.384528,16705.506041,19298.163137,,pass,pass
734.0,high,mission_flight,16749.534917,256.667693,22.998408,25.0,4529.719833,94.369163,16751.501373,19252.17609,,pass,pass
736.0,high,mission_flight,16795.530473,257.001099,22.998382,25.0,4528.982333,94.353799,16797.496642,19206.18909,,pass,pass
738.0,high,mission_flight,16841.525997,257.332041,22.998357,25.0,4528.244833,94.338434,16843.491849,19160.202136,,pass,pass
740.0,high,mission_flight,16887.521487,257.660513,22.998332,25.0,4527.507333,94.323069,16889.486994,19114.21523,,pass,pass
742.0,high,mission_flight,16933.516944,257.986511,22.998306,25.0,4526.769833,94.307705,16935.482076,19068.22837,,pass,pass
744.0,high,mission_flight,16979.512368,258.310028,22.998281,25.0,4526.032333,94.29234,16981.477095,19022.241557,,pass,pass
746.0,high,mission_flight,17025.507757,258.63106,22.998255,25.0,4525.294833,94.276976,17027.47205,18976.254791,,pass,pass
748.0,high,mission_flight,17071.503113,258.9496,22.998229,25.0,4524.557333,94.261611,17073.466943,18930.268072,,pass,pass
750.0,high,mission_flight,17117.498435,259.265644,22.998204,25.0,4523.819833,94.246247,17119.461772,18884.281401,,pass,pass
752.0,high,mission_flight,17163.493723,259.579185,22.998178,25.0,4523.082333,94.230882,17165.456537,18838.294777,,pass,pass
754.0,high,mission_flight,17209.488976,259.890218,22.998152,25.0,4522.344833,94.215517,17211.451238,18792.3082,,pass,pass
756.0,high,mission_flight,17255.484194,260.198738,22.998127,25.0,4521.607333,94.200153,17257.445876,18746.321671,,pass,pass
758.0,high,mission_flight,17301.479377,260.504738,22.998101,25.0,4520.869833,94.184788,17303.440449,18700.335189,,pass,pass
760.0,high,mission_flight,17347.474526,260.808214,22.998075,25.0,4520.132333,94.169424,17349.434958,18654.348755,,pass,pass
762.0,high,mission_flight,17393.469639,261.109159,22.998049,25.0,4519.394833,94.154059,17395.429402,18608.36237,,pass,pass
764.0,high,mission_flight,17439.464716,261.407568,22.998023,25.0,4518.657333,94.138694,17441.423781,18562.376032,,pass,pass
766.0,high,mission_flight,17485.459758,261.703436,22.997997,25.0,4517.919833,94.12333,17487.418095,18516.389742,,pass,pass
768.0,high,mission_flight,17531.454764,261.996755,22.997971,25.0,4517.182333,94.107965,17533.412344,18470.4035,,pass,pass
770.0,high,mission_flight,17577.449733,262.287521,22.997944,25.0,4516.444833,94.092601,17579.406528,18424.417306,,pass,pass
772.0,high,mission_flight,17623.444667,262.575728,22.997918,25.0,4515.707333,94.077236,17625.400646,18378.431161,,pass,pass
774.0,high,mission_flight,17669.439563,262.86137,22.997892,25.0,4514.969833,94.061872,17671.394698,18332.445064,,pass,pass
776.0,high,mission_flight,17715.434423,263.14444,22.997865,25.0,4514.232333,94.046507,17717.388684,18286.459016,,pass,pass
778.0,high,mission_flight,17761.429246,263.424934,22.997839,25.0,4513.494833,94.031142,17763.382605,18240.473016,,pass,pass
780.0,high,mission_flight,17807.424032,263.702845,22.997813,25.0,4512.757333,94.015778,17809.376458,18194.487065,,pass,pass
782.0,high,mission_flight,17853.41878,263.978167,22.997786,25.0,4512.019833,94.000413,17855.370245,18148.501163,,pass,pass
784.0,high,mission_flight,17899.41349,264.250894,22.99776,25.0,4511.282333,93.985049,17901.363966,18102.51531,,pass,pass
786.0,high,mission_flight,17945.408163,264.521021,22.997733,25.0,4510.544833,93.969684,17947.357619,18056.529505,,pass,pass
788.0,high,mission_flight,17991.402797,264.788541,22.997706,25.0,4509.807333,93.954319,17993.351205,18010.54375,,pass,pass
790.0,high,mission_flight,18037.397393,265.053447,22.997679,25.0,4509.069833,93.938955,18039.344723,17964.558045,,pass,pass
792.0,high,mission_flight,18083.391951,265.315735,22.997653,25.0,4508.332333,93.92359,18085.338174,17918.572388,,pass,pass
794.0,high,mission_flight,18129.386469,265.575398,22.997626,25.0,4507.594833,93.908226,18131.331558,17872.586781,,pass,pass
796.0,high,mission_flight,18175.380949,265.83243,22.997599,25.0,4506.857333,93.892861,18177.324873,17826.601224,,pass,pass
798.0,high,mission_flight,18221.37539,266.086823,22.997572,25.0,4506.119833,93.877497,18223.31812,17780.615716,,pass,pass
800.0,high,mission_flight,18267.36979,266.338574,22.997545,25.0,4505.382333,93.862132,18269.311298,17734.630258,,pass,pass
802.0,high,mission_flight,18313.364152,266.587674,22.997518,25.0,4504.644833,93.846767,18315.304407,17688.64485,,pass,pass
804.0,high,mission_flight,18359.358473,266.834118,22.997491,25.0,4503.907333,93.831403,18361.297448,17642.659492,,pass,pass
806.0,high,mission_flight,18405.352754,267.0779,22.997464,25.0,4503.169833,93.816038,18407.29042,17596.674183,,pass,pass
808.0,high,mission_flight,18451.346994,267.319012,22.997436,25.0,4502.432333,93.800674,18453.283322,17550.688926,,pass,pass
810.0,high,mission_flight,18497.341194,267.557449,22.997409,25.0,4501.694833,93.785309,18499.276155,17504.703718,,pass,pass
812.0,high,mission_flight,18543.335353,267.793205,22.997382,25.0,4500.957333,93.769944,18545.268918,17458.718561,,pass,pass
814.0,high,mission_flight,18589.329471,268.026272,22.997354,25.0,4500.219833,93.75458,18591.26161,17412.733454,,pass,pass
816.0,high,mission_flight,18635.323547,268.256645,22.997327,25.0,4499.482333,93.739215,18637.254233,17366.748398,,pass,pass
818.0,high,mission_flight,18681.317582,268.484317,22.997299,25.0,4498.744833,93.723851,18683.246785,17320.763393,,pass,pass
820.0,high,mission_flight,18727.311575,268.709281,22.997271,25.0,4498.007333,93.708486,18729.239267,17274.778439,,pass,pass
822.0,high,mission_flight,18773.305526,268.93153,22.997244,25.0,4497.269833,93.693122,18775.231677,17228.793535,,pass,pass
824.0,high,mission_flight,18819.299434,269.151059,22.997216,25.0,4496.532333,93.677757,18821.224016,17182.808683,,pass,pass
826.0,high,mission_flight,18865.2933,269.367861,22.997188,25.0,4495.794833,93.662392,18867.216284,17136.823882,,pass,pass
828.0,high,mission_flight,18911.287122,269.581928,22.99716,25.0,4495.057333,93.647028,18913.208481,17090.839132,,pass,pass
830.0,high,mission_flight,18957.280902,269.793254,22.997133,25.0,4494.319833,93.631663,18959.200605,17044.854433,,pass,pass
832.0,high,mission_flight,19003.274638,270.001833,22.997105,25.0,4493.582333,93.616299,19005.192658,16998.869787,,pass,pass
834.0,high,mission_flight,19049.26833,270.207657,22.997076,25.0,4492.844833,93.600934,19051.184638,16952.885191,,pass,pass
836.0,high,mission_flight,19095.261979,270.41072,22.997048,25.0,4492.107333,93.585569,19097.176545,16906.900648,,pass,pass
838.0,high,mission_flight,19141.255583,270.611014,22.99702,25.0,4491.369833,93.570205,19143.16838,16860.916156,,pass,pass
840.0,high,mission_flight,19187.249143,270.808534,22.996992,25.0,4490.632333,93.55484,19189.160142,16814.931717,,pass,pass
842.0,high,mission_flight,19233.242658,271.003272,22.996964,25.0,4489.894833,93.539476,19235.15183,16768.947329,,pass,pass
844.0,high,mission_flight,19279.236128,271.195221,22.996935,25.0,4489.157333,93.524111,19281.143445,16722.962994,,pass,pass
846.0,high,mission_flight,19325.229553,271.384375,22.996907,25.0,4488.419833,93.508747,19327.134986,16676.978711,,pass,pass
848.0,high,mission_flight,19371.222932,271.570725,22.996878,25.0,4487.682333,93.493382,19373.126453,16630.994481,,pass,pass
850.0,high,mission_flight,19417.216266,271.754265,22.99685,25.0,4486.944833,93.478017,19419.117846,16585.010303,,pass,pass
852.0,high,mission_flight,19463.209553,271.934988,22.996821,25.0,4486.207333,93.462653,19465.109164,16539.026178,,pass,pass
854.0,high,mission_flight,19509.202794,272.112887,22.996793,25.0,4485.469833,93.447288,19511.100407,16493.042106,,pass,pass
856.0,high,mission_flight,19555.195989,272.287955,22.996764,25.0,4484.732333,93.431924,19557.091575,16447.058086,,pass,pass
858.0,high,mission_flight,19601.189136,272.460184,22.996735,25.0,4483.994833,93.416559,19603.082669,16401.07412,,pass,pass
860.0,high,mission_flight,19647.182237,272.629567,22.996706,25.0,4483.257333,93.401194,19649.073686,16355.090207,,pass,pass
862.0,high,mission_flight,19693.175289,272.796097,22.996677,25.0,4482.519833,93.38583,19695.064628,16309.106347,,pass,pass
864.0,high,mission_flight,19739.168294,272.959766,22.996648,25.0,4481.782333,93.370465,19741.055493,16263.122541,,pass,pass
866.0,high,mission_flight,19785.161251,273.120568,22.996619,25.0,4481.044833,93.355101,19787.046283,16217.138789,,pass,pass
868.0,high,mission_flight,19831.15416,273.278494,22.99659,25.0,4480.307333,93.339736,19833.036995,16171.15509,,pass,pass
870.0,high,mission_flight,19877.14702,273.433537,22.996561,25.0,4479.569833,93.324372,19879.027631,16125.171445,,pass,pass
872.0,high,mission_flight,19923.139831,273.585691,22.996531,25.0,4478.832333,93.309007,19925.01819,16079.187853,,pass,pass
874.0,high,mission_flight,19969.132593,273.734946,22.996502,25.0,4478.094833,93.293642,19971.008671,16033.204316,,pass,pass
876.0,high,mission_flight,20015.125305,273.881296,22.996473,25.0,4477.357333,93.278278,20016.999074,15987.220833,,pass,pass
878.0,high,mission_flight,20061.117968,274.024732,22.996443,25.0,4476.619833,93.262913,20062.9894,15941.237405,,pass,pass
880.0,high,mission_flight,20107.11058,274.165249,22.996413,25.0,4475.882333,93.247549,20108.979647,15895.254031,,pass,pass
882.0,high,mission_flight,20153.103142,274.302836,22.996384,25.0,4475.144833,93.232184,20154.969816,15849.270711,,pass,pass
884.0,high,mission_flight,20199.095653,274.437488,22.996354,25.0,4474.407333,93.216819,20200.959906,15803.287447,,pass,pass
886.0,high,mission_flight,20245.088113,274.569195,22.996324,25.0,4473.669833,93.201455,20246.949917,15757.304237,,pass,pass
888.0,high,mission_flight,20291.080522,274.697951,22.996294,25.0,4472.932333,93.18609,20292.939849,15711.321082,,pass,pass
890.0,high,mission_flight,20337.072879,274.823747,22.996265,25.0,4472.194833,93.170726,20338.929701,15665.337982,,pass,pass
892.0,high,mission_flight,20383.065184,274.946576,22.996235,25.0,4471.457333,93.155361,20384.919473,15619.354938,,pass,pass
894.0,high,mission_flight,20429.057437,275.066429,22.996204,25.0,4470.719833,93.139997,20430.909165,15573.371948,,pass,pass
896.0,high,mission_flight,20475.049637,275.183298,22.996174,25.0,4469.982333,93.124632,20476.898776,15527.389015,,pass,pass
898.0,high,mission_flight,20521.041784,275.297176,22.996144,25.0,4469.244833,93.109267,20522.888307,15481.406137,,pass,pass
900.0,high,mission_flight,20567.033878,275.408054,22.996114,25.0,4468.507333,93.093903,20568.877756,15435.423315,,pass,pass
902.0,high,mission_flight,20613.025919,275.515924,22.996083,25.0,4467.769833,93.078538,20614.867124,15389.440549,,pass,pass
904.0,high,mission_flight,20659.017905,275.620778,22.996053,25.0,4467.032333,93.063174,20660.856411,15343.457839,,pass,pass
906.0,high,mission_flight,20705.009837,275.722608,22.996022,25.0,4466.294833,93.047809,20706.845615,15297.475185,,pass,pass
908.0,high,mission_flight,20751.001715,275.821405,22.995992,25.0,4465.557333,93.032444,20752.834737,15251.492587,,pass,pass
910.0,high,mission_flight,20796.993538,275.917161,22.995961,25.0,4464.819833,93.01708,20798.823777,15205.510046,,pass,pass
912.0,high,mission_flight,20842.985305,276.009867,22.99593,25.0,4464.082333,93.001715,20844.812733,15159.527562,,pass,pass
914.0,high,mission_flight,20888.977017,276.099516,22.9959,25.0,4463.344833,92.986351,20890.801607,15113.545134,,pass,pass
916.0,high,mission_flight,20934.968673,276.186099,22.995869,25.0,4462.607333,92.970986,20936.790397,15067.562764,,pass,pass
918.0,high,mission_flight,20980.960273,276.269607,22.995838,25.0,4461.869833,92.955622,20982.779103,15021.58045,,pass,pass
920.0,high,mission_flight,21026.951816,276.350031,22.995807,25.0,4461.132333,92.940257,21028.767725,14975.598194,,pass,pass
922.0,high,mission_flight,21072.943302,276.427363,22.995776,25.0,4460.394833,92.924892,21074.756262,14929.615995,,pass,pass
924.0,high,mission_flight,21118.934731,276.501595,22.995744,25.0,4459.657333,92.909528,21120.744715,14883.633853,,pass,pass
926.0,high,mission_flight,21164.926102,276.572717,22.995713,25.0,4458.919833,92.894163,21166.733082,14837.651769,,pass,pass
928.0,high,mission_flight,21210.917415,276.64072,22.995682,25.0,4458.182333,92.878799,21212.721364,14791.669743,,pass,pass
930.0,high,mission_flight,21256.90867,276.705597,22.99565,25.0,4457.444833,92.863434,21258.709561,14745.687775,,pass,pass
932.0,high,mission_flight,21302.899866,276.767338,22.995619,25.0,4456.707333,92.848069,21304.697671,14699.705865,,pass,pass
934.0,high,mission_flight,21348.891003,276.825933,22.995587,25.0,4455.969833,92.832705,21350.685695,14653.724013,,pass,pass
936.0,high,mission_flight,21394.88208,276.881375,22.995555,25.0,4455.232333,92.81734,21396.673632,14607.74222,,pass,pass
938.0,high,mission_flight,21440.873097,276.933654,22.995524,25.0,4454.494833,92.801976,21442.661482,14561.760485,,pass,pass
940.0,high,mission_flight,21486.864054,276.98276,22.995492,25.0,4453.757333,92.786611,21488.649244,14515.778809,,pass,pass
942.0,high,mission_flight,21532.854951,277.028686,22.99546,25.0,4453.019833,92.771247,21534.636919,14469.797191,,pass,pass
944.0,high,mission_flight,21578.845787,277.07142,22.995428,25.0,4452.282333,92.755882,21580.624506,14423.815633,,pass,pass
946.0,high,mission_flight,21624.836561,277.110955,22.995396,25.0,4451.544833,92.740517,21626.612004,14377.834134,,pass,pass
948.0,high,mission_flight,21670.827273,277.147281,22.995363,25.0,4450.807333,92.725153,21672.599413,14331.852694,,pass,pass
950.0,high,mission_flight,21716.817924,277.180388,22.995331,25.0,4450.069833,92.709788,21718.586733,14285.871314,,pass,pass
952.0,high,mission_flight,21762.808511,277.210268,22.995299,25.0,4449.332333,92.694424,21764.573964,14239.889993,,pass,pass
954.0,high,mission_flight,21808.799036,277.236909,22.995266,25.0,4448.594833,92.679059,21810.561105,14193.908732,,pass,pass
956.0,high,mission_flight,21854.789498,277.260304,22.995234,25.0,4447.857333,92.663694,21856.548155,14147.927531,,pass,pass
958.0,high,mission_flight,21900.779896,277.280442,22.995201,25.0,4447.119833,92.64833,21902.535115,14101.94639,,pass,pass
960.0,high,mission_flight,21946.770229,277.297314,22.995168,25.0,4446.382333,92.632965,21948.521984,14055.96531,,pass,pass
962.0,high,mission_flight,21992.760498,277.31091,22.995136,25.0,4445.644833,92.617601,21994.508762,14009.98429,,pass,pass
964.0,high,mission_flight,22038.750703,277.321219,22.995103,25.0,4444.907333,92.602236,22040.495448,13964.00333,,pass,pass
966.0,high,mission_flight,22084.740841,277.328233,22.99507,25.0,4444.169833,92.586872,22086.482042,13918.022431,,pass,pass
968.0,high,mission_flight,22130.730914,277.331941,22.995037,25.0,4443.432333,92.571507,22132.468543,13872.041594,,pass,pass
970.0,high,mission_flight,22176.720921,277.332334,22.995003,25.0,4442.694833,92.556142,22178.454952,13826.060817,,pass,pass
972.0,high,mission_flight,22222.710861,277.329401,22.99497,25.0,4441.957333,92.540778,22224.441267,13780.080101,,pass,pass
974.0,high,mission_flight,22268.700735,277.323131,22.994937,25.0,4441.219833,92.525413,22270.427489,13734.099448,,pass,pass
976.0,high,mission_flight,22314.69054,277.313516,22.994903,25.0,4440.482333,92.510049,22316.413616,13688.118855,,pass,pass
978.0,high,mission_flight,22360.680278,277.300545,22.99487,25.0,4439.744833,92.494684,22362.39965,13642.138325,,pass,pass
980.0,high,mission_flight,22406.669948,277.284206,22.994836,25.0,4439.007333,92.479319,22408.385588,13596.157856,,pass,pass
982.0,high,mission_flight,22452.659548,277.264491,22.994802,25.0,4438.269833,92.463955,22454.371432,13550.177449,,pass,pass
984.0,high,mission_flight,22498.64908,277.241388,22.994769,25.0,4437.532333,92.44859,22500.35718,13504.197105,,pass,pass
986.0,high,mission_flight,22544.638542,277.214887,22.994735,25.0,4436.794833,92.433226,22546.342831,13458.216823,,pass,pass
988.0,high,mission_flight,22590.627934,277.184978,22.994701,25.0,4436.057333,92.417861,22592.328387,13412.236604,,pass,pass
990.0,high,mission_flight,22636.617255,277.151649,22.994667,25.0,4435.319833,92.402497,22638.313846,13366.256448,,pass,pass
992.0,high,mission_flight,22682.606505,277.114891,22.994632,25.0,4434.582333,92.387132,22684.299207,13320.276355,,pass,pass
994.0,high,mission_flight,22728.595684,277.074691,22.994598,25.0,4433.844833,92.371767,22730.284471,13274.296325,,pass,pass
996.0,high,mission_flight,22774.58479,277.03104,22.994564,25.0,4433.107333,92.356403,22776.269637,13228.316358,,pass,pass
998.0,high,mission_flight,22820.573825,276.983926,22.994529,25.0,4432.369833,92.341038,22822.254704,13182.336455,,pass,pass
1000.0,high,mission_flight,22866.562786,276.933339,22.994495,25.0,4431.632333,92.325674,22868.239673,13136.356615,,pass,pass
1002.0,high,mission_flight,22912.551674,276.879267,22.99446,25.0,4430.894833,92.310309,22914.224542,13090.37684,,pass,pass
1004.0,high,mission_flight,22958.540488,276.821699,22.994425,25.0,4430.157333,92.294944,22960.209311,13044.397128,,pass,pass
1006.0,high,mission_flight,23004.529228,276.760624,22.99439,25.0,4429.419833,92.27958,23006.19398,12998.417481,,pass,pass
1008.0,high,mission_flight,23050.517893,276.69603,22.994355,25.0,4428.682333,92.264215,23052.178549,12952.437899,,pass,pass
1010.0,high,mission_flight,23096.506483,276.627907,22.99432,25.0,4427.944833,92.248851,23098.163016,12906.458381,,pass,pass
1012.0,high,mission_flight,23142.494997,276.556242,22.994285,25.0,4427.207333,92.233486,23144.147382,12860.478928,,pass,pass
1014.0,high,mission_flight,23188.483435,276.481025,22.99425,25.0,4426.469833,92.218122,23190.131646,12814.49954,,pass,pass
1016.0,high,mission_flight,23234.471796,276.402243,22.994214,25.0,4425.732333,92.202757,23236.115808,12768.520217,,pass,pass
1018.0,high,mission_flight,23280.46008,276.319884,22.994179,25.0,4424.994833,92.187392,23282.099867,12722.540959,,pass,pass
1020.0,high,mission_flight,23326.448285,276.233938,22.994143,25.0,4424.257333,92.172028,23328.083822,12676.561768,,pass,pass
1022.0,high,mission_flight,23372.436413,276.144392,22.994107,25.0,4423.519833,92.156663,23374.067673,12630.582642,,pass,pass
1024.0,high,mission_flight,23418.424462,276.051235,22.994071,25.0,4422.782333,92.141299,23420.051421,12584.603582,,pass,pass
1026.0,high,mission_flight,23464.412431,275.954453,22.994036,25.0,4422.044833,92.125934,23466.035063,12538.624588,,pass,pass
1028.0,high,mission_flight,23510.40032,275.854035,22.993999,25.0,4421.307333,92.110569,23512.0186,12492.645661,,pass,pass
1030.0,high,mission_flight,23556.388129,275.74997,22.993963,25.0,4420.569833,92.095205,23558.002032,12446.6668,,pass,pass
1032.0,high,mission_flight,23602.375857,275.642243,22.993927,25.0,4419.832333,92.07984,23603.985357,12400.688007,,pass,pass
1034.0,high,mission_flight,23648.363503,275.530844,22.993891,25.0,4419.094833,92.064476,23649.968576,12354.70928,,pass,pass
1036.0,high,mission_flight,23694.351068,275.41576,22.993854,25.0,4418.357333,92.049111,23695.951687,12308.73062,,pass,pass
1038.0,high,mission_flight,23740.338549,275.296978,22.993818,25.0,4417.619833,92.033747,23741.934691,12262.752028,,pass,pass
1040.0,high,mission_flight,23786.325948,275.174485,22.993781,25.0,4416.882333,92.018382,23787.917586,12216.773504,,pass,pass
1042.0,high,mission_flight,23832.313263,275.04827,22.993744,25.0,4416.144833,92.003017,23833.900373,12170.795048,,pass,pass
1044.0,high,mission_flight,23878.300493,274.918318,22.993707,25.0,4415.407333,91.987653,23879.883051,12124.816659,,pass,pass
1046.0,high,mission_flight,23924.287639,274.784617,22.99367,25.0,4414.669833,91.972288,23925.865619,12078.838339,,pass,pass
1048.0,high,mission_flight,23970.274699,274.647154,22.993633,25.0,4413.932333,91.956924,23971.848076,12032.860087,,pass,pass
1050.0,high,mission_flight,24016.261673,274.505916,22.993595,25.0,4413.194833,91.941559,24017.830423,11986.881904,,pass,pass
1052.0,high,mission_flight,24062.24856,274.360889,22.993558,25.0,4412.457333,91.926194,24063.812659,11940.90379,,pass,pass
1054.0,high,mission_flight,24108.23536,274.212061,22.993521,25.0,4411.719833,91.91083,24109.794782,11894.925746,,pass,pass
1056.0,high,mission_flight,24154.222073,274.059418,22.993483,25.0,4410.982333,91.895465,24155.776794,11848.94777,,pass,pass
1058.0,high,mission_flight,24200.208697,273.902947,22.993445,25.0,4410.244833,91.880101,24201.758692,11802.969865,,pass,pass
1060.0,high,mission_flight,24246.195232,273.742633,22.993407,25.0,4409.507333,91.864736,24247.740477,11756.992029,,pass,pass
1062.0,high,mission_flight,24292.181677,273.578464,22.993369,25.0,4408.769833,91.849372,24293.722148,11711.014263,,pass,pass
1064.0,high,mission_flight,24338.168032,273.410424,22.993331,25.0,4408.032333,91.834007,24339.703704,11665.036567,,pass,pass
1066.0,high,mission_flight,24384.154296,273.238502,22.993293,25.0,4407.294833,91.818642,24385.685145,11619.058942,,pass,pass
1068.0,high,mission_flight,24430.140469,273.062681,22.993254,25.0,4406.557333,91.803278,24431.666471,11573.081388,,pass,pass
1070.0,high,mission_flight,24476.126549,272.88295,22.993216,25.0,4405.819833,91.787913,24477.64768,11527.103904,,pass,pass
1072.0,high,mission_flight,24522.112537,272.699292,22.993177,25.0,4405.082333,91.772549,24523.628772,11481.126492,,pass,pass
1074.0,high,mission_flight,24568.098431,272.511693,22.993138,25.0,4404.344833,91.757184,24569.609747,11435.149151,,pass,pass
1076.0,high,mission_flight,24614.084231,272.320141,22.993099,25.0,4403.607333,91.741819,24615.590604,11389.171882,,pass,pass
1078.0,high,mission_flight,24660.069936,272.124618,22.99306,25.0,4402.869833,91.726455,24661.571342,11343.194685,,pass,pass
1080.0,high,mission_flight,24706.055546,271.925112,22.993021,25.0,4402.132333,91.71109,24707.551961,11297.21756,,pass,pass
1082.0,high,mission_flight,24752.041059,271.721608,22.992982,25.0,4401.394833,91.695726,24753.53246,11251.240508,,pass,pass
1084.0,high,mission_flight,24798.026476,271.514089,22.992943,25.0,4400.657333,91.680361,24799.512838,11205.263528,,pass,pass
1086.0,high,mission_flight,24844.011796,271.302542,22.992903,25.0,4399.919833,91.664997,24845.493096,11159.286621,,pass,pass
1088.0,high,mission_flight,24889.997017,271.086951,22.992863,25.0,4399.182333,91.649632,24891.473231,11113.309787,,pass,pass
1090.0,high,mission_flight,24935.982139,270.867301,22.992823,25.0,4398.444833,91.634267,24937.453245,11067.333027,,pass,pass
1092.0,high,mission_flight,24981.967162,270.643577,22.992783,25.0,4397.707333,91.618903,24983.433135,11021.35634,,pass,pass
1094.0,high,mission_flight,25027.952084,270.415763,22.992743,25.0,4396.969833,91.603538,25029.412902,10975.379727,,pass,pass
1096.0,high,mission_flight,25073.936906,270.183843,22.992703,25.0,4396.232333,91.588174,25075.392545,10929.403188,,pass,pass
1098.0,high,mission_flight,25119.921625,269.947802,22.992663,25.0,4395.494833,91.572809,25121.372062,10883.426724,,pass,pass
1100.0,high,mission_flight,25165.906243,269.707623,22.992622,25.0,4394.757333,91.557444,25167.351454,10837.450334,,pass,pass
1102.0,high,mission_flight,25211.890757,269.463292,22.992582,25.0,4394.019833,91.54208,25213.33072,10791.474019,,pass,pass
1104.0,high,mission_flight,25257.875167,269.214791,22.992541,25.0,4393.282333,91.526715,25259.309859,10745.49778,,pass,pass
1106.0,high,mission_flight,25303.859472,268.962104,22.9925,25.0,4392.544833,91.511351,25305.28887,10699.521616,,pass,pass
1108.0,high,mission_flight,25349.843672,268.705216,22.992459,25.0,4391.807333,91.495986,25351.267753,10653.545528,,pass,pass
1110.0,high,mission_flight,25395.827765,268.444109,22.992417,25.0,4391.069833,91.480622,25397.246507,10607.569515,,pass,pass
1112.0,high,mission_flight,25441.811752,268.178767,22.992376,25.0,4390.332333,91.465257,25443.225131,10561.593579,,pass,pass
1114.0,high,mission_flight,25487.795631,267.909173,22.992334,25.0,4389.594833,91.449892,25489.203625,10515.61772,,pass,pass
1116.0,high,mission_flight,25533.779401,267.635309,22.992293,25.0,4388.857333,91.434528,25535.181988,10469.641937,,pass,pass
1118.0,high,mission_flight,25579.763061,267.35716,22.992251,25.0,4388.119833,91.419163,25581.160219,10423.666232,,pass,pass
1120.0,high,mission_flight,25625.746612,267.074707,22.992209,25.0,4387.382333,91.403799,25627.138317,10377.690604,,pass,pass
1122.0,high,mission_flight,25671.730051,266.787934,22.992167,25.0,4386.644833,91.388434,25673.116282,10331.715053,,pass,pass
1124.0,high,mission_flight,25717.713379,266.496823,22.992125,25.0,4385.907333,91.373069,25719.094113,10285.739581,,pass,pass
1126.0,high,mission_flight,25763.696594,266.201355,22.992082,25.0,4385.169833,91.357705,25765.071809,10239.764186,,pass,pass
1128.0,high,mission_flight,25809.679695,265.901514,22.992039,25.0,4384.432333,91.34234,25811.04937,10193.788871,,pass,pass
1130.0,high,mission_flight,25855.662682,265.597281,22.991997,25.0,4383.694833,91.326976,25857.026794,10147.813634,,pass,pass
1132.0,high,mission_flight,25901.645553,265.288638,22.991954,25.0,4382.957333,91.311611,25903.004081,10101.838476,,pass,pass
1134.0,high,mission_flight,25947.628309,264.975567,22.991911,25.0,4382.219833,91.296247,25948.98123,10055.863398,,pass,pass
1136.0,high,mission_flight,25993.610947,264.658049,22.991867,25.0,4381.482333,91.280882,25994.958241,10009.888399,,pass,pass
1138.0,high,mission_flight,26039.593468,264.336066,22.991824,25.0,4380.744833,91.265517,26040.935112,9963.91348,,pass,pass
1140.0,high,mission_flight,26085.57587,264.009599,22.99178,25.0,4380.007333,91.250153,26086.911843,9917.938642,,pass,pass
1142.0,high,mission_flight,26131.558152,263.678629,22.991737,25.0,4379.269833,91.234788,26132.888433,9871.963884,,pass,pass
1144.0,high,mission_flight,26177.540313,263.343137,22.991693,25.0,4378.532333,91.219424,26178.864881,9825.989208,,pass,pass
1146.0,high,mission_flight,26223.522353,263.003103,22.991649,25.0,4377.794833,91.204059,26224.841186,9780.014612,,pass,pass
1148.0,high,mission_flight,26269.50427,262.658508,22.991604,25.0,4377.057333,91.188694,26270.817347,9734.040098,,pass,pass
1150.0,high,mission_flight,26315.486064,262.309333,22.99156,25.0,4376.319833,91.17333,26316.793364,9688.065667,,pass,pass
1152.0,high,mission_flight,26361.467734,261.955558,22.991515,25.0,4375.582333,91.157965,26362.769236,9642.091317,,pass,pass
1154.0,high,mission_flight,26407.449278,261.597162,22.99147,25.0,4374.844833,91.142601,26408.744962,9596.11705,,pass,pass
1156.0,high,mission_flight,26453.430696,261.234125,22.991425,25.0,4374.107333,91.127236,26454.72054,9550.142865,,pass,pass
1158.0,high,mission_flight,26499.411986,260.866428,22.99138,25.0,4373.369833,91.111872,26500.69597,9504.168764,,pass,pass
1160.0,high,mission_flight,26545.393149,260.494049,22.991335,25.0,4372.632333,91.096507,26546.671252,9458.194747,,pass,pass
1162.0,high,mission_flight,26591.374181,260.116967,22.99129,25.0,4371.894833,91.081142,26592.646384,9412.220813,,pass,pass
1164.0,high,mission_flight,26637.355084,259.735163,22.991244,25.0,4371.157333,91.065778,26638.621365,9366.246963,,pass,pass
1166.0,high,mission_flight,26683.335855,259.348614,22.991198,25.0,4370.419833,91.050413,26684.596194,9320.273198,,pass,pass
1168.0,high,mission_flight,26729.316494,258.9573,22.991152,25.0,4369.682333,91.035049,26730.570871,9274.299518,,pass,pass
1170.0,high,mission_flight,26775.296999,258.561198,22.991106,25.0,4368.944833,91.019684,26776.545395,9228.325923,,pass,pass
1172.0,high,mission_flight,26821.27737,258.160287,22.991059,25.0,4368.207333,91.004319,26822.519764,9182.352414,,pass,pass
1174.0,high,mission_flight,26867.257605,257.754546,22.991013,25.0,4367.469833,90.988955,26868.493977,9136.378991,,pass,pass
1176.0,high,mission_flight,26913.237703,257.343951,22.990966,25.0,4366.732333,90.97359,26914.468034,9090.405654,,pass,pass
1178.0,high,mission_flight,26959.217663,256.928481,22.990919,25.0,4365.994833,90.958226,26960.441934,9044.432404,,pass,pass
1180.0,high,mission_flight,27005.197485,256.508113,22.990872,25.0,4365.257333,90.942861,27006.415675,8998.45924,,pass,pass
1182.0,high,mission_flight,27051.177166,256.082824,22.990824,25.0,4364.519833,90.927497,27052.389257,8952.486164,,pass,pass
1184.0,high,mission_flight,27097.156706,255.652591,22.990776,25.0,4363.782333,90.912132,27098.362678,8906.513176,,pass,pass
1186.0,high,mission_flight,27143.136104,255.217391,22.990729,25.0,4363.044833,90.896767,27144.335937,8860.540276,,pass,pass
1188.0,high,mission_flight,27189.115358,254.7772,22.990681,25.0,4362.307333,90.881403,27190.309034,8814.567465,,pass,pass
1190.0,high,mission_flight,27235.094468,254.331994,22.990632,25.0,4361.569833,90.866038,27236.281968,8768.594742,,pass,pass
1192.0,high,mission_flight,27281.073431,253.881751,22.990584,25.0,4360.832333,90.850674,27282.254736,8722.622109,,pass,pass
1194.0,high,mission_flight,27327.052248,253.426444,22.990535,25.0,4360.094833,90.835309,27328.227339,8676.649565,,pass,pass
1196.0,high,mission_flight,27373.030916,252.966051,22.990486,25.0,4359.357333,90.819944,27374.199775,8630.677112,,pass,pass
1198.0,high,mission_flight,27419.009434,252.500546,22.990437,25.0,4358.619833,90.80458,27420.172043,8584.704749,,pass,pass
1200.0,high,mission_flight,27464.987801,252.029904,22.990388,25.0,4357.882333,90.789215,27466.144141,8538.732476,,pass,pass
1202.0,high,mission_flight,27510.966017,251.5541,22.990339,25.0,4357.144833,90.773851,27512.11607,8492.760295,,pass,pass
1204.0,high,mission_flight,27556.944078,251.073108,22.990289,25.0,4356.407333,90.758486,27558.087826,8446.788206,,pass,pass
1206.0,high,mission_flight,27602.921985,250.586904,22.990239,25.0,4355.669833,90.743122,27604.05941,8400.816209,,pass,pass
1208.0,high,mission_flight,27648.899736,250.09546,22.990189,25.0,4354.932333,90.727757,27650.030821,8354.844304,,pass,pass
1210.0,high,mission_flight,27694.87733,249.598751,22.990138,25.0,4354.194833,90.712392,27696.002056,8308.872493,,pass,pass
1212.0,high,mission_flight,27740.854765,249.096749,22.990088,25.0,4353.457333,90.697028,27741.973114,8262.900774,,pass,pass
1214.0,high,mission_flight,27786.83204,248.589429,22.990037,25.0,4352.719833,90.681663,27787.943996,8216.92915,,pass,pass
1216.0,high,mission_flight,27832.809153,248.076763,22.989986,25.0,4351.982333,90.666299,27833.914698,8170.957619,,pass,pass
1218.0,high,mission_flight,27878.786103,247.558723,22.989934,25.0,4351.244833,90.650934,27879.88522,8124.986183,,pass,pass
1220.0,high,mission_flight,27924.762889,247.035282,22.989883,25.0,4350.507333,90.635569,27925.855561,8079.014843,,pass,pass
1222.0,high,mission_flight,27970.739509,246.506412,22.989831,25.0,4349.769833,90.620205,27971.82572,8033.043598,,pass,pass
1224.0,high,mission_flight,28016.715962,245.972084,22.989779,25.0,4349.032333,90.60484,28017.795694,7987.072449,,pass,pass
1226.0,high,mission_flight,28062.692246,245.432271,22.989727,25.0,4348.294833,90.589476,28063.765483,7941.101396,,pass,pass
1228.0,high,mission_flight,28108.66836,244.886942,22.989674,25.0,4347.557333,90.574111,28109.735086,7895.13044,,pass,pass
1230.0,high,mission_flight,28154.644302,244.336068,22.989621,25.0,4346.819833,90.558747,28155.7045,7849.159582,,pass,pass
1232.0,high,mission_flight,28200.620071,243.779621,22.989568,25.0,4346.082333,90.543382,28201.673725,7803.188821,,pass,pass
1234.0,high,mission_flight,28246.595665,243.21757,22.989515,25.0,4345.344833,90.528017,28247.642759,7757.218159,,pass,pass
1236.0,high,mission_flight,28292.571082,242.649884,22.989461,25.0,4344.607333,90.512653,28293.611601,7711.247596,,pass,pass
1238.0,high,mission_flight,28338.546322,242.076534,22.989407,25.0,4343.869833,90.497288,28339.580249,7665.277132,,pass,pass
1240.0,high,mission_flight,28384.521382,241.497488,22.989353,25.0,4343.132333,90.481924,28385.548702,7619.306768,,pass,pass
1242.0,high,mission_flight,28430.49626,240.912714,22.989299,25.0,4342.394833,90.466559,28431.516958,7573.336504,,pass,pass
1244.0,high,mission_flight,28476.470956,240.322182,22.989244,25.0,4341.657333,90.451194,28477.485017,7527.366341,,pass,pass
1246.0,high,mission_flight,28522.445467,239.725859,22.989189,25.0,4340.919833,90.43583,28523.452875,7481.396279,,pass,pass
1248.0,high,mission_flight,28568.419792,239.123713,22.989134,25.0,4340.182333,90.420465,28569.420532,7435.426319,,pass,pass
1250.0,high,mission_flight,28614.393928,238.51571,22.989078,25.0,4339.444833,90.405101,28615.387987,7389.456461,,pass,pass
1252.0,high,mission_flight,28660.367875,237.901818,22.989023,25.0,4338.707333,90.389736,28661.355237,7343.486706,,pass,pass
1254.0,high,mission_flight,28706.34163,237.282003,22.988967,25.0,4337.969833,90.374372,28707.322281,7297.517055,,pass,pass
1256.0,high,mission_flight,28752.315192,236.65623,22.98891,25.0,4337.232333,90.359007,28753.289117,7251.547507,,pass,pass
1258.0,high,mission_flight,28798.288558,236.024467,22.988854,25.0,4336.494833,90.343642,28799.255744,7205.578064,,pass,pass
1260.0,high,mission_flight,28844.261728,235.386677,22.988797,25.0,4335.757333,90.328278,28845.222161,7159.608726,,pass,pass
1262.0,high,mission_flight,28890.234698,234.742825,22.988739,25.0,4335.019833,90.312913,28891.188364,7113.639494,,pass,pass
1264.0,high,mission_flight,28936.207467,234.092876,22.988682,25.0,4334.282333,90.297549,28937.154353,7067.670367,,pass,pass
1266.0,high,mission_flight,28982.180033,233.436794,22.988624,25.0,4333.544833,90.282184,28983.120126,7021.701348,,pass,pass
1268.0,high,mission_flight,29028.152395,232.774542,22.988566,25.0,4332.807333,90.266819,29029.085681,6975.732436,,pass,pass
1270.0,high,mission_flight,29074.12455,232.106082,22.988507,25.0,4332.069833,90.251455,29075.051016,6929.763631,,pass,pass
1272.0,high,mission_flight,29120.096495,231.431378,22.988448,25.0,4331.332333,90.23609,29121.016129,6883.794936,,pass,pass
1274.0,high,mission_flight,29166.06823,230.750391,22.988389,25.0,4330.594833,90.220726,29166.981019,6837.826349,,pass,pass
1276.0,high,mission_flight,29212.039752,230.063083,22.98833,25.0,4329.857333,90.205361,29212.945683,6791.857872,,pass,pass
1278.0,high,mission_flight,29258.011059,229.369415,22.98827,25.0,4329.119833,90.189997,29258.910121,6745.889505,,pass,pass
1280.0,high,mission_flight,29303.982148,228.669347,22.98821,25.0,4328.382333,90.174632,29304.874328,6699.921249,,pass,pass
1282.0,high,mission_flight,29349.953018,227.962839,22.988149,25.0,4327.644833,90.159267,29350.838305,6653.953105,,pass,pass
1284.0,high,mission_flight,29395.923666,227.249851,22.988088,25.0,4326.907333,90.143903,29396.802048,6607.985073,,pass,pass
1286.0,high,mission_flight,29441.89409,226.530342,22.988027,25.0,4326.169833,90.128538,29442.765556,6562.017153,,pass,pass
1288.0,high,mission_flight,29487.864288,225.804269,22.987966,25.0,4325.432333,90.113174,29488.728827,6516.049348,,pass,pass
1290.0,high,mission_flight,29533.834257,225.071592,22.987904,25.0,4324.694833,90.097809,29534.691858,6470.081656,,pass,pass
1292.0,high,mission_flight,29579.803996,224.332266,22.987842,25.0,4323.957333,90.082444,29580.654648,6424.114079,,pass,pass
1294.0,high,mission_flight,29625.7735,223.586249,22.987779,25.0,4323.219833,90.06708,29626.617193,6378.146618,,pass,pass
1296.0,high,mission_flight,29671.74277,222.833496,22.987716,25.0,4322.482333,90.051715,29672.579493,6332.179273,,pass,pass
1298.0,high,mission_flight,29717.7118,222.073964,22.987653,25.0,4321.744833,90.036351,29718.541544,6286.212044,,pass,pass
1300.0,high,mission_flight,29763.680591,221.307606,22.987589,25.0,4321.007333,90.020986,29764.503345,6240.244934,,pass,pass
1302.0,high,mission_flight,29809.649137,220.534378,22.987525,25.0,4320.269833,90.005622,29810.464892,6194.277941,,pass,pass
1304.0,high,mission_flight,29855.617438,219.754232,22.98746,25.0,4319.532333,89.990257,29856.426185,6148.311068,,pass,pass
1306.0,high,mission_flight,29901.58549,218.967121,22.987395,25.0,4318.794833,89.974892,29902.38722,6102.344315,,pass,pass
1308.0,high,mission_flight,29947.553291,218.172998,22.98733,25.0,4318.057333,89.959528,29948.347994,6056.377682,,pass,pass
1310.0,high,mission_flight,29993.520838,217.371814,22.987264,25.0,4317.319833,89.944163,29994.308506,6010.41117,,pass,pass
1312.0,high,mission_flight,30039.488128,216.56352,22.987198,25.0,4316.582333,89.928799,30040.268753,5964.44478,,pass,pass
1314.0,high,mission_flight,30085.455158,215.748066,22.987131,25.0,4315.844833,89.913434,30086.228732,5918.478513,,pass,pass
1316.0,high,mission_flight,30131.421926,214.925401,22.987064,25.0,4315.107333,89.898069,30132.188441,5872.51237,,pass,pass
1318.0,high,mission_flight,30177.388429,214.095474,22.986997,25.0,4314.369833,89.882705,30178.147876,5826.546351,,pass,pass
1320.0,high,mission_flight,30223.354663,213.258232,22.986929,25.0,4313.632333,89.86734,30224.107036,5780.580458,,pass,pass
1322.0,high,mission_flight,30269.320625,212.413623,22.986861,25.0,4312.894833,89.851976,30270.065918,5734.61469,,pass,pass
1324.0,high,mission_flight,30315.286313,211.561593,22.986792,25.0,4312.157333,89.836611,30316.024518,5688.649049,,pass,pass
1326.0,high,mission_flight,30361.251724,210.702086,22.986723,25.0,4311.419833,89.821247,30361.982834,5642.683536,,pass,pass
1328.0,high,mission_flight,30407.216853,209.835048,22.986653,25.0,4310.682333,89.805882,30407.940863,5596.718152,,pass,pass
1330.0,high,mission_flight,30453.181699,208.960422,22.986583,25.0,4309.944833,89.790517,30453.898601,5550.752897,,pass,pass
1332.0,high,mission_flight,30499.146257,208.078151,22.986512,25.0,4309.207333,89.775153,30499.856047,5504.787773,,pass,pass
1334.0,high,mission_flight,30545.110524,207.188177,22.986441,25.0,4308.469833,89.759788,30545.813197,5458.822779,,pass,pass
1336.0,high,mission_flight,30591.074497,206.29044,22.98637,25.0,4307.732333,89.744424,30591.770047,5412.857918,,pass,pass
1338.0,high,mission_flight,30637.038172,205.384881,22.986297,25.0,4306.994833,89.729059,30637.726595,5366.89319,,pass,pass
1340.0,high,mission_flight,30683.001546,204.471438,22.986225,25.0,4306.257333,89.713694,30683.682837,5320.928596,,pass,pass
1342.0,high,mission_flight,30728.964615,203.550049,22.986152,25.0,4305.519833,89.69833,30729.63877,5274.964138,,pass,pass
1344.0,high,mission_flight,30774.927375,202.620652,22.986078,25.0,4304.782333,89.682965,30775.594391,5228.999815,,pass,pass
1346.0,high,mission_flight,30820.889823,201.683181,22.986004,25.0,4304.044833,89.667601,30821.549695,5183.035629,,pass,pass
1348.0,high,mission_flight,30866.851955,200.737573,22.985929,25.0,4303.307333,89.652236,30867.50468,5137.071581,,pass,pass
1350.0,high,mission_flight,30912.813767,199.78376,22.985854,25.0,4302.569833,89.636872,30913.459343,5091.107672,,pass,pass
1352.0,high,mission_flight,30958.775254,198.821674,22.985778,25.0,4301.832333,89.621507,30959.413678,5045.143903,,pass,pass
1354.0,high,mission_flight,31004.736413,197.851248,22.985701,25.0,4301.094833,89.606142,31005.367683,4999.180275,,pass,pass
1356.0,high,mission_flight,31050.69724,196.872411,22.985624,25.0,4300.357333,89.590778,31051.321354,4953.216789,,pass,pass
1358.0,high,mission_flight,31096.65773,195.885092,22.985547,25.0,4299.619833,89.575413,31097.274687,4907.253446,,pass,pass
1360.0,high,mission_flight,31142.617879,194.889219,22.985469,25.0,4298.882333,89.560049,31143.227677,4861.290248,,pass,pass
1362.0,high,mission_flight,31188.577683,193.884718,22.98539,25.0,4298.144833,89.544684,31189.180322,4815.327196,,pass,pass
1364.0,high,mission_flight,31234.537136,192.871514,22.98531,25.0,4297.407333,89.529319,31235.132616,4769.36429,,pass,pass
1366.0,high,mission_flight,31280.496235,191.849531,22.98523,25.0,4296.669833,89.513955,31281.084555,4723.401532,,pass,pass
1368.0,high,mission_flight,31326.454975,190.81869,22.98515,25.0,4295.932333,89.49859,31327.036136,4677.438922,,pass,pass
1370.0,high,mission_flight,31372.413351,189.778913,22.985068,25.0,4295.194833,89.483226,31372.987354,4631.476463,,pass,pass
1372.0,high,mission_flight,31418.371358,188.730118,22.984986,25.0,4294.457333,89.467861,31418.938203,4585.514156,,pass,pass
1374.0,high,mission_flight,31464.32899,187.672223,22.984903,25.0,4293.719833,89.452497,31464.888681,4539.552001,,pass,pass
1376.0,high,mission_flight,31510.286244,186.605144,22.98482,25.0,4292.982333,89.437132,31510.838781,4493.59,,pass,pass
1378.0,high,mission_flight,31556.243113,185.528796,22.984736,25.0,4292.244833,89.421767,31556.788499,4447.628155,,pass,pass
1380.0,high,mission_flight,31602.199593,184.443091,22.984651,25.0,4291.507333,89.406403,31602.73783,4401.666466,,pass,pass
1382.0,high,mission_flight,31648.155677,183.34794,22.984566,25.0,4290.769833,89.391038,31648.686769,4355.704935,,pass,pass
1384.0,high,mission_flight,31694.11136,182.243253,22.984479,25.0,4290.032333,89.375674,31694.635311,4309.743564,,pass,pass
1386.0,high,mission_flight,31740.066637,181.128936,22.984392,25.0,4289.294833,89.360309,31740.583451,4263.782353,,pass,pass
1388.0,high,mission_flight,31786.021501,180.004896,22.984304,25.0,4288.557333,89.344944,31786.531182,4217.821304,,pass,pass
1390.0,high,mission_flight,31831.975946,178.871035,22.984216,25.0,4287.819833,89.32958,31832.478501,4171.860419,,pass,pass
1392.0,high,mission_flight,31877.929967,177.727255,22.984126,25.0,4287.082333,89.314215,31878.4254,4125.8997,,pass,pass
1394.0,high,mission_flight,31923.883557,176.573455,22.984036,25.0,4286.344833,89.298851,31924.371874,4079.939147,,pass,pass
1396.0,high,mission_flight,31969.83671,175.409532,22.983945,25.0,4285.607333,89.283486,31970.317917,4033.978762,,pass,pass
1398.0,high,mission_flight,32015.789418,174.235381,22.983853,25.0,4284.869833,89.268122,32016.263524,3988.018547,,pass,pass
1400.0,high,mission_flight,32061.741675,173.050896,22.98376,25.0,4284.132333,89.252757,32062.208687,3942.058503,,pass,pass
1402.0,high,mission_flight,32107.693475,171.855965,22.983667,25.0,4283.394833,89.237392,32108.1534,3896.098633,,pass,pass
1404.0,high,mission_flight,32153.64481,170.650477,22.983572,25.0,4282.657333,89.222028,32154.097657,3850.138937,,pass,pass
1406.0,high,mission_flight,32199.595672,169.434317,22.983477,25.0,4281.919833,89.206663,32200.04145,3804.179418,,pass,pass
1408.0,high,mission_flight,32245.546054,168.207368,22.98338,25.0,4281.182333,89.191299,32245.984774,3758.220077,,pass,pass
1410.0,high,mission_flight,32291.495949,166.969508,22.983283,25.0,4280.444833,89.175934,32291.92762,3712.260917,,pass,pass
1412.0,high,mission_flight,32337.445348,165.720616,22.983184,25.0,4279.707333,89.160569,32337.869982,3666.301938,,pass,pass
1414.0,high,mission_flight,32383.394244,164.460565,22.983085,25.0,4278.969833,89.145205,32383.811851,3620.343143,,pass,pass
1416.0,high,mission_flight,32429.342627,163.189225,22.982984,25.0,4278.232333,89.12984,32429.753221,3574.384534,,pass,pass
1418.0,high,mission_flight,32475.29049,161.906465,22.982883,25.0,4277.494833,89.114476,32475.694082,3528.426113,,pass,pass
1420.0,high,mission_flight,32521.237823,160.61215,22.98278,25.0,4276.757333,89.099111,32521.634427,3482.467881,,pass,pass
1422.0,high,mission_flight,32567.184618,159.306139,22.982676,25.0,4276.019833,89.083747,32567.574248,3436.509842,,pass,pass
1424.0,high,mission_flight,32613.130865,157.988291,22.982571,25.0,4275.282333,89.068382,32613.513536,3390.551996,,pass,pass
1426.0,high,mission_flight,32659.076555,156.65846,22.982465,25.0,4274.544833,89.053017,32659.452281,3344.594346,,pass,pass
1428.0,high,mission_flight,32705.021676,155.316495,22.982358,25.0,4273.807333,89.037653,32705.390474,3298.636895,,pass,pass
1430.0,high,mission_flight,32750.966221,153.962242,22.982249,25.0,4273.069833,89.022288,32751.328107,3252.679645,,pass,pass
1432.0,high,mission_flight,32796.910177,152.595544,22.98214,25.0,4272.332333,89.006924,32797.265168,3206.722597,,pass,pass
1434.0,high,mission_flight,32842.853534,151.216237,22.982028,25.0,4271.594833,88.991559,32843.201649,3160.765756,,pass,pass
1436.0,high,mission_flight,32888.79628,149.824154,22.981916,25.0,4270.857333,88.976194,32889.137539,3114.809122,,pass,pass
1438.0,high,mission_flight,32934.738405,148.419125,22.981802,25.0,4270.119833,88.96083,32935.072826,3068.852698,,pass,pass
1440.0,high,mission_flight,32980.679896,147.000972,22.981687,25.0,4269.382333,88.945465,32981.0075,3022.896488,,pass,pass
1442.0,high,mission_flight,33026.620741,145.569513,22.98157,25.0,4268.644833,88.930101,33026.941549,2976.940493,,pass,pass
1444.0,high,mission_flight,33072.560928,144.124561,22.981452,25.0,4267.907333,88.914736,33072.874961,2930.984717,,pass,pass
1446.0,high,mission_flight,33118.500442,142.665924,22.981333,25.0,4267.169833,88.899372,33118.807724,2885.029163,,pass,pass
1448.0,high,mission_flight,33164.439271,141.193403,22.981211,25.0,4266.432333,88.884007,33164.739826,2839.073832,,pass,pass
1450.0,high,mission_flight,33210.3774,139.706792,22.981089,25.0,4265.694833,88.868642,33210.671253,2793.118729,,pass,pass
1452.0,high,mission_flight,33256.314816,138.205882,22.980964,25.0,4264.957333,88.853278,33256.601991,2747.163857,,pass,pass
1454.0,high,mission_flight,33302.251502,136.690453,22.980838,25.0,4264.219833,88.837913,33302.532026,2701.209218,,pass,pass
1456.0,high,mission_flight,33348.187443,135.160282,22.98071,25.0,4263.482333,88.822549,33348.461344,2655.254816,,pass,pass
1458.0,high,mission_flight,33394.122623,133.615135,22.98058,25.0,4262.744833,88.807184,33394.38993,2609.300655,,pass,pass
1460.0,high,mission_flight,33440.057026,132.054772,22.980449,25.0,4262.007333,88.791819,33440.317767,2563.346737,,pass,pass
1462.0,high,mission_flight,33485.990633,130.478945,22.980315,25.0,4261.269833,88.776455,33486.244839,2517.393067,,pass,pass
1464.0,high,mission_flight,33531.923426,128.887396,22.980179,25.0,4260.532333,88.76109,33532.171129,2471.439648,,pass,pass
1466.0,high,mission_flight,33577.855388,127.279859,22.980042,25.0,4259.794833,88.745726,33578.096619,2425.486484,,pass,pass
1468.0,high,mission_flight,33623.786497,125.656058,22.979902,25.0,4259.057333,88.730361,33624.021292,2379.53358,,pass,pass
1470.0,high,mission_flight,33669.716734,124.015708,22.97976,25.0,4258.319833,88.714997,33669.945126,2333.580939,,pass,pass
1472.0,high,mission_flight,33715.646077,122.35851,22.979615,25.0,4257.582333,88.699632,33715.868104,2287.628565,,pass,pass
1474.0,high,mission_flight,33761.574504,120.684158,22.979468,25.0,4256.844833,88.684267,33761.790202,2241.676464,,pass,pass
1476.0,high,mission_flight,33807.501992,118.992329,22.979319,25.0,4256.107333,88.668903,33807.7114,2195.724639,,pass,pass
1478.0,high,mission_flight,33853.428517,117.282692,22.979167,25.0,4255.369833,88.653538,33853.631675,2149.773096,,pass,pass
1480.0,high,mission_flight,33899.354053,115.5549,22.979013,25.0,4254.632333,88.638174,33899.551002,2103.821839,,pass,pass
1482.0,high,mission_flight,33945.278573,113.808591,22.978856,25.0,4253.894833,88.622809,33945.469356,2057.870874,,pass,pass
1484.0,high,mission_flight,33991.202051,112.043389,22.978695,25.0,4253.157333,88.607444,33991.386712,2011.920207,,pass,pass
1486.0,high,mission_flight,34037.124458,110.2589,22.978532,25.0,4252.419833,88.59208,34037.303042,1965.969842,,pass,pass
1488.0,high,mission_flight,34083.045761,108.454714,22.978366,25.0,4251.682333,88.576715,34083.218316,1920.019786,,pass,pass
1490.0,high,mission_flight,34128.96593,106.630401,22.978196,25.0,4250.944833,88.561351,34129.132504,1874.070045,,pass,pass
1492.0,high,mission_flight,34174.88493,104.785513,22.978023,25.0,4250.207333,88.545986,34175.045574,1828.120625,,pass,pass
1494.0,high,mission_flight,34220.802727,102.919578,22.977847,25.0,4249.469833,88.530622,34220.957493,1782.171534,,pass,pass
1496.0,high,mission_flight,34266.719282,101.032101,22.977666,25.0,4248.732333,88.515257,34266.868223,1736.222777,,pass,pass
1498.0,high,mission_flight,34312.634556,99.122563,22.977482,25.0,4247.994833,88.499892,34312.777729,1690.274363,,pass,pass
1500.0,high,mission_flight,34358.548507,97.190419,22.977294,25.0,4247.257333,88.484528,34358.685969,1644.3263,,pass,pass
1502.0,high,mission_flight,34404.461091,95.235093,22.977101,25.0,4246.519833,88.469163,34404.592902,1598.378595,,pass,pass
1504.0,high,mission_flight,34450.372261,93.255977,22.976904,25.0,4245.782333,88.453799,34450.498481,1552.431256,,pass,pass
1506.0,high,mission_flight,34496.281967,91.252431,22.976702,25.0,4245.044833,88.438434,34496.402661,1506.484294,,pass,pass
1508.0,high,mission_flight,34542.190155,89.223776,22.976494,25.0,4244.307333,88.423069,34542.305389,1460.537718,,pass,pass
1510.0,high,mission_flight,34588.096769,87.169292,22.976282,25.0,4243.569833,88.407705,34588.206611,1414.591538,,pass,pass
1512.0,high,mission_flight,34634.001749,85.088216,22.976064,25.0,4242.832333,88.39234,34634.10627,1368.645764,,pass,pass
1514.0,high,mission_flight,34679.905028,82.979734,22.975839,25.0,4242.094833,88.376976,34680.004302,1322.700408,,pass,pass
1516.0,high,mission_flight,34725.806539,80.842979,22.975609,25.0,4241.357333,88.361611,34725.900642,1276.755483,,pass,pass
1518.0,high,mission_flight,34771.706206,78.677025,22.975371,25.0,4240.619833,88.346247,34771.795216,1230.811001,,pass,pass
1520.0,high,mission_flight,34817.603948,76.480879,22.975127,25.0,4239.882333,88.330882,34817.687947,1184.866975,,pass,pass
1522.0,high,mission_flight,34863.499678,74.253476,22.974874,25.0,4239.144833,88.315517,34863.578751,1138.923422,,pass,pass
1524.0,high,mission_flight,34909.393301,71.993666,22.974613,25.0,4238.407333,88.300153,34909.467537,1092.980357,,pass,pass
1526.0,high,mission_flight,34955.284714,69.700209,22.974343,25.0,4237.669833,88.284788,34955.354205,1047.037796,,pass,pass
1528.0,high,mission_flight,35001.173806,67.371762,22.974063,25.0,4236.932333,88.269424,35001.238646,1001.09576,,pass,pass
1530.0,high,mission_flight,35047.060452,65.006861,22.973773,25.0,4236.194833,88.254059,35047.12074,955.154267,,pass,pass
1532.0,high,mission_flight,35092.944517,62.60391,22.973472,25.0,4235.457333,88.238694,35093.000357,909.213341,,pass,pass
1534.0,high,mission_flight,35138.82585,60.161159,22.973157,25.0,4234.719833,88.22333,35138.877351,863.273005,,pass,pass
1536.0,high,mission_flight,35184.704287,57.676678,22.972829,25.0,4233.982333,88.207965,35184.75156,817.333285,,pass,pass
1538.0,high,mission_flight,35230.579639,55.148333,22.972486,25.0,4233.244833,88.192601,35230.622802,771.394212,,pass,pass
1540.0,high,mission_flight,35276.451698,52.573745,22.972126,25.0,4232.507333,88.177236,35276.490875,725.455818,,pass,pass
1542.0,high,mission_flight,35322.320228,49.950247,22.971748,25.0,4231.769833,88.161872,35322.355546,679.518138,,pass,pass
1544.0,high,mission_flight,35368.184958,47.274831,22.971348,25.0,4231.032333,88.146507,35368.216553,633.581215,,pass,pass
1546.0,high,mission_flight,35414.045578,44.544067,22.970925,25.0,4230.294833,88.131142,35414.073592,587.645096,,pass,pass
1548.0,high,mission_flight,35459.901727,41.754019,22.970474,25.0,4229.557333,88.115778,35459.926309,541.709833,,pass,pass
1550.0,high,mission_flight,35505.752979,38.900109,22.969992,25.0,4228.819833,88.100413,35505.774289,495.77549,,pass,pass
1552.0,high,mission_flight,35551.59883,35.976951,22.969474,25.0,4228.082333,88.085049,35551.617034,449.842139,,pass,pass
1554.0,high,mission_flight,35597.438666,32.978109,22.968912,25.0,4227.344833,88.069684,35597.453942,403.90987,,pass,pass
1556.0,high,mission_flight,35643.271731,29.895749,22.968298,25.0,4226.607333,88.054319,35643.284268,357.97879,,pass,pass
1558.0,high,mission_flight,35689.097067,26.720118,22.967619,25.0,4225.869833,88.038955,35689.107069,312.049033,,pass,pass
1560.0,high,mission_flight,35734.913426,23.438721,22.966858,25.0,4225.132333,88.02359,35734.921113,266.120772,,pass,pass
1562.0,high,mission_flight,35780.719116,20.034946,22.965991,25.0,4224.394833,88.008226,35780.724725,220.194244,,pass,pass
1564.0,high,mission_flight,35826.511717,16.485566,22.964976,25.0,4223.657333,87.992861,35826.51551,174.269786,,pass,pass
1566.0,high,mission_flight,35872.287495,12.755668,22.963743,25.0,4222.919833,87.977497,35872.289763,128.347929,,pass,pass
1568.0,high,mission_flight,35918.039955,8.786492,22.962153,25.0,4222.182333,87.962132,35918.04103,82.429675,,pass,pass
1570.0,high,mission_flight,36000.0,0.0,0.0,0.0,4221.444833,87.946767,36000.0,0.0,mission_waypoint_reached,pass,pass
1572.0,high,mission_flight,36000.0,0.0,0.0,0.0,4220.8115,87.933573,36000.0,0.0,,pass,pass
1574.0,high,mission_flight,36000.0,0.0,0.0,0.0,4220.178167,87.920378,36000.0,0.0,,pass,pass
1576.0,high,mission_flight,36000.0,0.0,0.0,0.0,4219.544833,87.907184,36000.0,0.0,,pass,pass
1578.0,high,mission_flight,36000.0,0.0,0.0,0.0,4218.9115,87.89399,36000.0,0.0,,pass,pass
1580.0,high,mission_flight,36000.0,0.0,0.0,0.0,4218.278167,87.880795,36000.0,0.0,,pass,pass
1582.0,high,mission_flight,36000.0,0.0,0.0,0.0,4217.644833,87.867601,36000.0,0.0,,pass,pass
1584.0,high,mission_flight,36000.0,0.0,0.0,0.0,4217.0115,87.854406,36000.0,0.0,,pass,pass
1586.0,high,mission_flight,36000.0,0.0,0.0,0.0,4216.378167,87.841212,36000.0,0.0,,pass,pass
1588.0,high,mission_flight,36000.0,0.0,0.0,0.0,4215.744833,87.828017,36000.0,0.0,,pass,pass
1590.0,high,mission_flight,36000.0,0.0,0.0,0.0,4215.1115,87.814823,36000.0,0.0,,pass,pass
1592.0,high,mission_flight,36000.0,0.0,0.0,0.0,4214.478167,87.801628,36000.0,0.0,,pass,pass
1594.0,high,mission_flight,36000.0,0.0,0.0,0.0,4213.844833,87.788434,36000.0,0.0,,pass,pass
1596.0,high,mission_flight,36000.0,0.0,0.0,0.0,4213.2115,87.77524,36000.0,0.0,,pass,pass
1598.0,high,mission_flight,36000.0,0.0,0.0,0.0,4212.578167,87.762045,36000.0,0.0,,pass,pass
1600.0,high,mission_flight,36000.0,0.0,0.0,0.0,4211.944833,87.748851,36000.0,0.0,,pass,pass
1602.0,high,mission_flight,36000.0,0.0,0.0,0.0,4211.3115,87.735656,36000.0,0.0,,pass,pass
1604.0,high,mission_flight,36000.0,0.0,0.0,0.0,4210.678167,87.722462,36000.0,0.0,,pass,pass
1606.0,high,mission_flight,36000.0,0.0,0.0,0.0,4210.044833,87.709267,36000.0,0.0,,pass,pass
1608.0,high,mission_flight,36000.0,0.0,0.0,0.0,4209.4115,87.696073,36000.0,0.0,,pass,pass
1610.0,high,mission_flight,36000.0,0.0,0.0,0.0,4208.778167,87.682878,36000.0,0.0,,pass,pass
1612.0,high,mission_flight,36000.0,0.0,0.0,0.0,4208.144833,87.669684,36000.0,0.0,,pass,pass
1614.0,high,mission_flight,36000.0,0.0,0.0,0.0,4207.5115,87.65649,36000.0,0.0,,pass,pass
1616.0,high,mission_flight,36000.0,0.0,0.0,0.0,4206.878167,87.643295,36000.0,0.0,,pass,pass
1618.0,high,mission_flight,36000.0,0.0,0.0,0.0,4206.244833,87.630101,36000.0,0.0,,pass,pass
1620.0,high,mission_flight,36000.0,0.0,0.0,0.0,4205.6115,87.616906,36000.0,0.0,,pass,pass
1622.0,high,mission_flight,36000.0,0.0,0.0,0.0,4204.978167,87.603712,36000.0,0.0,,pass,pass
1624.0,high,mission_flight,36000.0,0.0,0.0,0.0,4204.344833,87.590517,36000.0,0.0,,pass,pass
1626.0,high,mission_flight,36000.0,0.0,0.0,0.0,4203.7115,87.577323,36000.0,0.0,,pass,pass
1628.0,high,mission_flight,36000.0,0.0,0.0,0.0,4203.078167,87.564128,36000.0,0.0,,pass,pass
1630.0,high,mission_flight,36000.0,0.0,0.0,0.0,4202.444833,87.550934,36000.0,0.0,,pass,pass
1632.0,high,mission_flight,36000.0,0.0,0.0,0.0,4201.8115,87.53774,36000.0,0.0,,pass,pass
1634.0,high,mission_flight,36000.0,0.0,0.0,0.0,4201.178167,87.524545,36000.0,0.0,,pass,pass
1636.0,high,mission_flight,36000.0,0.0,0.0,0.0,4200.544833,87.511351,36000.0,0.0,,pass,pass
1638.0,high,mission_flight,36000.0,0.0,0.0,0.0,4199.9115,87.498156,36000.0,0.0,,pass,pass
1640.0,high,mission_flight,36000.0,0.0,0.0,0.0,4199.278167,87.484962,36000.0,0.0,,pass,pass
1642.0,high,mission_flight,36000.0,0.0,0.0,0.0,4198.644833,87.471767,36000.0,0.0,,pass,pass
1644.0,high,mission_flight,36000.0,0.0,0.0,0.0,4198.0115,87.458573,36000.0,0.0,,pass,pass
1646.0,high,mission_flight,36000.0,0.0,0.0,0.0,4197.378167,87.445378,36000.0,0.0,,pass,pass
1648.0,high,mission_flight,36000.0,0.0,0.0,0.0,4196.744833,87.432184,36000.0,0.0,,pass,pass
1650.0,high,mission_flight,36000.0,0.0,0.0,0.0,4196.1115,87.41899,36000.0,0.0,,pass,pass
1652.0,high,mission_flight,36000.0,0.0,0.0,0.0,4195.478167,87.405795,36000.0,0.0,,pass,pass
1654.0,high,mission_flight,36000.0,0.0,0.0,0.0,4194.844833,87.392601,36000.0,0.0,,pass,pass
1656.0,high,mission_flight,36000.0,0.0,0.0,0.0,4194.2115,87.379406,36000.0,0.0,,pass,pass
1658.0,high,mission_flight,36000.0,0.0,0.0,0.0,4193.578167,87.366212,36000.0,0.0,,pass,pass
1660.0,high,mission_flight,36000.0,0.0,0.0,0.0,4192.944833,87.353017,36000.0,0.0,,pass,pass
1662.0,high,mission_flight,36000.0,0.0,0.0,0.0,4192.3115,87.339823,36000.0,0.0,,pass,pass
1664.0,high,mission_flight,36000.0,0.0,0.0,0.0,4191.678167,87.326628,36000.0,0.0,,pass,pass
1666.0,high,mission_flight,36000.0,0.0,0.0,0.0,4191.044833,87.313434,36000.0,0.0,,pass,pass
1668.0,high,mission_flight,36000.0,0.0,0.0,0.0,4190.4115,87.30024,36000.0,0.0,,pass,pass
1670.0,high,mission_flight,36000.0,0.0,0.0,0.0,4189.778167,87.287045,36000.0,0.0,,pass,pass
1672.0,high,mission_flight,36000.0,0.0,0.0,0.0,4189.144833,87.273851,36000.0,0.0,,pass,pass
1674.0,high,mission_flight,36000.0,0.0,0.0,0.0,4188.5115,87.260656,36000.0,0.0,,pass,pass
1676.0,high,mission_flight,36000.0,0.0,0.0,0.0,4187.878167,87.247462,36000.0,0.0,,pass,pass
1678.0,high,mission_flight,36000.0,0.0,0.0,0.0,4187.244833,87.234267,36000.0,0.0,,pass,pass
1680.0,high,mission_flight,36000.0,0.0,0.0,0.0,4186.6115,87.221073,36000.0,0.0,,pass,pass
1682.0,high,mission_flight,36000.0,0.0,0.0,0.0,4185.978167,87.207878,36000.0,0.0,,pass,pass
1684.0,high,mission_flight,36000.0,0.0,0.0,0.0,4185.344833,87.194684,36000.0,0.0,,pass,pass
1686.0,high,mission_flight,36000.0,0.0,0.0,0.0,4184.7115,87.18149,36000.0,0.0,,pass,pass
1688.0,high,mission_flight,36000.0,0.0,0.0,0.0,4184.078167,87.168295,36000.0,0.0,,pass,pass
1690.0,high,mission_flight,36000.0,0.0,0.0,0.0,4183.444833,87.155101,36000.0,0.0,,pass,pass
1692.0,high,mission_flight,36000.0,0.0,0.0,0.0,4182.8115,87.141906,36000.0,0.0,,pass,pass
1694.0,high,mission_flight,36000.0,0.0,0.0,0.0,4182.178167,87.128712,36000.0,0.0,,pass,pass
1696.0,high,mission_flight,36000.0,0.0,0.0,0.0,4181.544833,87.115517,36000.0,0.0,,pass,pass
1698.0,high,mission_flight,36000.0,0.0,0.0,0.0,4180.9115,87.102323,36000.0,0.0,,pass,pass
1700.0,high,mission_flight,36000.0,0.0,0.0,0.0,4180.278167,87.089128,36000.0,0.0,,pass,pass
1702.0,high,mission_flight,36000.0,0.0,0.0,0.0,4179.644833,87.075934,36000.0,0.0,,pass,pass
1704.0,high,mission_flight,36000.0,0.0,0.0,0.0,4179.0115,87.06274,36000.0,0.0,,pass,pass
1706.0,high,mission_flight,36000.0,0.0,0.0,0.0,4178.378167,87.049545,36000.0,0.0,,pass,pass
1708.0,high,mission_flight,36000.0,0.0,0.0,0.0,4177.744833,87.036351,36000.0,0.0,,pass,pass
1710.0,high,mission_flight,36000.0,0.0,0.0,0.0,4177.1115,87.023156,36000.0,0.0,,pass,pass
1712.0,high,mission_flight,36000.0,0.0,0.0,0.0,4176.478167,87.009962,36000.0,0.0,,pass,pass
1714.0,high,mission_flight,36000.0,0.0,0.0,0.0,4175.844833,86.996767,36000.0,0.0,,pass,pass
1716.0,high,mission_flight,36000.0,0.0,0.0,0.0,4175.2115,86.983573,36000.0,0.0,,pass,pass
1718.0,high,mission_flight,36000.0,0.0,0.0,0.0,4174.578167,86.970378,36000.0,0.0,,pass,pass
1720.0,high,mission_flight,36000.0,0.0,0.0,0.0,4173.944833,86.957184,36000.0,0.0,,pass,pass
1722.0,high,mission_flight,36000.0,0.0,0.0,0.0,4173.3115,86.94399,36000.0,0.0,,pass,pass
1724.0,high,mission_flight,36000.0,0.0,0.0,0.0,4172.678167,86.930795,36000.0,0.0,,pass,pass
1726.0,high,mission_flight,36000.0,0.0,0.0,0.0,4172.044833,86.917601,36000.0,0.0,,pass,pass
1728.0,high,mission_flight,36000.0,0.0,0.0,0.0,4171.4115,86.904406,36000.0,0.0,,pass,pass
1730.0,high,mission_flight,36000.0,0.0,0.0,0.0,4170.778167,86.891212,36000.0,0.0,,pass,pass
1732.0,high,mission_flight,36000.0,0.0,0.0,0.0,4170.144833,86.878017,36000.0,0.0,,pass,pass
1734.0,high,mission_flight,36000.0,0.0,0.0,0.0,4169.5115,86.864823,36000.0,0.0,,pass,pass
1736.0,high,mission_flight,36000.0,0.0,0.0,0.0,4168.878167,86.851628,36000.0,0.0,,pass,pass
1738.0,high,mission_flight,36000.0,0.0,0.0,0.0,4168.244833,86.838434,36000.0,0.0,,pass,pass
1740.0,high,mission_flight,36000.0,0.0,0.0,0.0,4167.6115,86.82524,36000.0,0.0,,pass,pass
1742.0,high,mission_flight,36000.0,0.0,0.0,0.0,4166.978167,86.812045,36000.0,0.0,,pass,pass
1744.0,high,mission_flight,36000.0,0.0,0.0,0.0,4166.344833,86.798851,36000.0,0.0,,pass,pass
1746.0,high,mission_flight,36000.0,0.0,0.0,0.0,4165.7115,86.785656,36000.0,0.0,,pass,pass
1748.0,high,mission_flight,36000.0,0.0,0.0,0.0,4165.078167,86.772462,36000.0,0.0,,pass,pass
1750.0,high,mission_flight,36000.0,0.0,0.0,0.0,4164.444833,86.759267,36000.0,0.0,,pass,pass
1752.0,high,mission_flight,36000.0,0.0,0.0,0.0,4163.8115,86.746073,36000.0,0.0,,pass,pass
1754.0,high,mission_flight,36000.0,0.0,0.0,0.0,4163.178167,86.732878,36000.0,0.0,,pass,pass
1756.0,high,mission_flight,36000.0,0.0,0.0,0.0,4162.544833,86.719684,36000.0,0.0,,pass,pass
1758.0,high,mission_flight,36000.0,0.0,0.0,0.0,4161.9115,86.70649,36000.0,0.0,,pass,pass
1760.0,high,mission_flight,36000.0,0.0,0.0,0.0,4161.278167,86.693295,36000.0,0.0,,pass,pass
1762.0,high,mission_flight,36000.0,0.0,0.0,0.0,4160.644833,86.680101,36000.0,0.0,,pass,pass
1764.0,high,mission_flight,36000.0,0.0,0.0,0.0,4160.0115,86.666906,36000.0,0.0,,pass,pass
1766.0,high,mission_flight,36000.0,0.0,0.0,0.0,4159.378167,86.653712,36000.0,0.0,,pass,pass
1768.0,high,mission_flight,36000.0,0.0,0.0,0.0,4158.744833,86.640517,36000.0,0.0,,pass,pass
1770.0,high,mission_flight,36000.0,0.0,0.0,0.0,4158.1115,86.627323,36000.0,0.0,,pass,pass
1772.0,high,mission_flight,36000.0,0.0,0.0,0.0,4157.478167,86.614128,36000.0,0.0,,pass,pass
1774.0,high,mission_flight,36000.0,0.0,0.0,0.0,4156.844833,86.600934,36000.0,0.0,,pass,pass
1776.0,high,mission_flight,36000.0,0.0,0.0,0.0,4156.2115,86.58774,36000.0,0.0,,pass,pass
1778.0,high,mission_flight,36000.0,0.0,0.0,0.0,4155.578167,86.574545,36000.0,0.0,,pass,pass
1780.0,high,mission_flight,36000.0,0.0,0.0,0.0,4154.944833,86.561351,36000.0,0.0,,pass,pass
1782.0,high,mission_flight,36000.0,0.0,0.0,0.0,4154.3115,86.548156,36000.0,0.0,,pass,pass
1784.0,high,mission_flight,36000.0,0.0,0.0,0.0,4153.678167,86.534962,36000.0,0.0,,pass,pass
1786.0,high,mission_flight,36000.0,0.0,0.0,0.0,4153.044833,86.521767,36000.0,0.0,,pass,pass
1788.0,high,mission_flight,36000.0,0.0,0.0,0.0,4152.4115,86.508573,36000.0,0.0,,pass,pass
1790.0,high,mission_flight,36000.0,0.0,0.0,0.0,4151.778167,86.495378,36000.0,0.0,,pass,pass
1792.0,high,mission_flight,36000.0,0.0,0.0,0.0,4151.144833,86.482184,36000.0,0.0,,pass,pass
1794.0,high,mission_flight,36000.0,0.0,0.0,0.0,4150.5115,86.46899,36000.0,0.0,,pass,pass
1796.0,high,mission_flight,36000.0,0.0,0.0,0.0,4149.878167,86.455795,36000.0,0.0,,pass,pass
1798.0,high,mission_flight,36000.0,0.0,0.0,0.0,4149.244833,86.442601,36000.0,0.0,,pass,pass
1800.0,high,mission_flight,36000.0,0.0,0.0,0.0,4148.6115,86.429406,36000.0,0.0,,pass,pass
1802.0,high,mission_flight,36000.0,0.0,0.0,0.0,4147.978167,86.416212,36000.0,0.0,,pass,pass
1804.0,high,mission_flight,36000.0,0.0,0.0,0.0,4147.344833,86.403017,36000.0,0.0,,pass,pass
1806.0,high,mission_flight,36000.0,0.0,0.0,0.0,4146.7115,86.389823,36000.0,0.0,,pass,pass
1808.0,high,mission_flight,36000.0,0.0,0.0,0.0,4146.078167,86.376628,36000.0,0.0,,pass,pass
1810.0,high,mission_flight,36000.0,0.0,0.0,0.0,4145.444833,86.363434,36000.0,0.0,,pass,pass
1812.0,high,mission_flight,36000.0,0.0,0.0,0.0,4144.8115,86.35024,36000.0,0.0,,pass,pass
1814.0,high,mission_flight,36000.0,0.0,0.0,0.0,4144.178167,86.337045,36000.0,0.0,,pass,pass
1816.0,high,mission_flight,36000.0,0.0,0.0,0.0,4143.544833,86.323851,36000.0,0.0,,pass,pass
1818.0,high,mission_flight,36000.0,0.0,0.0,0.0,4142.9115,86.310656,36000.0,0.0,,pass,pass
1820.0,high,mission_flight,36000.0,0.0,0.0,0.0,4142.278167,86.297462,36000.0,0.0,,pass,pass
1822.0,high,mission_flight,36000.0,0.0,0.0,0.0,4141.644833,86.284267,36000.0,0.0,,pass,pass
1824.0,high,mission_flight,36000.0,0.0,0.0,0.0,4141.0115,86.271073,36000.0,0.0,,pass,pass
1826.0,high,mission_flight,36000.0,0.0,0.0,0.0,4140.378167,86.257878,36000.0,0.0,,pass,pass
1828.0,high,mission_flight,36000.0,0.0,0.0,0.0,4139.744833,86.244684,36000.0,0.0,,pass,pass
1830.0,high,mission_flight,36000.0,0.0,0.0,0.0,4139.1115,86.23149,36000.0,0.0,,pass,pass
1832.0,high,mission_flight,36000.0,0.0,0.0,0.0,4138.478167,86.218295,36000.0,0.0,,pass,pass
1834.0,high,mission_flight,36000.0,0.0,0.0,0.0,4137.844833,86.205101,36000.0,0.0,,pass,pass
1836.0,high,mission_flight,36000.0,0.0,0.0,0.0,4137.2115,86.191906,36000.0,0.0,,pass,pass
1838.0,high,mission_flight,36000.0,0.0,0.0,0.0,4136.578167,86.178712,36000.0,0.0,,pass,pass
1840.0,high,mission_flight,36000.0,0.0,0.0,0.0,4135.944833,86.165517,36000.0,0.0,,pass,pass
1842.0,high,mission_flight,36000.0,0.0,0.0,0.0,4135.3115,86.152323,36000.0,0.0,,pass,pass
1844.0,high,mission_flight,36000.0,0.0,0.0,0.0,4134.678167,86.139128,36000.0,0.0,,pass,pass
1846.0,high,mission_flight,36000.0,0.0,0.0,0.0,4134.044833,86.125934,36000.0,0.0,,pass,pass
1848.0,high,mission_flight,36000.0,0.0,0.0,0.0,4133.4115,86.11274,36000.0,0.0,,pass,pass
1850.0,high,mission_flight,36000.0,0.0,0.0,0.0,4132.778167,86.099545,36000.0,0.0,,pass,pass
1852.0,high,mission_flight,36000.0,0.0,0.0,0.0,4132.144833,86.086351,36000.0,0.0,,pass,pass
1854.0,high,mission_flight,36000.0,0.0,0.0,0.0,4131.5115,86.073156,36000.0,0.0,,pass,pass
1856.0,high,mission_flight,36000.0,0.0,0.0,0.0,4130.878167,86.059962,36000.0,0.0,,pass,pass
1858.0,high,mission_flight,36000.0,0.0,0.0,0.0,4130.244833,86.046767,36000.0,0.0,,pass,pass
1860.0,high,mission_flight,36000.0,0.0,0.0,0.0,4129.6115,86.033573,36000.0,0.0,,pass,pass
1862.0,high,mission_flight,36000.0,0.0,0.0,0.0,4128.978167,86.020378,36000.0,0.0,,pass,pass
1864.0,high,mission_flight,36000.0,0.0,0.0,0.0,4128.344833,86.007184,36000.0,0.0,,pass,pass
1866.0,high,mission_flight,36000.0,0.0,0.0,0.0,4127.7115,85.99399,36000.0,0.0,,pass,pass
1868.0,high,mission_flight,36000.0,0.0,0.0,0.0,4127.078167,85.980795,36000.0,0.0,,pass,pass
1870.0,high,mission_flight,36000.0,0.0,0.0,0.0,4126.444833,85.967601,36000.0,0.0,,pass,pass
1872.0,high,mission_flight,36000.0,0.0,0.0,0.0,4125.8115,85.954406,36000.0,0.0,,pass,pass
1874.0,high,mission_flight,36000.0,0.0,0.0,0.0,4125.178167,85.941212,36000.0,0.0,,pass,pass
1876.0,high,mission_flight,36000.0,0.0,0.0,0.0,4124.544833,85.928017,36000.0,0.0,,pass,pass
1878.0,high,mission_flight,36000.0,0.0,0.0,0.0,4123.9115,85.914823,36000.0,0.0,,pass,pass
1880.0,high,mission_flight,36000.0,0.0,0.0,0.0,4123.278167,85.901628,36000.0,0.0,,pass,pass
1882.0,high,mission_flight,36000.0,0.0,0.0,0.0,4122.644833,85.888434,36000.0,0.0,,pass,pass
1884.0,high,mission_flight,36000.0,0.0,0.0,0.0,4122.0115,85.87524,36000.0,0.0,,pass,pass
1886.0,high,mission_flight,36000.0,0.0,0.0,0.0,4121.378167,85.862045,36000.0,0.0,,pass,pass
1888.0,high,mission_flight,36000.0,0.0,0.0,0.0,4120.744833,85.848851,36000.0,0.0,,pass,pass
1890.0,high,mission_flight,36000.0,0.0,0.0,0.0,4120.1115,85.835656,36000.0,0.0,,pass,pass
1892.0,high,mission_flight,36000.0,0.0,0.0,0.0,4119.478167,85.822462,36000.0,0.0,,pass,pass
1894.0,high,mission_flight,36000.0,0.0,0.0,0.0,4118.844833,85.809267,36000.0,0.0,,pass,pass
1896.0,high,mission_flight,36000.0,0.0,0.0,0.0,4118.2115,85.796073,36000.0,0.0,,pass,pass
1898.0,high,mission_flight,36000.0,0.0,0.0,0.0,4117.578167,85.782878,36000.0,0.0,,pass,pass
1900.0,high,mission_flight,36000.0,0.0,0.0,0.0,4116.944833,85.769684,36000.0,0.0,,pass,pass
1902.0,high,mission_flight,36000.0,0.0,0.0,0.0,4116.3115,85.75649,36000.0,0.0,,pass,pass
1904.0,high,mission_flight,36000.0,0.0,0.0,0.0,4115.678167,85.743295,36000.0,0.0,,pass,pass
1906.0,high,mission_flight,36000.0,0.0,0.0,0.0,4115.044833,85.730101,36000.0,0.0,,pass,pass
1908.0,high,mission_flight,36000.0,0.0,0.0,0.0,4114.4115,85.716906,36000.0,0.0,,pass,pass
1910.0,high,mission_flight,36000.0,0.0,0.0,0.0,4113.778167,85.703712,36000.0,0.0,,pass,pass
1912.0,high,mission_flight,36000.0,0.0,0.0,0.0,4113.144833,85.690517,36000.0,0.0,,pass,pass
1914.0,high,mission_flight,36000.0,0.0,0.0,0.0,4112.5115,85.677323,36000.0,0.0,,pass,pass
1916.0,high,mission_flight,36000.0,0.0,0.0,0.0,4111.878167,85.664128,36000.0,0.0,,pass,pass
1918.0,high,mission_flight,36000.0,0.0,0.0,0.0,4111.244833,85.650934,36000.0,0.0,,pass,pass
1920.0,high,mission_flight,36000.0,0.0,0.0,0.0,4110.6115,85.63774,36000.0,0.0,,pass,pass
1922.0,high,mission_flight,36000.0,0.0,0.0,0.0,4109.978167,85.624545,36000.0,0.0,,pass,pass
1924.0,high,mission_flight,36000.0,0.0,0.0,0.0,4109.344833,85.611351,36000.0,0.0,,pass,pass
1926.0,high,mission_flight,36000.0,0.0,0.0,0.0,4108.7115,85.598156,36000.0,0.0,,pass,pass
1928.0,high,mission_flight,36000.0,0.0,0.0,0.0,4108.078167,85.584962,36000.0,0.0,,pass,pass
1930.0,high,mission_flight,36000.0,0.0,0.0,0.0,4107.444833,85.571767,36000.0,0.0,,pass,pass
1932.0,high,mission_flight,36000.0,0.0,0.0,0.0,4106.8115,85.558573,36000.0,0.0,,pass,pass
1934.0,high,mission_flight,36000.0,0.0,0.0,0.0,4106.178167,85.545378,36000.0,0.0,,pass,pass
1936.0,high,mission_flight,36000.0,0.0,0.0,0.0,4105.544833,85.532184,36000.0,0.0,,pass,pass
1938.0,high,mission_flight,36000.0,0.0,0.0,0.0,4104.9115,85.51899,36000.0,0.0,,pass,pass
1940.0,high,mission_flight,36000.0,0.0,0.0,0.0,4104.278167,85.505795,36000.0,0.0,,pass,pass
1942.0,high,mission_flight,36000.0,0.0,0.0,0.0,4103.644833,85.492601,36000.0,0.0,,pass,pass
1944.0,high,mission_flight,36000.0,0.0,0.0,0.0,4103.0115,85.479406,36000.0,0.0,,pass,pass
1946.0,high,mission_flight,36000.0,0.0,0.0,0.0,4102.378167,85.466212,36000.0,0.0,,pass,pass
1948.0,high,mission_flight,36000.0,0.0,0.0,0.0,4101.744833,85.453017,36000.0,0.0,,pass,pass
1950.0,high,mission_flight,36000.0,0.0,0.0,0.0,4101.1115,85.439823,36000.0,0.0,,pass,pass
1952.0,high,mission_flight,36000.0,0.0,0.0,0.0,4100.478167,85.426628,36000.0,0.0,,pass,pass
1954.0,high,mission_flight,36000.0,0.0,0.0,0.0,4099.844833,85.413434,36000.0,0.0,,pass,pass
1956.0,high,mission_flight,36000.0,0.0,0.0,0.0,4099.2115,85.40024,36000.0,0.0,,pass,pass
1958.0,high,mission_flight,36000.0,0.0,0.0,0.0,4098.578167,85.387045,36000.0,0.0,,pass,pass
1960.0,high,mission_flight,36000.0,0.0,0.0,0.0,4097.944833,85.373851,36000.0,0.0,,pass,pass
1962.0,high,mission_flight,36000.0,0.0,0.0,0.0,4097.3115,85.360656,36000.0,0.0,,pass,pass
1964.0,high,mission_flight,36000.0,0.0,0.0,0.0,4096.678167,85.347462,36000.0,0.0,,pass,pass
1966.0,high,mission_flight,36000.0,0.0,0.0,0.0,4096.044833,85.334267,36000.0,0.0,,pass,pass
1968.0,high,mission_flight,36000.0,0.0,0.0,0.0,4095.4115,85.321073,36000.0,0.0,,pass,pass
1970.0,high,mission_flight,36000.0,0.0,0.0,0.0,4094.778167,85.307878,36000.0,0.0,,pass,pass
1972.0,high,mission_flight,36000.0,0.0,0.0,0.0,4094.144833,85.294684,36000.0,0.0,,pass,pass
1974.0,high,mission_flight,36000.0,0.0,0.0,0.0,4093.5115,85.28149,36000.0,0.0,,pass,pass
1976.0,high,mission_flight,36000.0,0.0,0.0,0.0,4092.878167,85.268295,36000.0,0.0,,pass,pass
1978.0,high,mission_flight,36000.0,0.0,0.0,0.0,4092.244833,85.255101,36000.0,0.0,,pass,pass
1980.0,high,mission_flight,36000.0,0.0,0.0,0.0,4091.6115,85.241906,36000.0,0.0,,pass,pass
1982.0,high,mission_flight,36000.0,0.0,0.0,0.0,4090.978167,85.228712,36000.0,0.0,,pass,pass
1984.0,high,mission_flight,36000.0,0.0,0.0,0.0,4090.344833,85.215517,36000.0,0.0,,pass,pass
1986.0,high,mission_flight,36000.0,0.0,0.0,0.0,4089.7115,85.202323,36000.0,0.0,,pass,pass
1988.0,high,mission_flight,36000.0,0.0,0.0,0.0,4089.078167,85.189128,36000.0,0.0,,pass,pass
1990.0,high,mission_flight,36000.0,0.0,0.0,0.0,4088.444833,85.175934,36000.0,0.0,,pass,pass
1992.0,high,mission_flight,36000.0,0.0,0.0,0.0,4087.8115,85.16274,36000.0,0.0,,pass,pass
1994.0,high,mission_flight,36000.0,0.0,0.0,0.0,4087.178167,85.149545,36000.0,0.0,,pass,pass
1996.0,high,mission_flight,36000.0,0.0,0.0,0.0,4086.544833,85.136351,36000.0,0.0,,pass,pass
1998.0,high,mission_flight,36000.0,0.0,0.0,0.0,4085.9115,85.123156,36000.0,0.0,,pass,pass
2000.0,high,mission_flight,36000.0,0.0,0.0,0.0,4085.278167,85.109962,36000.0,0.0,,pass,pass
2002.0,high,mission_flight,36000.0,0.0,0.0,0.0,4084.644833,85.096767,36000.0,0.0,,pass,pass
2004.0,high,mission_flight,36000.0,0.0,0.0,0.0,4084.0115,85.083573,36000.0,0.0,,pass,pass
2006.0,high,mission_flight,36000.0,0.0,0.0,0.0,4083.378167,85.070378,36000.0,0.0,,pass,pass
2008.0,high,mission_flight,36000.0,0.0,0.0,0.0,4082.744833,85.057184,36000.0,0.0,,pass,pass
2010.0,high,mission_flight,36000.0,0.0,0.0,0.0,4082.1115,85.04399,36000.0,0.0,,pass,pass
2012.0,high,mission_flight,36000.0,0.0,0.0,0.0,4081.478167,85.030795,36000.0,0.0,,pass,pass
2014.0,high,mission_flight,36000.0,0.0,0.0,0.0,4080.844833,85.017601,36000.0,0.0,,pass,pass
2016.0,high,mission_flight,36000.0,0.0,0.0,0.0,4080.2115,85.004406,36000.0,0.0,,pass,pass
2018.0,high,mission_flight,36000.0,0.0,0.0,0.0,4079.578167,84.991212,36000.0,0.0,,pass,pass
2020.0,high,mission_flight,36000.0,0.0,0.0,0.0,4078.944833,84.978017,36000.0,0.0,,pass,pass
2022.0,high,mission_flight,36000.0,0.0,0.0,0.0,4078.3115,84.964823,36000.0,0.0,,pass,pass
2024.0,high,mission_flight,36000.0,0.0,0.0,0.0,4077.678167,84.951628,36000.0,0.0,,pass,pass
2026.0,high,mission_flight,36000.0,0.0,0.0,0.0,4077.044833,84.938434,36000.0,0.0,,pass,pass
2028.0,high,mission_flight,36000.0,0.0,0.0,0.0,4076.4115,84.92524,36000.0,0.0,,pass,pass
2030.0,high,mission_flight,36000.0,0.0,0.0,0.0,4075.778167,84.912045,36000.0,0.0,,pass,pass
2032.0,high,mission_flight,36000.0,0.0,0.0,0.0,4075.144833,84.898851,36000.0,0.0,,pass,pass
2034.0,high,mission_flight,36000.0,0.0,0.0,0.0,4074.5115,84.885656,36000.0,0.0,,pass,pass
2036.0,high,mission_flight,36000.0,0.0,0.0,0.0,4073.878167,84.872462,36000.0,0.0,,pass,pass
2038.0,high,mission_flight,36000.0,0.0,0.0,0.0,4073.244833,84.859267,36000.0,0.0,,pass,pass
2040.0,high,mission_flight,36000.0,0.0,0.0,0.0,4072.6115,84.846073,36000.0,0.0,,pass,pass
2042.0,high,mission_flight,36000.0,0.0,0.0,0.0,4071.978167,84.832878,36000.0,0.0,,pass,pass
2044.0,high,mission_flight,36000.0,0.0,0.0,0.0,4071.344833,84.819684,36000.0,0.0,,pass,pass
2046.0,high,mission_flight,36000.0,0.0,0.0,0.0,4070.7115,84.80649,36000.0,0.0,,pass,pass
2048.0,high,mission_flight,36000.0,0.0,0.0,0.0,4070.078167,84.793295,36000.0,0.0,,pass,pass
2050.0,high,mission_flight,36000.0,0.0,0.0,0.0,4069.444833,84.780101,36000.0,0.0,,pass,pass
2052.0,high,mission_flight,36000.0,0.0,0.0,0.0,4068.8115,84.766906,36000.0,0.0,,pass,pass
2054.0,high,mission_flight,36000.0,0.0,0.0,0.0,4068.178167,84.753712,36000.0,0.0,,pass,pass
2056.0,high,mission_flight,36000.0,0.0,0.0,0.0,4067.544833,84.740517,36000.0,0.0,,pass,pass
2058.0,high,mission_flight,36000.0,0.0,0.0,0.0,4066.9115,84.727323,36000.0,0.0,,pass,pass
2060.0,high,mission_flight,36000.0,0.0,0.0,0.0,4066.278167,84.714128,36000.0,0.0,,pass,pass
2062.0,high,mission_flight,36000.0,0.0,0.0,0.0,4065.644833,84.700934,36000.0,0.0,,pass,pass
2064.0,high,mission_flight,36000.0,0.0,0.0,0.0,4065.0115,84.68774,36000.0,0.0,,pass,pass
2066.0,high,mission_flight,36000.0,0.0,0.0,0.0,4064.378167,84.674545,36000.0,0.0,,pass,pass
2068.0,high,mission_flight,36000.0,0.0,0.0,0.0,4063.744833,84.661351,36000.0,0.0,,pass,pass
2070.0,high,mission_flight,36000.0,0.0,0.0,0.0,4063.1115,84.648156,36000.0,0.0,,pass,pass
2072.0,high,mission_flight,36000.0,0.0,0.0,0.0,4062.478167,84.634962,36000.0,0.0,,pass,pass
2074.0,high,mission_flight,36000.0,0.0,0.0,0.0,4061.844833,84.621767,36000.0,0.0,,pass,pass
2076.0,high,mission_flight,36000.0,0.0,0.0,0.0,4061.2115,84.608573,36000.0,0.0,,pass,pass
2078.0,high,mission_flight,36000.0,0.0,0.0,0.0,4060.578167,84.595378,36000.0,0.0,,pass,pass
2080.0,high,mission_flight,36000.0,0.0,0.0,0.0,4059.944833,84.582184,36000.0,0.0,,pass,pass
2082.0,high,mission_flight,36000.0,0.0,0.0,0.0,4059.3115,84.56899,36000.0,0.0,,pass,pass
2084.0,high,mission_flight,36000.0,0.0,0.0,0.0,4058.678167,84.555795,36000.0,0.0,,pass,pass
2086.0,high,mission_flight,36000.0,0.0,0.0,0.0,4058.044833,84.542601,36000.0,0.0,,pass,pass
2088.0,high,mission_flight,36000.0,0.0,0.0,0.0,4057.4115,84.529406,36000.0,0.0,,pass,pass
2090.0,high,mission_flight,36000.0,0.0,0.0,0.0,4056.778167,84.516212,36000.0,0.0,,pass,pass
2092.0,high,mission_flight,36000.0,0.0,0.0,0.0,4056.144833,84.503017,36000.0,0.0,,pass,pass
2094.0,high,mission_flight,36000.0,0.0,0.0,0.0,4055.5115,84.489823,36000.0,0.0,,pass,pass
2096.0,high,mission_flight,36000.0,0.0,0.0,0.0,4054.878167,84.476628,36000.0,0.0,,pass,pass
2098.0,high,mission_flight,36000.0,0.0,0.0,0.0,4054.244833,84.463434,36000.0,0.0,,pass,pass
2100.0,high,mission_flight,36000.0,0.0,0.0,0.0,4053.6115,84.45024,36000.0,0.0,,pass,pass
2102.0,high,mission_flight,36000.0,0.0,0.0,0.0,4052.978167,84.437045,36000.0,0.0,,pass,pass
2104.0,high,mission_flight,36000.0,0.0,0.0,0.0,4052.344833,84.423851,36000.0,0.0,,pass,pass
2106.0,high,mission_flight,36000.0,0.0,0.0,0.0,4051.7115,84.410656,36000.0,0.0,,pass,pass
2108.0,high,mission_flight,36000.0,0.0,0.0,0.0,4051.078167,84.397462,36000.0,0.0,,pass,pass
2110.0,high,mission_flight,36000.0,0.0,0.0,0.0,4050.444833,84.384267,36000.0,0.0,,pass,pass
2112.0,high,mission_flight,36000.0,0.0,0.0,0.0,4049.8115,84.371073,36000.0,0.0,,pass,pass
2114.0,high,mission_flight,36000.0,0.0,0.0,0.0,4049.178167,84.357878,36000.0,0.0,,pass,pass
2116.0,high,mission_flight,36000.0,0.0,0.0,0.0,4048.544833,84.344684,36000.0,0.0,,pass,pass
2118.0,high,mission_flight,36000.0,0.0,0.0,0.0,4047.9115,84.33149,36000.0,0.0,,pass,pass
2120.0,high,mission_flight,36000.0,0.0,0.0,0.0,4047.278167,84.318295,36000.0,0.0,,pass,pass
2122.0,high,mission_flight,36000.0,0.0,0.0,0.0,4046.644833,84.305101,36000.0,0.0,,pass,pass
2124.0,high,mission_flight,36000.0,0.0,0.0,0.0,4046.0115,84.291906,36000.0,0.0,,pass,pass
2126.0,high,mission_flight,36000.0,0.0,0.0,0.0,4045.378167,84.278712,36000.0,0.0,,pass,pass
2128.0,high,mission_flight,36000.0,0.0,0.0,0.0,4044.744833,84.265517,36000.0,0.0,,pass,pass
2130.0,high,mission_flight,36000.0,0.0,0.0,0.0,4044.1115,84.252323,36000.0,0.0,,pass,pass
2132.0,high,mission_flight,36000.0,0.0,0.0,0.0,4043.478167,84.239128,36000.0,0.0,,pass,pass
2134.0,high,mission_flight,36000.0,0.0,0.0,0.0,4042.844833,84.225934,36000.0,0.0,,pass,pass
2136.0,high,mission_flight,36000.0,0.0,0.0,0.0,4042.2115,84.21274,36000.0,0.0,,pass,pass
2138.0,high,mission_flight,36000.0,0.0,0.0,0.0,4041.578167,84.199545,36000.0,0.0,,pass,pass
2140.0,high,mission_flight,36000.0,0.0,0.0,0.0,4040.944833,84.186351,36000.0,0.0,,pass,pass
2142.0,high,mission_flight,36000.0,0.0,0.0,0.0,4040.3115,84.173156,36000.0,0.0,,pass,pass
2144.0,high,mission_flight,36000.0,0.0,0.0,0.0,4039.678167,84.159962,36000.0,0.0,,pass,pass
2146.0,high,mission_flight,36000.0,0.0,0.0,0.0,4039.044833,84.146767,36000.0,0.0,,pass,pass
2148.0,high,mission_flight,36000.0,0.0,0.0,0.0,4038.4115,84.133573,36000.0,0.0,,pass,pass
2150.0,high,mission_flight,36000.0,0.0,0.0,0.0,4037.778167,84.120378,36000.0,0.0,,pass,pass
2152.0,high,mission_flight,36000.0,0.0,0.0,0.0,4037.144833,84.107184,36000.0,0.0,,pass,pass
2154.0,high,mission_flight,36000.0,0.0,0.0,0.0,4036.5115,84.09399,36000.0,0.0,,pass,pass
2156.0,high,mission_flight,36000.0,0.0,0.0,0.0,4035.878167,84.080795,36000.0,0.0,,pass,pass
2158.0,high,mission_flight,36000.0,0.0,0.0,0.0,4035.244833,84.067601,36000.0,0.0,,pass,pass
2160.0,high,mission_flight,36000.0,0.0,0.0,0.0,4034.6115,84.054406,36000.0,0.0,,pass,pass
2162.0,high,mission_flight,36000.0,0.0,0.0,0.0,4033.978167,84.041212,36000.0,0.0,,pass,pass
2164.0,high,mission_flight,36000.0,0.0,0.0,0.0,4033.344833,84.028017,36000.0,0.0,,pass,pass
2166.0,high,mission_flight,36000.0,0.0,0.0,0.0,4032.7115,84.014823,36000.0,0.0,,pass,pass
2168.0,high,mission_flight,36000.0,0.0,0.0,0.0,4032.078167,84.001628,36000.0,0.0,,pass,pass
2170.0,high,mission_flight,36000.0,0.0,0.0,0.0,4031.444833,83.988434,36000.0,0.0,,pass,pass
2172.0,high,mission_flight,36000.0,0.0,0.0,0.0,4030.8115,83.97524,36000.0,0.0,,pass,pass
2174.0,high,mission_flight,36000.0,0.0,0.0,0.0,4030.178167,83.962045,36000.0,0.0,,pass,pass
2176.0,high,mission_flight,36000.0,0.0,0.0,0.0,4029.544833,83.948851,36000.0,0.0,,pass,pass
2178.0,high,mission_flight,36000.0,0.0,0.0,0.0,4028.9115,83.935656,36000.0,0.0,,pass,pass
2180.0,high,mission_flight,36000.0,0.0,0.0,0.0,4028.278167,83.922462,36000.0,0.0,,pass,pass
2182.0,high,mission_flight,36000.0,0.0,0.0,0.0,4027.644833,83.909267,36000.0,0.0,,pass,pass
2184.0,high,mission_flight,36000.0,0.0,0.0,0.0,4027.0115,83.896073,36000.0,0.0,,pass,pass
2186.0,high,mission_flight,36000.0,0.0,0.0,0.0,4026.378167,83.882878,36000.0,0.0,,pass,pass
2188.0,high,mission_flight,36000.0,0.0,0.0,0.0,4025.744833,83.869684,36000.0,0.0,,pass,pass
2190.0,high,mission_flight,36000.0,0.0,0.0,0.0,4025.1115,83.85649,36000.0,0.0,,pass,pass
2192.0,high,mission_flight,36000.0,0.0,0.0,0.0,4024.478167,83.843295,36000.0,0.0,,pass,pass
2194.0,high,mission_flight,36000.0,0.0,0.0,0.0,4023.844833,83.830101,36000.0,0.0,,pass,pass
2196.0,high,mission_flight,36000.0,0.0,0.0,0.0,4023.2115,83.816906,36000.0,0.0,,pass,pass
2198.0,high,mission_flight,36000.0,0.0,0.0,0.0,4022.578167,83.803712,36000.0,0.0,,pass,pass
2200.0,high,mission_flight,36000.0,0.0,0.0,0.0,4021.944833,83.790517,36000.0,0.0,,pass,pass
2202.0,high,mission_flight,36000.0,0.0,0.0,0.0,4021.3115,83.777323,36000.0,0.0,,pass,pass
2204.0,high,mission_flight,36000.0,0.0,0.0,0.0,4020.678167,83.764128,36000.0,0.0,,pass,pass
2206.0,high,mission_flight,36000.0,0.0,0.0,0.0,4020.044833,83.750934,36000.0,0.0,,pass,pass
2208.0,high,mission_flight,36000.0,0.0,0.0,0.0,4019.4115,83.73774,36000.0,0.0,,pass,pass
2210.0,high,mission_flight,36000.0,0.0,0.0,0.0,4018.778167,83.724545,36000.0,0.0,,pass,pass
2212.0,high,mission_flight,36000.0,0.0,0.0,0.0,4018.144833,83.711351,36000.0,0.0,,pass,pass
2214.0,high,mission_flight,36000.0,0.0,0.0,0.0,4017.5115,83.698156,36000.0,0.0,,pass,pass
2216.0,high,mission_flight,36000.0,0.0,0.0,0.0,4016.878167,83.684962,36000.0,0.0,,pass,pass
2218.0,high,mission_flight,36000.0,0.0,0.0,0.0,4016.244833,83.671767,36000.0,0.0,,pass,pass
2220.0,high,mission_flight,36000.0,0.0,0.0,0.0,4015.6115,83.658573,36000.0,0.0,,pass,pass
2222.0,high,mission_flight,36000.0,0.0,0.0,0.0,4014.978167,83.645378,36000.0,0.0,,pass,pass
2224.0,high,mission_flight,36000.0,0.0,0.0,0.0,4014.344833,83.632184,36000.0,0.0,,pass,pass
2226.0,high,mission_flight,36000.0,0.0,0.0,0.0,4013.7115,83.61899,36000.0,0.0,,pass,pass
2228.0,high,mission_flight,36000.0,0.0,0.0,0.0,4013.078167,83.605795,36000.0,0.0,,pass,pass
2230.0,high,mission_flight,36000.0,0.0,0.0,0.0,4012.444833,83.592601,36000.0,0.0,,pass,pass
2232.0,high,mission_flight,36000.0,0.0,0.0,0.0,4011.8115,83.579406,36000.0,0.0,,pass,pass
2234.0,high,mission_flight,36000.0,0.0,0.0,0.0,4011.178167,83.566212,36000.0,0.0,,pass,pass
2236.0,high,mission_flight,36000.0,0.0,0.0,0.0,4010.544833,83.553017,36000.0,0.0,,pass,pass
2238.0,high,mission_flight,36000.0,0.0,0.0,0.0,4009.9115,83.539823,36000.0,0.0,,pass,pass
2240.0,high,mission_flight,36000.0,0.0,0.0,0.0,4009.278167,83.526628,36000.0,0.0,,pass,pass
2242.0,high,mission_flight,36000.0,0.0,0.0,0.0,4008.644833,83.513434,36000.0,0.0,,pass,pass
2244.0,high,mission_flight,36000.0,0.0,0.0,0.0,4008.0115,83.50024,36000.0,0.0,,pass,pass
2246.0,high,mission_flight,36000.0,0.0,0.0,0.0,4007.378167,83.487045,36000.0,0.0,,pass,pass
2248.0,high,mission_flight,36000.0,0.0,0.0,0.0,4006.744833,83.473851,36000.0,0.0,,pass,pass
2250.0,high,mission_flight,36000.0,0.0,0.0,0.0,4006.1115,83.460656,36000.0,0.0,,pass,pass
2252.0,high,mission_flight,36000.0,0.0,0.0,0.0,4005.478167,83.447462,36000.0,0.0,,pass,pass
2254.0,high,mission_flight,36000.0,0.0,0.0,0.0,4004.844833,83.434267,36000.0,0.0,,pass,pass
2256.0,high,mission_flight,36000.0,0.0,0.0,0.0,4004.2115,83.421073,36000.0,0.0,,pass,pass
2258.0,high,mission_flight,36000.0,0.0,0.0,0.0,4003.578167,83.407878,36000.0,0.0,,pass,pass
2260.0,high,mission_flight,36000.0,0.0,0.0,0.0,4002.944833,83.394684,36000.0,0.0,,pass,pass
2262.0,high,mission_flight,36000.0,0.0,0.0,0.0,4002.3115,83.38149,36000.0,0.0,,pass,pass
2264.0,high,mission_flight,36000.0,0.0,0.0,0.0,4001.678167,83.368295,36000.0,0.0,,pass,pass
2266.0,high,mission_flight,36000.0,0.0,0.0,0.0,4001.044833,83.355101,36000.0,0.0,,pass,pass
2268.0,high,mission_flight,36000.0,0.0,0.0,0.0,4000.4115,83.341906,36000.0,0.0,,pass,pass
2270.0,high,mission_flight,36000.0,0.0,0.0,0.0,3999.778167,83.328712,36000.0,0.0,,pass,pass
2272.0,high,mission_flight,36000.0,0.0,0.0,0.0,3999.144833,83.315517,36000.0,0.0,,pass,pass
2274.0,high,mission_flight,36000.0,0.0,0.0,0.0,3998.5115,83.302323,36000.0,0.0,,pass,pass
2276.0,high,mission_flight,36000.0,0.0,0.0,0.0,3997.878167,83.289128,36000.0,0.0,,pass,pass
2278.0,high,mission_flight,36000.0,0.0,0.0,0.0,3997.244833,83.275934,36000.0,0.0,,pass,pass
2280.0,high,mission_flight,36000.0,0.0,0.0,0.0,3996.6115,83.26274,36000.0,0.0,,pass,pass
2282.0,high,mission_flight,36000.0,0.0,0.0,0.0,3995.978167,83.249545,36000.0,0.0,,pass,pass
2284.0,high,mission_flight,36000.0,0.0,0.0,0.0,3995.344833,83.236351,36000.0,0.0,,pass,pass
2286.0,high,mission_flight,36000.0,0.0,0.0,0.0,3994.7115,83.223156,36000.0,0.0,,pass,pass
2288.0,high,mission_flight,36000.0,0.0,0.0,0.0,3994.078167,83.209962,36000.0,0.0,,pass,pass
2290.0,high,mission_flight,36000.0,0.0,0.0,0.0,3993.444833,83.196767,36000.0,0.0,,pass,pass
2292.0,high,mission_flight,36000.0,0.0,0.0,0.0,3992.8115,83.183573,36000.0,0.0,,pass,pass
2294.0,high,mission_flight,36000.0,0.0,0.0,0.0,3992.178167,83.170378,36000.0,0.0,,pass,pass
2296.0,high,mission_flight,36000.0,0.0,0.0,0.0,3991.544833,83.157184,36000.0,0.0,,pass,pass
2298.0,high,mission_flight,36000.0,0.0,0.0,0.0,3990.9115,83.14399,36000.0,0.0,,pass,pass
2300.0,high,mission_flight,36000.0,0.0,0.0,0.0,3990.278167,83.130795,36000.0,0.0,,pass,pass
2302.0,high,mission_flight,36000.0,0.0,0.0,0.0,3989.644833,83.117601,36000.0,0.0,,pass,pass
2304.0,high,mission_flight,36000.0,0.0,0.0,0.0,3989.0115,83.104406,36000.0,0.0,,pass,pass
2306.0,high,mission_flight,36000.0,0.0,0.0,0.0,3988.378167,83.091212,36000.0,0.0,,pass,pass
2308.0,high,mission_flight,36000.0,0.0,0.0,0.0,3987.744833,83.078017,36000.0,0.0,,pass,pass
2310.0,high,mission_flight,36000.0,0.0,0.0,0.0,3987.1115,83.064823,36000.0,0.0,,pass,pass
2312.0,high,mission_flight,36000.0,0.0,0.0,0.0,3986.478167,83.051628,36000.0,0.0,,pass,pass
2314.0,high,mission_flight,36000.0,0.0,0.0,0.0,3985.844833,83.038434,36000.0,0.0,,pass,pass
2316.0,high,mission_flight,36000.0,0.0,0.0,0.0,3985.2115,83.02524,36000.0,0.0,,pass,pass
2318.0,high,mission_flight,36000.0,0.0,0.0,0.0,3984.578167,83.012045,36000.0,0.0,,pass,pass
2320.0,high,mission_flight,36000.0,0.0,0.0,0.0,3983.944833,82.998851,36000.0,0.0,,pass,pass
2322.0,high,mission_flight,36000.0,0.0,0.0,0.0,3983.3115,82.985656,36000.0,0.0,,pass,pass
2324.0,high,mission_flight,36000.0,0.0,0.0,0.0,3982.678167,82.972462,36000.0,0.0,,pass,pass
2326.0,high,mission_flight,36000.0,0.0,0.0,0.0,3982.044833,82.959267,36000.0,0.0,,pass,pass
2328.0,high,mission_flight,36000.0,0.0,0.0,0.0,3981.4115,82.946073,36000.0,0.0,,pass,pass
2330.0,high,mission_flight,36000.0,0.0,0.0,0.0,3980.778167,82.932878,36000.0,0.0,,pass,pass
2332.0,high,mission_flight,36000.0,0.0,0.0,0.0,3980.144833,82.919684,36000.0,0.0,,pass,pass
2334.0,high,mission_flight,36000.0,0.0,0.0,0.0,3979.5115,82.90649,36000.0,0.0,,pass,pass
2336.0,high,mission_flight,36000.0,0.0,0.0,0.0,3978.878167,82.893295,36000.0,0.0,,pass,pass
2338.0,high,mission_flight,36000.0,0.0,0.0,0.0,3978.244833,82.880101,36000.0,0.0,,pass,pass
2340.0,high,mission_flight,36000.0,0.0,0.0,0.0,3977.6115,82.866906,36000.0,0.0,,pass,pass
2342.0,high,mission_flight,36000.0,0.0,0.0,0.0,3976.978167,82.853712,36000.0,0.0,,pass,pass
2344.0,high,mission_flight,36000.0,0.0,0.0,0.0,3976.344833,82.840517,36000.0,0.0,,pass,pass
2346.0,high,mission_flight,36000.0,0.0,0.0,0.0,3975.7115,82.827323,36000.0,0.0,,pass,pass
2348.0,high,mission_flight,36000.0,0.0,0.0,0.0,3975.078167,82.814128,36000.0,0.0,,pass,pass
2350.0,high,mission_flight,36000.0,0.0,0.0,0.0,3974.444833,82.800934,36000.0,0.0,,pass,pass
2352.0,high,mission_flight,36000.0,0.0,0.0,0.0,3973.8115,82.78774,36000.0,0.0,,pass,pass
2354.0,high,mission_flight,36000.0,0.0,0.0,0.0,3973.178167,82.774545,36000.0,0.0,,pass,pass
2356.0,high,mission_flight,36000.0,0.0,0.0,0.0,3972.544833,82.761351,36000.0,0.0,,pass,pass
2358.0,high,mission_flight,36000.0,0.0,0.0,0.0,3971.9115,82.748156,36000.0,0.0,,pass,pass
2360.0,high,mission_flight,36000.0,0.0,0.0,0.0,3971.278167,82.734962,36000.0,0.0,,pass,pass
2362.0,high,mission_flight,36000.0,0.0,0.0,0.0,3970.644833,82.721767,36000.0,0.0,,pass,pass
2364.0,high,mission_flight,36000.0,0.0,0.0,0.0,3970.0115,82.708573,36000.0,0.0,,pass,pass
2366.0,high,mission_flight,36000.0,0.0,0.0,0.0,3969.378167,82.695378,36000.0,0.0,,pass,pass
2368.0,high,mission_flight,36000.0,0.0,0.0,0.0,3968.744833,82.682184,36000.0,0.0,,pass,pass
2370.0,high,mission_flight,36000.0,0.0,0.0,0.0,3968.1115,82.66899,36000.0,0.0,,pass,pass
2372.0,high,mission_flight,36000.0,0.0,0.0,0.0,3967.478167,82.655795,36000.0,0.0,,pass,pass
2374.0,high,mission_flight,36000.0,0.0,0.0,0.0,3966.844833,82.642601,36000.0,0.0,,pass,pass
2376.0,high,mission_flight,36000.0,0.0,0.0,0.0,3966.2115,82.629406,36000.0,0.0,,pass,pass
2378.0,high,mission_flight,36000.0,0.0,0.0,0.0,3965.578167,82.616212,36000.0,0.0,,pass,pass
2380.0,high,mission_flight,36000.0,0.0,0.0,0.0,3964.944833,82.603017,36000.0,0.0,,pass,pass
2382.0,high,mission_flight,36000.0,0.0,0.0,0.0,3964.3115,82.589823,36000.0,0.0,,pass,pass
2384.0,high,mission_flight,36000.0,0.0,0.0,0.0,3963.678167,82.576628,36000.0,0.0,,pass,pass
2386.0,high,mission_flight,36000.0,0.0,0.0,0.0,3963.044833,82.563434,36000.0,0.0,,pass,pass
2388.0,high,mission_flight,36000.0,0.0,0.0,0.0,3962.4115,82.55024,36000.0,0.0,,pass,pass
2390.0,high,mission_flight,36000.0,0.0,0.0,0.0,3961.778167,82.537045,36000.0,0.0,,pass,pass
2392.0,high,mission_flight,36000.0,0.0,0.0,0.0,3961.144833,82.523851,36000.0,0.0,,pass,pass
2394.0,high,mission_flight,36000.0,0.0,0.0,0.0,3960.5115,82.510656,36000.0,0.0,,pass,pass
2396.0,high,mission_flight,36000.0,0.0,0.0,0.0,3959.878167,82.497462,36000.0,0.0,,pass,pass
2398.0,high,mission_flight,36000.0,0.0,0.0,0.0,3959.244833,82.484267,36000.0,0.0,,pass,pass
2400.0,high,mission_flight,36000.0,0.0,0.0,0.0,3958.6115,82.471073,36000.0,0.0,,pass,pass
2402.0,high,mission_flight,36000.0,0.0,0.0,0.0,3957.978167,82.457878,36000.0,0.0,,pass,pass
2404.0,high,mission_flight,36000.0,0.0,0.0,0.0,3957.344833,82.444684,36000.0,0.0,,pass,pass
2406.0,high,mission_flight,36000.0,0.0,0.0,0.0,3956.7115,82.43149,36000.0,0.0,,pass,pass
2408.0,high,mission_flight,36000.0,0.0,0.0,0.0,3956.078167,82.418295,36000.0,0.0,,pass,pass
2410.0,high,mission_flight,36000.0,0.0,0.0,0.0,3955.444833,82.405101,36000.0,0.0,,pass,pass
2412.0,high,mission_flight,36000.0,0.0,0.0,0.0,3954.8115,82.391906,36000.0,0.0,,pass,pass
2414.0,high,mission_flight,36000.0,0.0,0.0,0.0,3954.178167,82.378712,36000.0,0.0,,pass,pass
2416.0,high,mission_flight,36000.0,0.0,0.0,0.0,3953.544833,82.365517,36000.0,0.0,,pass,pass
2418.0,high,mission_flight,36000.0,0.0,0.0,0.0,3952.9115,82.352323,36000.0,0.0,,pass,pass
2420.0,high,mission_flight,36000.0,0.0,0.0,0.0,3952.278167,82.339128,36000.0,0.0,,pass,pass
2422.0,high,mission_flight,36000.0,0.0,0.0,0.0,3951.644833,82.325934,36000.0,0.0,,pass,pass
2424.0,high,mission_flight,36000.0,0.0,0.0,0.0,3951.0115,82.31274,36000.0,0.0,,pass,pass
2426.0,high,mission_flight,36000.0,0.0,0.0,0.0,3950.378167,82.299545,36000.0,0.0,,pass,pass
2428.0,high,mission_flight,36000.0,0.0,0.0,0.0,3949.744833,82.286351,36000.0,0.0,,pass,pass
2430.0,high,mission_flight,36000.0,0.0,0.0,0.0,3949.1115,82.273156,36000.0,0.0,,pass,pass
2432.0,high,mission_flight,36000.0,0.0,0.0,0.0,3948.478167,82.259962,36000.0,0.0,,pass,pass
2434.0,high,mission_flight,36000.0,0.0,0.0,0.0,3947.844833,82.246767,36000.0,0.0,,pass,pass
2436.0,high,mission_flight,36000.0,0.0,0.0,0.0,3947.2115,82.233573,36000.0,0.0,,pass,pass
2438.0,high,mission_flight,36000.0,0.0,0.0,0.0,3946.578167,82.220378,36000.0,0.0,,pass,pass
2440.0,high,mission_flight,36000.0,0.0,0.0,0.0,3945.944833,82.207184,36000.0,0.0,,pass,pass
2442.0,high,mission_flight,36000.0,0.0,0.0,0.0,3945.3115,82.19399,36000.0,0.0,,pass,pass
2444.0,high,mission_flight,36000.0,0.0,0.0,0.0,3944.678167,82.180795,36000.0,0.0,,pass,pass
2446.0,high,mission_flight,36000.0,0.0,0.0,0.0,3944.044833,82.167601,36000.0,0.0,,pass,pass
2448.0,high,mission_flight,36000.0,0.0,0.0,0.0,3943.4115,82.154406,36000.0,0.0,,pass,pass
2450.0,high,mission_flight,36000.0,0.0,0.0,0.0,3942.778167,82.141212,36000.0,0.0,,pass,pass
2452.0,high,mission_flight,36000.0,0.0,0.0,0.0,3942.144833,82.128017,36000.0,0.0,,pass,pass
2454.0,high,mission_flight,36000.0,0.0,0.0,0.0,3941.5115,82.114823,36000.0,0.0,,pass,pass
2456.0,high,mission_flight,36000.0,0.0,0.0,0.0,3940.878167,82.101628,36000.0,0.0,,pass,pass
2458.0,high,mission_flight,36000.0,0.0,0.0,0.0,3940.244833,82.088434,36000.0,0.0,,pass,pass
2460.0,high,mission_flight,36000.0,0.0,0.0,0.0,3939.6115,82.07524,36000.0,0.0,,pass,pass
2462.0,high,mission_flight,36000.0,0.0,0.0,0.0,3938.978167,82.062045,36000.0,0.0,,pass,pass
2464.0,high,mission_flight,36000.0,0.0,0.0,0.0,3938.344833,82.048851,36000.0,0.0,,pass,pass
2466.0,high,mission_flight,36000.0,0.0,0.0,0.0,3937.7115,82.035656,36000.0,0.0,,pass,pass
2468.0,high,mission_flight,36000.0,0.0,0.0,0.0,3937.078167,82.022462,36000.0,0.0,,pass,pass
2470.0,high,mission_flight,36000.0,0.0,0.0,0.0,3936.444833,82.009267,36000.0,0.0,,pass,pass
2472.0,high,mission_flight,36000.0,0.0,0.0,0.0,3935.8115,81.996073,36000.0,0.0,,pass,pass
2474.0,high,mission_flight,36000.0,0.0,0.0,0.0,3935.178167,81.982878,36000.0,0.0,,pass,pass
2476.0,high,mission_flight,36000.0,0.0,0.0,0.0,3934.544833,81.969684,36000.0,0.0,,pass,pass
2478.0,high,mission_flight,36000.0,0.0,0.0,0.0,3933.9115,81.95649,36000.0,0.0,,pass,pass
2480.0,high,mission_flight,36000.0,0.0,0.0,0.0,3933.278167,81.943295,36000.0,0.0,,pass,pass
2482.0,high,mission_flight,36000.0,0.0,0.0,0.0,3932.644833,81.930101,36000.0,0.0,,pass,pass
2484.0,high,mission_flight,36000.0,0.0,0.0,0.0,3932.0115,81.916906,36000.0,0.0,,pass,pass
2486.0,high,mission_flight,36000.0,0.0,0.0,0.0,3931.378167,81.903712,36000.0,0.0,,pass,pass
2488.0,high,mission_flight,36000.0,0.0,0.0,0.0,3930.744833,81.890517,36000.0,0.0,,pass,pass
2490.0,high,mission_flight,36000.0,0.0,0.0,0.0,3930.1115,81.877323,36000.0,0.0,,pass,pass
2492.0,high,mission_flight,36000.0,0.0,0.0,0.0,3929.478167,81.864128,36000.0,0.0,,pass,pass
2494.0,high,mission_flight,36000.0,0.0,0.0,0.0,3928.844833,81.850934,36000.0,0.0,,pass,pass
2496.0,high,mission_flight,36000.0,0.0,0.0,0.0,3928.2115,81.83774,36000.0,0.0,,pass,pass
2498.0,high,mission_flight,36000.0,0.0,0.0,0.0,3927.578167,81.824545,36000.0,0.0,,pass,pass
2500.0,high,mission_flight,36000.0,0.0,0.0,0.0,3926.944833,81.811351,36000.0,0.0,,pass,pass
2502.0,high,mission_flight,36000.0,0.0,0.0,0.0,3926.3115,81.798156,36000.0,0.0,,pass,pass
2504.0,high,mission_flight,36000.0,0.0,0.0,0.0,3925.678167,81.784962,36000.0,0.0,,pass,pass
2506.0,high,mission_flight,36000.0,0.0,0.0,0.0,3925.044833,81.771767,36000.0,0.0,,pass,pass
2508.0,high,mission_flight,36000.0,0.0,0.0,0.0,3924.4115,81.758573,36000.0,0.0,,pass,pass
2510.0,high,mission_flight,36000.0,0.0,0.0,0.0,3923.778167,81.745378,36000.0,0.0,,pass,pass
2512.0,high,mission_flight,36000.0,0.0,0.0,0.0,3923.144833,81.732184,36000.0,0.0,,pass,pass
2514.0,high,mission_flight,36000.0,0.0,0.0,0.0,3922.5115,81.71899,36000.0,0.0,,pass,pass
2516.0,high,mission_flight,36000.0,0.0,0.0,0.0,3921.878167,81.705795,36000.0,0.0,,pass,pass
2518.0,high,mission_flight,36000.0,0.0,0.0,0.0,3921.244833,81.692601,36000.0,0.0,,pass,pass
2520.0,high,mission_flight,36000.0,0.0,0.0,0.0,3920.6115,81.679406,36000.0,0.0,,pass,pass
2522.0,high,mission_flight,36000.0,0.0,0.0,0.0,3919.978167,81.666212,36000.0,0.0,,pass,pass
2524.0,high,mission_flight,36000.0,0.0,0.0,0.0,3919.344833,81.653017,36000.0,0.0,,pass,pass
2526.0,high,mission_flight,36000.0,0.0,0.0,0.0,3918.7115,81.639823,36000.0,0.0,,pass,pass
2528.0,high,mission_flight,36000.0,0.0,0.0,0.0,3918.078167,81.626628,36000.0,0.0,,pass,pass
2530.0,high,mission_flight,36000.0,0.0,0.0,0.0,3917.444833,81.613434,36000.0,0.0,,pass,pass
2532.0,high,mission_flight,36000.0,0.0,0.0,0.0,3916.8115,81.60024,36000.0,0.0,,pass,pass
2534.0,high,mission_flight,36000.0,0.0,0.0,0.0,3916.178167,81.587045,36000.0,0.0,,pass,pass
2536.0,high,mission_flight,36000.0,0.0,0.0,0.0,3915.544833,81.573851,36000.0,0.0,,pass,pass
2538.0,high,mission_flight,36000.0,0.0,0.0,0.0,3914.9115,81.560656,36000.0,0.0,,pass,pass
2540.0,high,mission_flight,36000.0,0.0,0.0,0.0,3914.278167,81.547462,36000.0,0.0,,pass,pass
2542.0,high,mission_flight,36000.0,0.0,0.0,0.0,3913.644833,81.534267,36000.0,0.0,,pass,pass
2544.0,high,mission_flight,36000.0,0.0,0.0,0.0,3913.0115,81.521073,36000.0,0.0,,pass,pass
2546.0,high,mission_flight,36000.0,0.0,0.0,0.0,3912.378167,81.507878,36000.0,0.0,,pass,pass
2548.0,high,mission_flight,36000.0,0.0,0.0,0.0,3911.744833,81.494684,36000.0,0.0,,pass,pass
2550.0,high,mission_flight,36000.0,0.0,0.0,0.0,3911.1115,81.48149,36000.0,0.0,,pass,pass
2552.0,high,mission_flight,36000.0,0.0,0.0,0.0,3910.478167,81.468295,36000.0,0.0,,pass,pass
2554.0,high,mission_flight,36000.0,0.0,0.0,0.0,3909.844833,81.455101,36000.0,0.0,,pass,pass
2556.0,high,mission_flight,36000.0,0.0,0.0,0.0,3909.2115,81.441906,36000.0,0.0,,pass,pass
2558.0,high,mission_flight,36000.0,0.0,0.0,0.0,3908.578167,81.428712,36000.0,0.0,,pass,pass
2560.0,high,mission_flight,36000.0,0.0,0.0,0.0,3907.944833,81.415517,36000.0,0.0,,pass,pass
2562.0,high,mission_flight,36000.0,0.0,0.0,0.0,3907.3115,81.402323,36000.0,0.0,,pass,pass
2564.0,high,mission_flight,36000.0,0.0,0.0,0.0,3906.678167,81.389128,36000.0,0.0,,pass,pass
2566.0,high,mission_flight,36000.0,0.0,0.0,0.0,3906.044833,81.375934,36000.0,0.0,,pass,pass
2568.0,high,mission_flight,36000.0,0.0,0.0,0.0,3905.4115,81.36274,36000.0,0.0,,pass,pass
2570.0,high,mission_flight,36000.0,0.0,0.0,0.0,3904.778167,81.349545,36000.0,0.0,,pass,pass
2572.0,high,mission_flight,36000.0,0.0,0.0,0.0,3904.144833,81.336351,36000.0,0.0,,pass,pass
2574.0,high,mission_flight,36000.0,0.0,0.0,0.0,3903.5115,81.323156,36000.0,0.0,,pass,pass
2576.0,high,mission_flight,36000.0,0.0,0.0,0.0,3902.878167,81.309962,36000.0,0.0,,pass,pass
2578.0,high,mission_flight,36000.0,0.0,0.0,0.0,3902.244833,81.296767,36000.0,0.0,,pass,pass
2580.0,high,mission_flight,36000.0,0.0,0.0,0.0,3901.6115,81.283573,36000.0,0.0,,pass,pass
2582.0,high,mission_flight,36000.0,0.0,0.0,0.0,3900.978167,81.270378,36000.0,0.0,,pass,pass
2584.0,high,mission_flight,36000.0,0.0,0.0,0.0,3900.344833,81.257184,36000.0,0.0,,pass,pass
2586.0,high,mission_flight,36000.0,0.0,0.0,0.0,3899.7115,81.24399,36000.0,0.0,,pass,pass
2588.0,high,mission_flight,36000.0,0.0,0.0,0.0,3899.078167,81.230795,36000.0,0.0,,pass,pass
2590.0,high,mission_flight,36000.0,0.0,0.0,0.0,3898.444833,81.217601,36000.0,0.0,,pass,pass
2592.0,high,mission_flight,36000.0,0.0,0.0,0.0,3897.8115,81.204406,36000.0,0.0,,pass,pass
2594.0,high,mission_flight,36000.0,0.0,0.0,0.0,3897.178167,81.191212,36000.0,0.0,,pass,pass
2596.0,high,mission_flight,36000.0,0.0,0.0,0.0,3896.544833,81.178017,36000.0,0.0,,pass,pass
2598.0,high,mission_flight,36000.0,0.0,0.0,0.0,3895.9115,81.164823,36000.0,0.0,,pass,pass
2600.0,high,mission_flight,36000.0,0.0,0.0,0.0,3895.278167,81.151628,36000.0,0.0,,pass,pass
2602.0,high,mission_flight,36000.0,0.0,0.0,0.0,3894.644833,81.138434,36000.0,0.0,,pass,pass
2604.0,high,mission_flight,36000.0,0.0,0.0,0.0,3894.0115,81.12524,36000.0,0.0,,pass,pass
2606.0,high,mission_flight,36000.0,0.0,0.0,0.0,3893.378167,81.112045,36000.0,0.0,,pass,pass
2608.0,high,mission_flight,36000.0,0.0,0.0,0.0,3892.744833,81.098851,36000.0,0.0,,pass,pass
2610.0,high,mission_flight,36000.0,0.0,0.0,0.0,3892.1115,81.085656,36000.0,0.0,,pass,pass
2612.0,high,mission_flight,36000.0,0.0,0.0,0.0,3891.478167,81.072462,36000.0,0.0,,pass,pass
2614.0,high,mission_flight,36000.0,0.0,0.0,0.0,3890.844833,81.059267,36000.0,0.0,,pass,pass
2616.0,high,mission_flight,36000.0,0.0,0.0,0.0,3890.2115,81.046073,36000.0,0.0,,pass,pass
2618.0,high,mission_flight,36000.0,0.0,0.0,0.0,3889.578167,81.032878,36000.0,0.0,,pass,pass
2620.0,high,mission_flight,36000.0,0.0,0.0,0.0,3888.944833,81.019684,36000.0,0.0,,pass,pass
2622.0,high,mission_flight,36000.0,0.0,0.0,0.0,3888.3115,81.00649,36000.0,0.0,,pass,pass
2624.0,high,mission_flight,36000.0,0.0,0.0,0.0,3887.678167,80.993295,36000.0,0.0,,pass,pass
2626.0,high,mission_flight,36000.0,0.0,0.0,0.0,3887.044833,80.980101,36000.0,0.0,,pass,pass
2628.0,high,mission_flight,36000.0,0.0,0.0,0.0,3886.4115,80.966906,36000.0,0.0,,pass,pass
2630.0,high,mission_flight,36000.0,0.0,0.0,0.0,3885.778167,80.953712,36000.0,0.0,,pass,pass
2632.0,high,mission_flight,36000.0,0.0,0.0,0.0,3885.144833,80.940517,36000.0,0.0,,pass,pass
2634.0,high,mission_flight,36000.0,0.0,0.0,0.0,3884.5115,80.927323,36000.0,0.0,,pass,pass
2636.0,high,mission_flight,36000.0,0.0,0.0,0.0,3883.878167,80.914128,36000.0,0.0,,pass,pass
2638.0,high,mission_flight,36000.0,0.0,0.0,0.0,3883.244833,80.900934,36000.0,0.0,,pass,pass
2640.0,high,mission_flight,36000.0,0.0,0.0,0.0,3882.6115,80.88774,36000.0,0.0,,pass,pass
2642.0,high,mission_flight,36000.0,0.0,0.0,0.0,3881.978167,80.874545,36000.0,0.0,,pass,pass
2644.0,high,mission_flight,36000.0,0.0,0.0,0.0,3881.344833,80.861351,36000.0,0.0,,pass,pass
2646.0,high,mission_flight,36000.0,0.0,0.0,0.0,3880.7115,80.848156,36000.0,0.0,,pass,pass
2648.0,high,mission_flight,36000.0,0.0,0.0,0.0,3880.078167,80.834962,36000.0,0.0,,pass,pass
2650.0,high,mission_flight,36000.0,0.0,0.0,0.0,3879.444833,80.821767,36000.0,0.0,,pass,pass
2652.0,high,mission_flight,36000.0,0.0,0.0,0.0,3878.8115,80.808573,36000.0,0.0,,pass,pass
2654.0,high,mission_flight,36000.0,0.0,0.0,0.0,3878.178167,80.795378,36000.0,0.0,,pass,pass
2656.0,high,mission_flight,36000.0,0.0,0.0,0.0,3877.544833,80.782184,36000.0,0.0,,pass,pass
2658.0,high,mission_flight,36000.0,0.0,0.0,0.0,3876.9115,80.76899,36000.0,0.0,,pass,pass
2660.0,high,mission_flight,36000.0,0.0,0.0,0.0,3876.278167,80.755795,36000.0,0.0,,pass,pass
2662.0,high,mission_flight,36000.0,0.0,0.0,0.0,3875.644833,80.742601,36000.0,0.0,,pass,pass
2664.0,high,mission_flight,36000.0,0.0,0.0,0.0,3875.0115,80.729406,36000.0,0.0,,pass,pass
2666.0,high,mission_flight,36000.0,0.0,0.0,0.0,3874.378167,80.716212,36000.0,0.0,,pass,pass
2668.0,high,mission_flight,36000.0,0.0,0.0,0.0,3873.744833,80.703017,36000.0,0.0,,pass,pass
2670.0,high,mission_flight,36000.0,0.0,0.0,0.0,3873.1115,80.689823,36000.0,0.0,,pass,pass
2672.0,high,mission_flight,36000.0,0.0,0.0,0.0,3872.478167,80.676628,36000.0,0.0,,pass,pass
2674.0,high,mission_flight,36000.0,0.0,0.0,0.0,3871.844833,80.663434,36000.0,0.0,,pass,pass
2676.0,high,mission_flight,36000.0,0.0,0.0,0.0,3871.2115,80.65024,36000.0,0.0,,pass,pass
2678.0,high,mission_flight,36000.0,0.0,0.0,0.0,3870.578167,80.637045,36000.0,0.0,,pass,pass
2680.0,high,mission_flight,36000.0,0.0,0.0,0.0,3869.944833,80.623851,36000.0,0.0,,pass,pass
2682.0,high,mission_flight,36000.0,0.0,0.0,0.0,3869.3115,80.610656,36000.0,0.0,,pass,pass
2684.0,high,mission_flight,36000.0,0.0,0.0,0.0,3868.678167,80.597462,36000.0,0.0,,pass,pass
2686.0,high,mission_flight,36000.0,0.0,0.0,0.0,3868.044833,80.584267,36000.0,0.0,,pass,pass
2688.0,high,mission_flight,36000.0,0.0,0.0,0.0,3867.4115,80.571073,36000.0,0.0,,pass,pass
2690.0,high,mission_flight,36000.0,0.0,0.0,0.0,3866.778167,80.557878,36000.0,0.0,,pass,pass
2692.0,high,mission_flight,36000.0,0.0,0.0,0.0,3866.144833,80.544684,36000.0,0.0,,pass,pass
2694.0,high,mission_flight,36000.0,0.0,0.0,0.0,3865.5115,80.53149,36000.0,0.0,,pass,pass
2696.0,high,mission_flight,36000.0,0.0,0.0,0.0,3864.878167,80.518295,36000.0,0.0,,pass,pass
2698.0,high,mission_flight,36000.0,0.0,0.0,0.0,3864.244833,80.505101,36000.0,0.0,,pass,pass
2700.0,high,mission_flight,36000.0,0.0,0.0,0.0,3863.6115,80.491906,36000.0,0.0,,pass,pass
2702.0,high,mission_flight,36000.0,0.0,0.0,0.0,3862.978167,80.478712,36000.0,0.0,,pass,pass
2704.0,high,mission_flight,36000.0,0.0,0.0,0.0,3862.344833,80.465517,36000.0,0.0,,pass,pass
2706.0,high,mission_flight,36000.0,0.0,0.0,0.0,3861.7115,80.452323,36000.0,0.0,,pass,pass
2708.0,high,mission_flight,36000.0,0.0,0.0,0.0,3861.078167,80.439128,36000.0,0.0,,pass,pass
2710.0,high,mission_flight,36000.0,0.0,0.0,0.0,3860.444833,80.425934,36000.0,0.0,,pass,pass
2712.0,high,mission_flight,36000.0,0.0,0.0,0.0,3859.8115,80.41274,36000.0,0.0,,pass,pass
2714.0,high,mission_flight,36000.0,0.0,0.0,0.0,3859.178167,80.399545,36000.0,0.0,,pass,pass
2716.0,high,mission_flight,36000.0,0.0,0.0,0.0,3858.544833,80.386351,36000.0,0.0,,pass,pass
2718.0,high,mission_flight,36000.0,0.0,0.0,0.0,3857.9115,80.373156,36000.0,0.0,,pass,pass
2720.0,high,mission_flight,36000.0,0.0,0.0,0.0,3857.278167,80.359962,36000.0,0.0,,pass,pass
2722.0,high,mission_flight,36000.0,0.0,0.0,0.0,3856.644833,80.346767,36000.0,0.0,,pass,pass
2724.0,high,mission_flight,36000.0,0.0,0.0,0.0,3856.0115,80.333573,36000.0,0.0,,pass,pass
2726.0,high,mission_flight,36000.0,0.0,0.0,0.0,3855.378167,80.320378,36000.0,0.0,,pass,pass
2728.0,high,mission_flight,36000.0,0.0,0.0,0.0,3854.744833,80.307184,36000.0,0.0,,pass,pass
2730.0,high,mission_flight,36000.0,0.0,0.0,0.0,3854.1115,80.29399,36000.0,0.0,,pass,pass
2732.0,high,mission_flight,36000.0,0.0,0.0,0.0,3853.478167,80.280795,36000.0,0.0,,pass,pass
2734.0,high,mission_flight,36000.0,0.0,0.0,0.0,3852.844833,80.267601,36000.0,0.0,,pass,pass
2736.0,high,mission_flight,36000.0,0.0,0.0,0.0,3852.2115,80.254406,36000.0,0.0,,pass,pass
2738.0,high,mission_flight,36000.0,0.0,0.0,0.0,3851.578167,80.241212,36000.0,0.0,,pass,pass
2740.0,high,mission_flight,36000.0,0.0,0.0,0.0,3850.944833,80.228017,36000.0,0.0,,pass,pass
2742.0,high,mission_flight,36000.0,0.0,0.0,0.0,3850.3115,80.214823,36000.0,0.0,,pass,pass
2744.0,high,mission_flight,36000.0,0.0,0.0,0.0,3849.678167,80.201628,36000.0,0.0,,pass,pass
2746.0,high,mission_flight,36000.0,0.0,0.0,0.0,3849.044833,80.188434,36000.0,0.0,,pass,pass
2748.0,high,mission_flight,36000.0,0.0,0.0,0.0,3848.4115,80.17524,36000.0,0.0,,pass,pass
2750.0,high,mission_flight,36000.0,0.0,0.0,0.0,3847.778167,80.162045,36000.0,0.0,,pass,pass
2752.0,high,mission_flight,36000.0,0.0,0.0,0.0,3847.144833,80.148851,36000.0,0.0,,pass,pass
2754.0,high,mission_flight,36000.0,0.0,0.0,0.0,3846.5115,80.135656,36000.0,0.0,,pass,pass
2756.0,high,mission_flight,36000.0,0.0,0.0,0.0,3845.878167,80.122462,36000.0,0.0,,pass,pass
2758.0,high,mission_flight,36000.0,0.0,0.0,0.0,3845.244833,80.109267,36000.0,0.0,,pass,pass
2760.0,high,mission_flight,36000.0,0.0,0.0,0.0,3844.6115,80.096073,36000.0,0.0,,pass,pass
2762.0,high,mission_flight,36000.0,0.0,0.0,0.0,3843.978167,80.082878,36000.0,0.0,,pass,pass
2764.0,high,mission_flight,36000.0,0.0,0.0,0.0,3843.344833,80.069684,36000.0,0.0,,pass,pass
2766.0,high,mission_flight,36000.0,0.0,0.0,0.0,3842.7115,80.05649,36000.0,0.0,,pass,pass
2768.0,high,mission_flight,36000.0,0.0,0.0,0.0,3842.078167,80.043295,36000.0,0.0,,pass,pass
2770.0,high,mission_flight,36000.0,0.0,0.0,0.0,3841.444833,80.030101,36000.0,0.0,,pass,pass
2772.0,high,mission_flight,36000.0,0.0,0.0,0.0,3840.8115,80.016906,36000.0,0.0,,pass,pass
2774.0,high,mission_flight,36000.0,0.0,0.0,0.0,3840.178167,80.003712,36000.0,0.0,,pass,pass
2776.0,high,mission_flight,36000.0,0.0,0.0,0.0,3839.544833,79.990517,36000.0,0.0,,pass,pass
2778.0,high,mission_flight,36000.0,0.0,0.0,0.0,3838.9115,79.977323,36000.0,0.0,,pass,pass
2780.0,high,mission_flight,36000.0,0.0,0.0,0.0,3838.278167,79.964128,36000.0,0.0,,pass,pass
2782.0,high,mission_flight,36000.0,0.0,0.0,0.0,3837.644833,79.950934,36000.0,0.0,,pass,pass
2784.0,high,mission_flight,36000.0,0.0,0.0,0.0,3837.0115,79.93774,36000.0,0.0,,pass,pass
2786.0,high,mission_flight,36000.0,0.0,0.0,0.0,3836.378167,79.924545,36000.0,0.0,,pass,pass
2788.0,high,mission_flight,36000.0,0.0,0.0,0.0,3835.744833,79.911351,36000.0,0.0,,pass,pass
2790.0,high,mission_flight,36000.0,0.0,0.0,0.0,3835.1115,79.898156,36000.0,0.0,,pass,pass
2792.0,high,mission_flight,36000.0,0.0,0.0,0.0,3834.478167,79.884962,36000.0,0.0,,pass,pass
2794.0,high,mission_flight,36000.0,0.0,0.0,0.0,3833.844833,79.871767,36000.0,0.0,,pass,pass
2796.0,high,mission_flight,36000.0,0.0,0.0,0.0,3833.2115,79.858573,36000.0,0.0,,pass,pass
2798.0,high,mission_flight,36000.0,0.0,0.0,0.0,3832.578167,79.845378,36000.0,0.0,,pass,pass
2800.0,high,mission_flight,36000.0,0.0,0.0,0.0,3831.944833,79.832184,36000.0,0.0,,pass,pass
2802.0,high,mission_flight,36000.0,0.0,0.0,0.0,3831.3115,79.81899,36000.0,0.0,,pass,pass
2804.0,high,mission_flight,36000.0,0.0,0.0,0.0,3830.678167,79.805795,36000.0,0.0,,pass,pass
2806.0,high,mission_flight,36000.0,0.0,0.0,0.0,3830.044833,79.792601,36000.0,0.0,,pass,pass
2808.0,high,mission_flight,36000.0,0.0,0.0,0.0,3829.4115,79.779406,36000.0,0.0,,pass,pass
2810.0,high,mission_flight,36000.0,0.0,0.0,0.0,3828.778167,79.766212,36000.0,0.0,,pass,pass
2812.0,high,mission_flight,36000.0,0.0,0.0,0.0,3828.144833,79.753017,36000.0,0.0,,pass,pass
2814.0,high,mission_flight,36000.0,0.0,0.0,0.0,3827.5115,79.739823,36000.0,0.0,,pass,pass
2816.0,high,mission_flight,36000.0,0.0,0.0,0.0,3826.878167,79.726628,36000.0,0.0,,pass,pass
2818.0,high,mission_flight,36000.0,0.0,0.0,0.0,3826.244833,79.713434,36000.0,0.0,,pass,pass
2820.0,high,mission_flight,36000.0,0.0,0.0,0.0,3825.6115,79.70024,36000.0,0.0,,pass,pass
2822.0,high,mission_flight,36000.0,0.0,0.0,0.0,3824.978167,79.687045,36000.0,0.0,,pass,pass
2824.0,high,mission_flight,36000.0,0.0,0.0,0.0,3824.344833,79.673851,36000.0,0.0,,pass,pass
2826.0,high,mission_flight,36000.0,0.0,0.0,0.0,3823.7115,79.660656,36000.0,0.0,,pass,pass
2828.0,high,mission_flight,36000.0,0.0,0.0,0.0,3823.078167,79.647462,36000.0,0.0,,pass,pass
2830.0,high,mission_flight,36000.0,0.0,0.0,0.0,3822.444833,79.634267,36000.0,0.0,,pass,pass
2832.0,high,mission_flight,36000.0,0.0,0.0,0.0,3821.8115,79.621073,36000.0,0.0,,pass,pass
2834.0,high,mission_flight,36000.0,0.0,0.0,0.0,3821.178167,79.607878,36000.0,0.0,,pass,pass
2836.0,high,mission_flight,36000.0,0.0,0.0,0.0,3820.544833,79.594684,36000.0,0.0,,pass,pass
2838.0,high,mission_flight,36000.0,0.0,0.0,0.0,3819.9115,79.58149,36000.0,0.0,,pass,pass
2840.0,high,mission_flight,36000.0,0.0,0.0,0.0,3819.278167,79.568295,36000.0,0.0,,pass,pass
2842.0,high,mission_flight,36000.0,0.0,0.0,0.0,3818.644833,79.555101,36000.0,0.0,,pass,pass
2844.0,high,mission_flight,36000.0,0.0,0.0,0.0,3818.0115,79.541906,36000.0,0.0,,pass,pass
2846.0,high,mission_flight,36000.0,0.0,0.0,0.0,3817.378167,79.528712,36000.0,0.0,,pass,pass
2848.0,high,mission_flight,36000.0,0.0,0.0,0.0,3816.744833,79.515517,36000.0,0.0,,pass,pass
2850.0,high,mission_flight,36000.0,0.0,0.0,0.0,3816.1115,79.502323,36000.0,0.0,,pass,pass
2852.0,high,mission_flight,36000.0,0.0,0.0,0.0,3815.478167,79.489128,36000.0,0.0,,pass,pass
2854.0,high,mission_flight,36000.0,0.0,0.0,0.0,3814.844833,79.475934,36000.0,0.0,,pass,pass
2856.0,high,mission_flight,36000.0,0.0,0.0,0.0,3814.2115,79.46274,36000.0,0.0,,pass,pass
2858.0,high,mission_flight,36000.0,0.0,0.0,0.0,3813.578167,79.449545,36000.0,0.0,,pass,pass
2860.0,high,mission_flight,36000.0,0.0,0.0,0.0,3812.944833,79.436351,36000.0,0.0,,pass,pass
2862.0,high,mission_flight,36000.0,0.0,0.0,0.0,3812.3115,79.423156,36000.0,0.0,,pass,pass
2864.0,high,mission_flight,36000.0,0.0,0.0,0.0,3811.678167,79.409962,36000.0,0.0,,pass,pass
2866.0,high,mission_flight,36000.0,0.0,0.0,0.0,3811.044833,79.396767,36000.0,0.0,,pass,pass
2868.0,high,mission_flight,36000.0,0.0,0.0,0.0,3810.4115,79.383573,36000.0,0.0,,pass,pass
2870.0,high,mission_flight,36000.0,0.0,0.0,0.0,3809.778167,79.370378,36000.0,0.0,,pass,pass
2872.0,high,mission_flight,36000.0,0.0,0.0,0.0,3809.144833,79.357184,36000.0,0.0,,pass,pass
2874.0,high,mission_flight,36000.0,0.0,0.0,0.0,3808.5115,79.34399,36000.0,0.0,,pass,pass
2876.0,high,mission_flight,36000.0,0.0,0.0,0.0,3807.878167,79.330795,36000.0,0.0,,pass,pass
2878.0,high,mission_flight,36000.0,0.0,0.0,0.0,3807.244833,79.317601,36000.0,0.0,,pass,pass
2880.0,high,mission_flight,36000.0,0.0,0.0,0.0,3806.6115,79.304406,36000.0,0.0,,pass,pass
2882.0,high,mission_flight,36000.0,0.0,0.0,0.0,3805.978167,79.291212,36000.0,0.0,,pass,pass
2884.0,high,mission_flight,36000.0,0.0,0.0,0.0,3805.344833,79.278017,36000.0,0.0,,pass,pass
2886.0,high,mission_flight,36000.0,0.0,0.0,0.0,3804.7115,79.264823,36000.0,0.0,,pass,pass
2888.0,high,mission_flight,36000.0,0.0,0.0,0.0,3804.078167,79.251628,36000.0,0.0,,pass,pass
2890.0,high,mission_flight,36000.0,0.0,0.0,0.0,3803.444833,79.238434,36000.0,0.0,,pass,pass
2892.0,high,mission_flight,36000.0,0.0,0.0,0.0,3802.8115,79.22524,36000.0,0.0,,pass,pass
2894.0,high,mission_flight,36000.0,0.0,0.0,0.0,3802.178167,79.212045,36000.0,0.0,,pass,pass
2896.0,high,mission_flight,36000.0,0.0,0.0,0.0,3801.544833,79.198851,36000.0,0.0,,pass,pass
2898.0,high,mission_flight,36000.0,0.0,0.0,0.0,3800.9115,79.185656,36000.0,0.0,,pass,pass
2900.0,high,mission_flight,36000.0,0.0,0.0,0.0,3800.278167,79.172462,36000.0,0.0,,pass,pass
2902.0,high,mission_flight,36000.0,0.0,0.0,0.0,3799.644833,79.159267,36000.0,0.0,,pass,pass
2904.0,high,mission_flight,36000.0,0.0,0.0,0.0,3799.0115,79.146073,36000.0,0.0,,pass,pass
2906.0,high,mission_flight,36000.0,0.0,0.0,0.0,3798.378167,79.132878,36000.0,0.0,,pass,pass
2908.0,high,mission_flight,36000.0,0.0,0.0,0.0,3797.744833,79.119684,36000.0,0.0,,pass,pass
2910.0,high,mission_flight,36000.0,0.0,0.0,0.0,3797.1115,79.10649,36000.0,0.0,,pass,pass
2912.0,high,mission_flight,36000.0,0.0,0.0,0.0,3796.478167,79.093295,36000.0,0.0,,pass,pass
2914.0,high,mission_flight,36000.0,0.0,0.0,0.0,3795.844833,79.080101,36000.0,0.0,,pass,pass
2916.0,high,mission_flight,36000.0,0.0,0.0,0.0,3795.2115,79.066906,36000.0,0.0,,pass,pass
2918.0,high,mission_flight,36000.0,0.0,0.0,0.0,3794.578167,79.053712,36000.0,0.0,,pass,pass
2920.0,high,mission_flight,36000.0,0.0,0.0,0.0,3793.944833,79.040517,36000.0,0.0,,pass,pass
2922.0,high,mission_flight,36000.0,0.0,0.0,0.0,3793.3115,79.027323,36000.0,0.0,,pass,pass
2924.0,high,mission_flight,36000.0,0.0,0.0,0.0,3792.678167,79.014128,36000.0,0.0,,pass,pass
2926.0,high,mission_flight,36000.0,0.0,0.0,0.0,3792.044833,79.000934,36000.0,0.0,,pass,pass
2928.0,high,mission_flight,36000.0,0.0,0.0,0.0,3791.4115,78.98774,36000.0,0.0,,pass,pass
2930.0,high,mission_flight,36000.0,0.0,0.0,0.0,3790.778167,78.974545,36000.0,0.0,,pass,pass
2932.0,high,mission_flight,36000.0,0.0,0.0,0.0,3790.144833,78.961351,36000.0,0.0,,pass,pass
2934.0,high,mission_flight,36000.0,0.0,0.0,0.0,3789.5115,78.948156,36000.0,0.0,,pass,pass
2936.0,high,mission_flight,36000.0,0.0,0.0,0.0,3788.878167,78.934962,36000.0,0.0,,pass,pass
2938.0,high,mission_flight,36000.0,0.0,0.0,0.0,3788.244833,78.921767,36000.0,0.0,,pass,pass
2940.0,high,mission_flight,36000.0,0.0,0.0,0.0,3787.6115,78.908573,36000.0,0.0,,pass,pass
2942.0,high,mission_flight,36000.0,0.0,0.0,0.0,3786.978167,78.895378,36000.0,0.0,,pass,pass
2944.0,high,mission_flight,36000.0,0.0,0.0,0.0,3786.344833,78.882184,36000.0,0.0,,pass,pass
2946.0,high,mission_flight,36000.0,0.0,0.0,0.0,3785.7115,78.86899,36000.0,0.0,,pass,pass
2948.0,high,mission_flight,36000.0,0.0,0.0,0.0,3785.078167,78.855795,36000.0,0.0,,pass,pass
2950.0,high,mission_flight,36000.0,0.0,0.0,0.0,3784.444833,78.842601,36000.0,0.0,,pass,pass
2952.0,high,mission_flight,36000.0,0.0,0.0,0.0,3783.8115,78.829406,36000.0,0.0,,pass,pass
2954.0,high,mission_flight,36000.0,0.0,0.0,0.0,3783.178167,78.816212,36000.0,0.0,,pass,pass
2956.0,high,mission_flight,36000.0,0.0,0.0,0.0,3782.544833,78.803017,36000.0,0.0,,pass,pass
2958.0,high,mission_flight,36000.0,0.0,0.0,0.0,3781.9115,78.789823,36000.0,0.0,,pass,pass
2960.0,high,mission_flight,36000.0,0.0,0.0,0.0,3781.278167,78.776628,36000.0,0.0,,pass,pass
2962.0,high,mission_flight,36000.0,0.0,0.0,0.0,3780.644833,78.763434,36000.0,0.0,,pass,pass
2964.0,high,mission_flight,36000.0,0.0,0.0,0.0,3780.0115,78.75024,36000.0,0.0,,pass,pass
2966.0,high,mission_flight,36000.0,0.0,0.0,0.0,3779.378167,78.737045,36000.0,0.0,,pass,pass
2968.0,high,mission_flight,36000.0,0.0,0.0,0.0,3778.744833,78.723851,36000.0,0.0,,pass,pass
2970.0,high,mission_flight,36000.0,0.0,0.0,0.0,3778.1115,78.710656,36000.0,0.0,,pass,pass
2972.0,high,mission_flight,36000.0,0.0,0.0,0.0,3777.478167,78.697462,36000.0,0.0,,pass,pass
2974.0,high,mission_flight,36000.0,0.0,0.0,0.0,3776.844833,78.684267,36000.0,0.0,,pass,pass
2976.0,high,mission_flight,36000.0,0.0,0.0,0.0,3776.2115,78.671073,36000.0,0.0,,pass,pass
2978.0,high,mission_flight,36000.0,0.0,0.0,0.0,3775.578167,78.657878,36000.0,0.0,,pass,pass
2980.0,high,mission_flight,36000.0,0.0,0.0,0.0,3774.944833,78.644684,36000.0,0.0,,pass,pass
2982.0,high,mission_flight,36000.0,0.0,0.0,0.0,3774.3115,78.63149,36000.0,0.0,,pass,pass
2984.0,high,mission_flight,36000.0,0.0,0.0,0.0,3773.678167,78.618295,36000.0,0.0,,pass,pass
2986.0,high,mission_flight,36000.0,0.0,0.0,0.0,3773.044833,78.605101,36000.0,0.0,,pass,pass
2988.0,high,mission_flight,36000.0,0.0,0.0,0.0,3772.4115,78.591906,36000.0,0.0,,pass,pass
2990.0,high,mission_flight,36000.0,0.0,0.0,0.0,3771.778167,78.578712,36000.0,0.0,,pass,pass
2992.0,high,mission_flight,36000.0,0.0,0.0,0.0,3771.144833,78.565517,36000.0,0.0,,pass,pass
2994.0,high,mission_flight,36000.0,0.0,0.0,0.0,3770.5115,78.552323,36000.0,0.0,,pass,pass
2996.0,high,mission_flight,36000.0,0.0,0.0,0.0,3769.878167,78.539128,36000.0,0.0,,pass,pass
2998.0,high,mission_flight,36000.0,0.0,0.0,0.0,3769.244833,78.525934,36000.0,0.0,,pass,pass
3000.0,high,mission_flight,36000.0,0.0,0.0,0.0,3768.6115,78.51274,36000.0,0.0,,pass,pass
3002.0,high,mission_flight,36000.0,0.0,0.0,0.0,3767.978167,78.499545,36000.0,0.0,,pass,pass
3004.0,high,mission_flight,36000.0,0.0,0.0,0.0,3767.344833,78.486351,36000.0,0.0,,pass,pass
3006.0,high,mission_flight,36000.0,0.0,0.0,0.0,3766.7115,78.473156,36000.0,0.0,,pass,pass
3008.0,high,mission_flight,36000.0,0.0,0.0,0.0,3766.078167,78.459962,36000.0,0.0,,pass,pass
3010.0,high,mission_flight,36000.0,0.0,0.0,0.0,3765.444833,78.446767,36000.0,0.0,,pass,pass
3012.0,high,mission_flight,36000.0,0.0,0.0,0.0,3764.8115,78.433573,36000.0,0.0,,pass,pass
3014.0,high,mission_flight,36000.0,0.0,0.0,0.0,3764.178167,78.420378,36000.0,0.0,,pass,pass
3016.0,high,mission_flight,36000.0,0.0,0.0,0.0,3763.544833,78.407184,36000.0,0.0,,pass,pass
3018.0,high,mission_flight,36000.0,0.0,0.0,0.0,3762.9115,78.39399,36000.0,0.0,,pass,pass
3020.0,high,mission_flight,36000.0,0.0,0.0,0.0,3762.278167,78.380795,36000.0,0.0,,pass,pass
3022.0,high,mission_flight,36000.0,0.0,0.0,0.0,3761.644833,78.367601,36000.0,0.0,,pass,pass
3024.0,high,mission_flight,36000.0,0.0,0.0,0.0,3761.0115,78.354406,36000.0,0.0,,pass,pass
3026.0,high,mission_flight,36000.0,0.0,0.0,0.0,3760.378167,78.341212,36000.0,0.0,,pass,pass
3028.0,high,mission_flight,36000.0,0.0,0.0,0.0,3759.744833,78.328017,36000.0,0.0,,pass,pass
3030.0,high,mission_flight,36000.0,0.0,0.0,0.0,3759.1115,78.314823,36000.0,0.0,,pass,pass
3032.0,high,mission_flight,36000.0,0.0,0.0,0.0,3758.478167,78.301628,36000.0,0.0,,pass,pass
3034.0,high,mission_flight,36000.0,0.0,0.0,0.0,3757.844833,78.288434,36000.0,0.0,,pass,pass
3036.0,high,mission_flight,36000.0,0.0,0.0,0.0,3757.2115,78.27524,36000.0,0.0,,pass,pass
3038.0,high,mission_flight,36000.0,0.0,0.0,0.0,3756.578167,78.262045,36000.0,0.0,,pass,pass
3040.0,high,mission_flight,36000.0,0.0,0.0,0.0,3755.944833,78.248851,36000.0,0.0,,pass,pass
3042.0,high,mission_flight,36000.0,0.0,0.0,0.0,3755.3115,78.235656,36000.0,0.0,,pass,pass
3044.0,high,mission_flight,36000.0,0.0,0.0,0.0,3754.678167,78.222462,36000.0,0.0,,pass,pass
3046.0,high,mission_flight,36000.0,0.0,0.0,0.0,3754.044833,78.209267,36000.0,0.0,,pass,pass
3048.0,high,mission_flight,36000.0,0.0,0.0,0.0,3753.4115,78.196073,36000.0,0.0,,pass,pass
3050.0,high,mission_flight,36000.0,0.0,0.0,0.0,3752.778167,78.182878,36000.0,0.0,,pass,pass
3052.0,high,mission_flight,36000.0,0.0,0.0,0.0,3752.144833,78.169684,36000.0,0.0,,pass,pass
3054.0,high,mission_flight,36000.0,0.0,0.0,0.0,3751.5115,78.15649,36000.0,0.0,,pass,pass
3056.0,high,mission_flight,36000.0,0.0,0.0,0.0,3750.878167,78.143295,36000.0,0.0,,pass,pass
3058.0,high,mission_flight,36000.0,0.0,0.0,0.0,3750.244833,78.130101,36000.0,0.0,,pass,pass
3060.0,high,mission_flight,36000.0,0.0,0.0,0.0,3749.6115,78.116906,36000.0,0.0,,pass,pass
3062.0,high,mission_flight,36000.0,0.0,0.0,0.0,3748.978167,78.103712,36000.0,0.0,,pass,pass
3064.0,high,mission_flight,36000.0,0.0,0.0,0.0,3748.344833,78.090517,36000.0,0.0,,pass,pass
3066.0,high,mission_flight,36000.0,0.0,0.0,0.0,3747.7115,78.077323,36000.0,0.0,,pass,pass
3068.0,high,mission_flight,36000.0,0.0,0.0,0.0,3747.078167,78.064128,36000.0,0.0,,pass,pass
3070.0,high,mission_flight,36000.0,0.0,0.0,0.0,3746.444833,78.050934,36000.0,0.0,,pass,pass
3072.0,high,mission_flight,36000.0,0.0,0.0,0.0,3745.8115,78.03774,36000.0,0.0,,pass,pass
3074.0,high,mission_flight,36000.0,0.0,0.0,0.0,3745.178167,78.024545,36000.0,0.0,,pass,pass
3076.0,high,mission_flight,36000.0,0.0,0.0,0.0,3744.544833,78.011351,36000.0,0.0,,pass,pass
3078.0,high,mission_flight,36000.0,0.0,0.0,0.0,3743.9115,77.998156,36000.0,0.0,,pass,pass
3080.0,high,mission_flight,36000.0,0.0,0.0,0.0,3743.278167,77.984962,36000.0,0.0,,pass,pass
3082.0,high,mission_flight,36000.0,0.0,0.0,0.0,3742.644833,77.971767,36000.0,0.0,,pass,pass
3084.0,high,mission_flight,36000.0,0.0,0.0,0.0,3742.0115,77.958573,36000.0,0.0,,pass,pass
3086.0,high,mission_flight,36000.0,0.0,0.0,0.0,3741.378167,77.945378,36000.0,0.0,,pass,pass
3088.0,high,mission_flight,36000.0,0.0,0.0,0.0,3740.744833,77.932184,36000.0,0.0,,pass,pass
3090.0,high,mission_flight,36000.0,0.0,0.0,0.0,3740.1115,77.91899,36000.0,0.0,,pass,pass
3092.0,high,mission_flight,36000.0,0.0,0.0,0.0,3739.478167,77.905795,36000.0,0.0,,pass,pass
3094.0,high,mission_flight,36000.0,0.0,0.0,0.0,3738.844833,77.892601,36000.0,0.0,,pass,pass
3096.0,high,mission_flight,36000.0,0.0,0.0,0.0,3738.2115,77.879406,36000.0,0.0,,pass,pass
3098.0,high,mission_flight,36000.0,0.0,0.0,0.0,3737.578167,77.866212,36000.0,0.0,,pass,pass
3100.0,high,mission_flight,36000.0,0.0,0.0,0.0,3736.944833,77.853017,36000.0,0.0,,pass,pass
3102.0,high,mission_flight,36000.0,0.0,0.0,0.0,3736.3115,77.839823,36000.0,0.0,,pass,pass
3104.0,high,mission_flight,36000.0,0.0,0.0,0.0,3735.678167,77.826628,36000.0,0.0,,pass,pass
3106.0,high,mission_flight,36000.0,0.0,0.0,0.0,3735.044833,77.813434,36000.0,0.0,,pass,pass
3108.0,high,mission_flight,36000.0,0.0,0.0,0.0,3734.4115,77.80024,36000.0,0.0,,pass,pass
3110.0,high,mission_flight,36000.0,0.0,0.0,0.0,3733.778167,77.787045,36000.0,0.0,,pass,pass
3112.0,high,mission_flight,36000.0,0.0,0.0,0.0,3733.144833,77.773851,36000.0,0.0,,pass,pass
3114.0,high,mission_flight,36000.0,0.0,0.0,0.0,3732.5115,77.760656,36000.0,0.0,,pass,pass
3116.0,high,mission_flight,36000.0,0.0,0.0,0.0,3731.878167,77.747462,36000.0,0.0,,pass,pass
3118.0,high,mission_flight,36000.0,0.0,0.0,0.0,3731.244833,77.734267,36000.0,0.0,,pass,pass
3120.0,high,mission_flight,36000.0,0.0,0.0,0.0,3730.6115,77.721073,36000.0,0.0,,pass,pass
3122.0,high,mission_flight,36000.0,0.0,0.0,0.0,3729.978167,77.707878,36000.0,0.0,,pass,pass
3124.0,high,mission_flight,36000.0,0.0,0.0,0.0,3729.344833,77.694684,36000.0,0.0,,pass,pass
3126.0,high,mission_flight,36000.0,0.0,0.0,0.0,3728.7115,77.68149,36000.0,0.0,,pass,pass
3128.0,high,mission_flight,36000.0,0.0,0.0,0.0,3728.078167,77.668295,36000.0,0.0,,pass,pass
3130.0,high,mission_flight,36000.0,0.0,0.0,0.0,3727.444833,77.655101,36000.0,0.0,,pass,pass
3132.0,high,mission_flight,36000.0,0.0,0.0,0.0,3726.8115,77.641906,36000.0,0.0,,pass,pass
3134.0,high,mission_flight,36000.0,0.0,0.0,0.0,3726.178167,77.628712,36000.0,0.0,,pass,pass
3136.0,high,mission_flight,36000.0,0.0,0.0,0.0,3725.544833,77.615517,36000.0,0.0,,pass,pass
3138.0,high,mission_flight,36000.0,0.0,0.0,0.0,3724.9115,77.602323,36000.0,0.0,,pass,pass
3140.0,high,mission_flight,36000.0,0.0,0.0,0.0,3724.278167,77.589128,36000.0,0.0,,pass,pass
3142.0,high,mission_flight,36000.0,0.0,0.0,0.0,3723.644833,77.575934,36000.0,0.0,,pass,pass
3144.0,high,mission_flight,36000.0,0.0,0.0,0.0,3723.0115,77.56274,36000.0,0.0,,pass,pass
3146.0,high,mission_flight,36000.0,0.0,0.0,0.0,3722.378167,77.549545,36000.0,0.0,,pass,pass
3148.0,high,mission_flight,36000.0,0.0,0.0,0.0,3721.744833,77.536351,36000.0,0.0,,pass,pass
3150.0,high,mission_flight,36000.0,0.0,0.0,0.0,3721.1115,77.523156,36000.0,0.0,,pass,pass
3152.0,high,mission_flight,36000.0,0.0,0.0,0.0,3720.478167,77.509962,36000.0,0.0,,pass,pass
3154.0,high,mission_flight,36000.0,0.0,0.0,0.0,3719.844833,77.496767,36000.0,0.0,,pass,pass
3156.0,high,mission_flight,36000.0,0.0,0.0,0.0,3719.2115,77.483573,36000.0,0.0,,pass,pass
3158.0,high,mission_flight,36000.0,0.0,0.0,0.0,3718.578167,77.470378,36000.0,0.0,,pass,pass
3160.0,high,mission_flight,36000.0,0.0,0.0,0.0,3717.944833,77.457184,36000.0,0.0,,pass,pass
3162.0,high,mission_flight,36000.0,0.0,0.0,0.0,3717.3115,77.44399,36000.0,0.0,,pass,pass
3164.0,high,mission_flight,36000.0,0.0,0.0,0.0,3716.678167,77.430795,36000.0,0.0,,pass,pass
3166.0,high,mission_flight,36000.0,0.0,0.0,0.0,3716.044833,77.417601,36000.0,0.0,,pass,pass
3168.0,high,mission_flight,36000.0,0.0,0.0,0.0,3715.4115,77.404406,36000.0,0.0,,pass,pass
3170.0,high,mission_flight,36000.0,0.0,0.0,0.0,3714.778167,77.391212,36000.0,0.0,,pass,pass
3172.0,high,mission_flight,36000.0,0.0,0.0,0.0,3714.144833,77.378017,36000.0,0.0,,pass,pass
3174.0,high,mission_flight,36000.0,0.0,0.0,0.0,3713.5115,77.364823,36000.0,0.0,,pass,pass
3176.0,high,mission_flight,36000.0,0.0,0.0,0.0,3712.878167,77.351628,36000.0,0.0,,pass,pass
3178.0,high,mission_flight,36000.0,0.0,0.0,0.0,3712.244833,77.338434,36000.0,0.0,,pass,pass
3180.0,high,mission_flight,36000.0,0.0,0.0,0.0,3711.6115,77.32524,36000.0,0.0,,pass,pass
3182.0,high,mission_flight,36000.0,0.0,0.0,0.0,3710.978167,77.312045,36000.0,0.0,,pass,pass
3184.0,high,mission_flight,36000.0,0.0,0.0,0.0,3710.344833,77.298851,36000.0,0.0,,pass,pass
3186.0,high,mission_flight,36000.0,0.0,0.0,0.0,3709.7115,77.285656,36000.0,0.0,,pass,pass
3188.0,high,mission_flight,36000.0,0.0,0.0,0.0,3709.078167,77.272462,36000.0,0.0,,pass,pass
3190.0,high,mission_flight,36000.0,0.0,0.0,0.0,3708.444833,77.259267,36000.0,0.0,,pass,pass
3192.0,high,mission_flight,36000.0,0.0,0.0,0.0,3707.8115,77.246073,36000.0,0.0,,pass,pass
3194.0,high,mission_flight,36000.0,0.0,0.0,0.0,3707.178167,77.232878,36000.0,0.0,,pass,pass
3196.0,high,mission_flight,36000.0,0.0,0.0,0.0,3706.544833,77.219684,36000.0,0.0,,pass,pass
3198.0,high,mission_flight,36000.0,0.0,0.0,0.0,3705.9115,77.20649,36000.0,0.0,,pass,pass
3200.0,high,mission_flight,36000.0,0.0,0.0,0.0,3705.278167,77.193295,36000.0,0.0,,pass,pass
3202.0,high,mission_flight,36000.0,0.0,0.0,0.0,3704.644833,77.180101,36000.0,0.0,,pass,pass
3204.0,high,mission_flight,36000.0,0.0,0.0,0.0,3704.0115,77.166906,36000.0,0.0,,pass,pass
3206.0,high,mission_flight,36000.0,0.0,0.0,0.0,3703.378167,77.153712,36000.0,0.0,,pass,pass
3208.0,high,mission_flight,36000.0,0.0,0.0,0.0,3702.744833,77.140517,36000.0,0.0,,pass,pass
3210.0,high,mission_flight,36000.0,0.0,0.0,0.0,3702.1115,77.127323,36000.0,0.0,,pass,pass
3212.0,high,mission_flight,36000.0,0.0,0.0,0.0,3701.478167,77.114128,36000.0,0.0,,pass,pass
3214.0,high,mission_flight,36000.0,0.0,0.0,0.0,3700.844833,77.100934,36000.0,0.0,,pass,pass
3216.0,high,mission_flight,36000.0,0.0,0.0,0.0,3700.2115,77.08774,36000.0,0.0,,pass,pass
3218.0,high,mission_flight,36000.0,0.0,0.0,0.0,3699.578167,77.074545,36000.0,0.0,,pass,pass
3220.0,high,mission_flight,36000.0,0.0,0.0,0.0,3698.944833,77.061351,36000.0,0.0,,pass,pass
3222.0,high,mission_flight,36000.0,0.0,0.0,0.0,3698.3115,77.048156,36000.0,0.0,,pass,pass
3224.0,high,mission_flight,36000.0,0.0,0.0,0.0,3697.678167,77.034962,36000.0,0.0,,pass,pass
3226.0,high,mission_flight,36000.0,0.0,0.0,0.0,3697.044833,77.021767,36000.0,0.0,,pass,pass
3228.0,high,mission_flight,36000.0,0.0,0.0,0.0,3696.4115,77.008573,36000.0,0.0,,pass,pass
3230.0,high,mission_flight,36000.0,0.0,0.0,0.0,3695.778167,76.995378,36000.0,0.0,,pass,pass
3232.0,high,mission_flight,36000.0,0.0,0.0,0.0,3695.144833,76.982184,36000.0,0.0,,pass,pass
3234.0,high,mission_flight,36000.0,0.0,0.0,0.0,3694.5115,76.96899,36000.0,0.0,,pass,pass
3236.0,high,mission_flight,36000.0,0.0,0.0,0.0,3693.878167,76.955795,36000.0,0.0,,pass,pass
3238.0,high,mission_flight,36000.0,0.0,0.0,0.0,3693.244833,76.942601,36000.0,0.0,,pass,pass
3240.0,high,mission_flight,36000.0,0.0,0.0,0.0,3692.6115,76.929406,36000.0,0.0,,pass,pass
3242.0,high,mission_flight,36000.0,0.0,0.0,0.0,3691.978167,76.916212,36000.0,0.0,,pass,pass
3244.0,high,mission_flight,36000.0,0.0,0.0,0.0,3691.344833,76.903017,36000.0,0.0,,pass,pass
3246.0,high,mission_flight,36000.0,0.0,0.0,0.0,3690.7115,76.889823,36000.0,0.0,,pass,pass
3248.0,high,mission_flight,36000.0,0.0,0.0,0.0,3690.078167,76.876628,36000.0,0.0,,pass,pass
3250.0,high,mission_flight,36000.0,0.0,0.0,0.0,3689.444833,76.863434,36000.0,0.0,,pass,pass
3252.0,high,mission_flight,36000.0,0.0,0.0,0.0,3688.8115,76.85024,36000.0,0.0,,pass,pass
3254.0,high,mission_flight,36000.0,0.0,0.0,0.0,3688.178167,76.837045,36000.0,0.0,,pass,pass
3256.0,high,mission_flight,36000.0,0.0,0.0,0.0,3687.544833,76.823851,36000.0,0.0,,pass,pass
3258.0,high,mission_flight,36000.0,0.0,0.0,0.0,3686.9115,76.810656,36000.0,0.0,,pass,pass
3260.0,high,mission_flight,36000.0,0.0,0.0,0.0,3686.278167,76.797462,36000.0,0.0,,pass,pass
3262.0,high,mission_flight,36000.0,0.0,0.0,0.0,3685.644833,76.784267,36000.0,0.0,,pass,pass
3264.0,high,mission_flight,36000.0,0.0,0.0,0.0,3685.0115,76.771073,36000.0,0.0,,pass,pass
3266.0,high,mission_flight,36000.0,0.0,0.0,0.0,3684.378167,76.757878,36000.0,0.0,,pass,pass
3268.0,high,mission_flight,36000.0,0.0,0.0,0.0,3683.744833,76.744684,36000.0,0.0,,pass,pass
3270.0,high,mission_flight,36000.0,0.0,0.0,0.0,3683.1115,76.73149,36000.0,0.0,,pass,pass
3272.0,high,mission_flight,36000.0,0.0,0.0,0.0,3682.478167,76.718295,36000.0,0.0,,pass,pass
3274.0,high,mission_flight,36000.0,0.0,0.0,0.0,3681.844833,76.705101,36000.0,0.0,,pass,pass
3276.0,high,mission_flight,36000.0,0.0,0.0,0.0,3681.2115,76.691906,36000.0,0.0,,pass,pass
3278.0,high,mission_flight,36000.0,0.0,0.0,0.0,3680.578167,76.678712,36000.0,0.0,,pass,pass
3280.0,high,mission_flight,36000.0,0.0,0.0,0.0,3679.944833,76.665517,36000.0,0.0,,pass,pass
3282.0,high,mission_flight,36000.0,0.0,0.0,0.0,3679.3115,76.652323,36000.0,0.0,,pass,pass
3284.0,high,mission_flight,36000.0,0.0,0.0,0.0,3678.678167,76.639128,36000.0,0.0,,pass,pass
3286.0,high,mission_flight,36000.0,0.0,0.0,0.0,3678.044833,76.625934,36000.0,0.0,,pass,pass
3288.0,high,mission_flight,36000.0,0.0,0.0,0.0,3677.4115,76.61274,36000.0,0.0,,pass,pass
3290.0,high,mission_flight,36000.0,0.0,0.0,0.0,3676.778167,76.599545,36000.0,0.0,,pass,pass
3292.0,high,mission_flight,36000.0,0.0,0.0,0.0,3676.144833,76.586351,36000.0,0.0,,pass,pass
3294.0,high,mission_flight,36000.0,0.0,0.0,0.0,3675.5115,76.573156,36000.0,0.0,,pass,pass
3296.0,high,mission_flight,36000.0,0.0,0.0,0.0,3674.878167,76.559962,36000.0,0.0,,pass,pass
3298.0,high,mission_flight,36000.0,0.0,0.0,0.0,3674.244833,76.546767,36000.0,0.0,,pass,pass
3300.0,high,mission_flight,36000.0,0.0,0.0,0.0,3673.6115,76.533573,36000.0,0.0,,pass,pass
3302.0,high,mission_flight,36000.0,0.0,0.0,0.0,3672.978167,76.520378,36000.0,0.0,,pass,pass
3304.0,high,mission_flight,36000.0,0.0,0.0,0.0,3672.344833,76.507184,36000.0,0.0,,pass,pass
3306.0,high,mission_flight,36000.0,0.0,0.0,0.0,3671.7115,76.49399,36000.0,0.0,,pass,pass
3308.0,high,mission_flight,36000.0,0.0,0.0,0.0,3671.078167,76.480795,36000.0,0.0,,pass,pass
3310.0,high,mission_flight,36000.0,0.0,0.0,0.0,3670.444833,76.467601,36000.0,0.0,,pass,pass
3312.0,high,mission_flight,36000.0,0.0,0.0,0.0,3669.8115,76.454406,36000.0,0.0,,pass,pass
3314.0,high,mission_flight,36000.0,0.0,0.0,0.0,3669.178167,76.441212,36000.0,0.0,,pass,pass
3316.0,high,mission_flight,36000.0,0.0,0.0,0.0,3668.544833,76.428017,36000.0,0.0,,pass,pass
3318.0,high,mission_flight,36000.0,0.0,0.0,0.0,3667.9115,76.414823,36000.0,0.0,,pass,pass
3320.0,high,mission_flight,36000.0,0.0,0.0,0.0,3667.278167,76.401628,36000.0,0.0,,pass,pass
3322.0,high,mission_flight,36000.0,0.0,0.0,0.0,3666.644833,76.388434,36000.0,0.0,,pass,pass
3324.0,high,mission_flight,36000.0,0.0,0.0,0.0,3666.0115,76.37524,36000.0,0.0,,pass,pass
3326.0,high,mission_flight,36000.0,0.0,0.0,0.0,3665.378167,76.362045,36000.0,0.0,,pass,pass
3328.0,high,mission_flight,36000.0,0.0,0.0,0.0,3664.744833,76.348851,36000.0,0.0,,pass,pass
3330.0,high,mission_flight,36000.0,0.0,0.0,0.0,3664.1115,76.335656,36000.0,0.0,,pass,pass
3332.0,high,mission_flight,36000.0,0.0,0.0,0.0,3663.478167,76.322462,36000.0,0.0,,pass,pass
3334.0,high,mission_flight,36000.0,0.0,0.0,0.0,3662.844833,76.309267,36000.0,0.0,,pass,pass
3336.0,high,mission_flight,36000.0,0.0,0.0,0.0,3662.2115,76.296073,36000.0,0.0,,pass,pass
3338.0,high,mission_flight,36000.0,0.0,0.0,0.0,3661.578167,76.282878,36000.0,0.0,,pass,pass
3340.0,high,mission_flight,36000.0,0.0,0.0,0.0,3660.944833,76.269684,36000.0,0.0,,pass,pass
3342.0,high,mission_flight,36000.0,0.0,0.0,0.0,3660.3115,76.25649,36000.0,0.0,,pass,pass
3344.0,high,mission_flight,36000.0,0.0,0.0,0.0,3659.678167,76.243295,36000.0,0.0,,pass,pass
3346.0,high,mission_flight,36000.0,0.0,0.0,0.0,3659.044833,76.230101,36000.0,0.0,,pass,pass
3348.0,high,mission_flight,36000.0,0.0,0.0,0.0,3658.4115,76.216906,36000.0,0.0,,pass,pass
3350.0,high,mission_flight,36000.0,0.0,0.0,0.0,3657.778167,76.203712,36000.0,0.0,,pass,pass
3352.0,high,mission_flight,36000.0,0.0,0.0,0.0,3657.144833,76.190517,36000.0,0.0,,pass,pass
3354.0,high,mission_flight,36000.0,0.0,0.0,0.0,3656.5115,76.177323,36000.0,0.0,,pass,pass
3356.0,high,mission_flight,36000.0,0.0,0.0,0.0,3655.878167,76.164128,36000.0,0.0,,pass,pass
3358.0,high,mission_flight,36000.0,0.0,0.0,0.0,3655.244833,76.150934,36000.0,0.0,,pass,pass
3360.0,high,mission_flight,36000.0,0.0,0.0,0.0,3654.6115,76.13774,36000.0,0.0,,pass,pass
3362.0,high,mission_flight,36000.0,0.0,0.0,0.0,3653.978167,76.124545,36000.0,0.0,,pass,pass
3364.0,high,mission_flight,36000.0,0.0,0.0,0.0,3653.344833,76.111351,36000.0,0.0,,pass,pass
3366.0,high,mission_flight,36000.0,0.0,0.0,0.0,3652.7115,76.098156,36000.0,0.0,,pass,pass
3368.0,high,mission_flight,36000.0,0.0,0.0,0.0,3652.078167,76.084962,36000.0,0.0,,pass,pass
3370.0,high,mission_flight,36000.0,0.0,0.0,0.0,3651.444833,76.071767,36000.0,0.0,,pass,pass
3372.0,high,mission_flight,36000.0,0.0,0.0,0.0,3650.8115,76.058573,36000.0,0.0,,pass,pass
3374.0,high,mission_flight,36000.0,0.0,0.0,0.0,3650.178167,76.045378,36000.0,0.0,,pass,pass
3376.0,high,mission_flight,36000.0,0.0,0.0,0.0,3649.544833,76.032184,36000.0,0.0,,pass,pass
3378.0,high,mission_flight,36000.0,0.0,0.0,0.0,3648.9115,76.01899,36000.0,0.0,,pass,pass
3380.0,high,mission_flight,36000.0,0.0,0.0,0.0,3648.278167,76.005795,36000.0,0.0,,pass,pass
3382.0,high,mission_flight,36000.0,0.0,0.0,0.0,3647.644833,75.992601,36000.0,0.0,,pass,pass
3384.0,high,mission_flight,36000.0,0.0,0.0,0.0,3647.0115,75.979406,36000.0,0.0,,pass,pass
3386.0,high,mission_flight,36000.0,0.0,0.0,0.0,3646.378167,75.966212,36000.0,0.0,,pass,pass
3388.0,high,mission_flight,36000.0,0.0,0.0,0.0,3645.744833,75.953017,36000.0,0.0,,pass,pass
3390.0,high,mission_flight,36000.0,0.0,0.0,0.0,3645.1115,75.939823,36000.0,0.0,,pass,pass
3392.0,high,mission_flight,36000.0,0.0,0.0,0.0,3644.478167,75.926628,36000.0,0.0,,pass,pass
3394.0,high,mission_flight,36000.0,0.0,0.0,0.0,3643.844833,75.913434,36000.0,0.0,,pass,pass
3396.0,high,mission_flight,36000.0,0.0,0.0,0.0,3643.2115,75.90024,36000.0,0.0,,pass,pass
3398.0,high,mission_flight,36000.0,0.0,0.0,0.0,3642.578167,75.887045,36000.0,0.0,,pass,pass
3400.0,high,mission_flight,36000.0,0.0,0.0,0.0,3641.944833,75.873851,36000.0,0.0,,pass,pass
3402.0,high,mission_flight,36000.0,0.0,0.0,0.0,3641.3115,75.860656,36000.0,0.0,,pass,pass
3404.0,high,mission_flight,36000.0,0.0,0.0,0.0,3640.678167,75.847462,36000.0,0.0,,pass,pass
3406.0,high,mission_flight,36000.0,0.0,0.0,0.0,3640.044833,75.834267,36000.0,0.0,,pass,pass
3408.0,high,mission_flight,36000.0,0.0,0.0,0.0,3639.4115,75.821073,36000.0,0.0,,pass,pass
3410.0,high,mission_flight,36000.0,0.0,0.0,0.0,3638.778167,75.807878,36000.0,0.0,,pass,pass
3412.0,high,mission_flight,36000.0,0.0,0.0,0.0,3638.144833,75.794684,36000.0,0.0,,pass,pass
3414.0,high,mission_flight,36000.0,0.0,0.0,0.0,3637.5115,75.78149,36000.0,0.0,,pass,pass
3416.0,high,mission_flight,36000.0,0.0,0.0,0.0,3636.878167,75.768295,36000.0,0.0,,pass,pass
3418.0,high,mission_flight,36000.0,0.0,0.0,0.0,3636.244833,75.755101,36000.0,0.0,,pass,pass
3420.0,high,mission_flight,36000.0,0.0,0.0,0.0,3635.6115,75.741906,36000.0,0.0,,pass,pass
3422.0,high,mission_flight,36000.0,0.0,0.0,0.0,3634.978167,75.728712,36000.0,0.0,,pass,pass
3424.0,high,mission_flight,36000.0,0.0,0.0,0.0,3634.344833,75.715517,36000.0,0.0,,pass,pass
3426.0,high,mission_flight,36000.0,0.0,0.0,0.0,3633.7115,75.702323,36000.0,0.0,,pass,pass
3428.0,high,mission_flight,36000.0,0.0,0.0,0.0,3633.078167,75.689128,36000.0,0.0,,pass,pass
3430.0,high,mission_flight,36000.0,0.0,0.0,0.0,3632.444833,75.675934,36000.0,0.0,,pass,pass
3432.0,high,mission_flight,36000.0,0.0,0.0,0.0,3631.8115,75.66274,36000.0,0.0,,pass,pass
3434.0,high,mission_flight,36000.0,0.0,0.0,0.0,3631.178167,75.649545,36000.0,0.0,,pass,pass
3436.0,high,mission_flight,36000.0,0.0,0.0,0.0,3630.544833,75.636351,36000.0,0.0,,pass,pass
3438.0,high,mission_flight,36000.0,0.0,0.0,0.0,3629.9115,75.623156,36000.0,0.0,,pass,pass
3440.0,high,mission_flight,36000.0,0.0,0.0,0.0,3629.278167,75.609962,36000.0,0.0,,pass,pass
3442.0,high,mission_flight,36000.0,0.0,0.0,0.0,3628.644833,75.596767,36000.0,0.0,,pass,pass
3444.0,high,mission_flight,36000.0,0.0,0.0,0.0,3628.0115,75.583573,36000.0,0.0,,pass,pass
3446.0,high,mission_flight,36000.0,0.0,0.0,0.0,3627.378167,75.570378,36000.0,0.0,,pass,pass
3448.0,high,mission_flight,36000.0,0.0,0.0,0.0,3626.744833,75.557184,36000.0,0.0,,pass,pass
3450.0,high,mission_flight,36000.0,0.0,0.0,0.0,3626.1115,75.54399,36000.0,0.0,,pass,pass
3452.0,high,mission_flight,36000.0,0.0,0.0,0.0,3625.478167,75.530795,36000.0,0.0,,pass,pass
3454.0,high,mission_flight,36000.0,0.0,0.0,0.0,3624.844833,75.517601,36000.0,0.0,,pass,pass
3456.0,high,mission_flight,36000.0,0.0,0.0,0.0,3624.2115,75.504406,36000.0,0.0,,pass,pass
3458.0,high,mission_flight,36000.0,0.0,0.0,0.0,3623.578167,75.491212,36000.0,0.0,,pass,pass
3460.0,high,mission_flight,36000.0,0.0,0.0,0.0,3622.944833,75.478017,36000.0,0.0,,pass,pass
3462.0,high,mission_flight,36000.0,0.0,0.0,0.0,3622.3115,75.464823,36000.0,0.0,,pass,pass
3464.0,high,mission_flight,36000.0,0.0,0.0,0.0,3621.678167,75.451628,36000.0,0.0,,pass,pass
3466.0,high,mission_flight,36000.0,0.0,0.0,0.0,3621.044833,75.438434,36000.0,0.0,,pass,pass
3468.0,high,mission_flight,36000.0,0.0,0.0,0.0,3620.4115,75.42524,36000.0,0.0,,pass,pass
3470.0,high,mission_flight,36000.0,0.0,0.0,0.0,3619.778167,75.412045,36000.0,0.0,,pass,pass
3472.0,high,mission_flight,36000.0,0.0,0.0,0.0,3619.144833,75.398851,36000.0,0.0,,pass,pass
3474.0,high,mission_flight,36000.0,0.0,0.0,0.0,3618.5115,75.385656,36000.0,0.0,,pass,pass
3476.0,high,mission_flight,36000.0,0.0,0.0,0.0,3617.878167,75.372462,36000.0,0.0,,pass,pass
3478.0,high,mission_flight,36000.0,0.0,0.0,0.0,3617.244833,75.359267,36000.0,0.0,,pass,pass
3480.0,high,mission_flight,36000.0,0.0,0.0,0.0,3616.6115,75.346073,36000.0,0.0,,pass,pass
3482.0,high,mission_flight,36000.0,0.0,0.0,0.0,3615.978167,75.332878,36000.0,0.0,,pass,pass
3484.0,high,mission_flight,36000.0,0.0,0.0,0.0,3615.344833,75.319684,36000.0,0.0,,pass,pass
3486.0,high,mission_flight,36000.0,0.0,0.0,0.0,3614.7115,75.30649,36000.0,0.0,,pass,pass
3488.0,high,mission_flight,36000.0,0.0,0.0,0.0,3614.078167,75.293295,36000.0,0.0,,pass,pass
3490.0,high,mission_flight,36000.0,0.0,0.0,0.0,3613.444833,75.280101,36000.0,0.0,,pass,pass
3492.0,high,mission_flight,36000.0,0.0,0.0,0.0,3612.8115,75.266906,36000.0,0.0,,pass,pass
3494.0,high,mission_flight,36000.0,0.0,0.0,0.0,3612.178167,75.253712,36000.0,0.0,,pass,pass
3496.0,high,mission_flight,36000.0,0.0,0.0,0.0,3611.544833,75.240517,36000.0,0.0,,pass,pass
3498.0,high,mission_flight,36000.0,0.0,0.0,0.0,3610.9115,75.227323,36000.0,0.0,,pass,pass
3500.0,high,mission_flight,36000.0,0.0,0.0,0.0,3610.278167,75.214128,36000.0,0.0,,pass,pass
3502.0,high,mission_flight,36000.0,0.0,0.0,0.0,3609.644833,75.200934,36000.0,0.0,,pass,pass
3504.0,high,mission_flight,36000.0,0.0,0.0,0.0,3609.0115,75.18774,36000.0,0.0,,pass,pass
3506.0,high,mission_flight,36000.0,0.0,0.0,0.0,3608.378167,75.174545,36000.0,0.0,,pass,pass
3508.0,high,mission_flight,36000.0,0.0,0.0,0.0,3607.744833,75.161351,36000.0,0.0,,pass,pass
3510.0,high,mission_flight,36000.0,0.0,0.0,0.0,3607.1115,75.148156,36000.0,0.0,,pass,pass
3512.0,high,mission_flight,36000.0,0.0,0.0,0.0,3606.478167,75.134962,36000.0,0.0,,pass,pass
3514.0,high,mission_flight,36000.0,0.0,0.0,0.0,3605.844833,75.121767,36000.0,0.0,,pass,pass
3516.0,high,mission_flight,36000.0,0.0,0.0,0.0,3605.2115,75.108573,36000.0,0.0,,pass,pass
3518.0,high,mission_flight,36000.0,0.0,0.0,0.0,3604.578167,75.095378,36000.0,0.0,,pass,pass
3520.0,high,mission_flight,36000.0,0.0,0.0,0.0,3603.944833,75.082184,36000.0,0.0,,pass,pass
3522.0,high,mission_flight,36000.0,0.0,0.0,0.0,3603.3115,75.06899,36000.0,0.0,,pass,pass
3524.0,high,mission_flight,36000.0,0.0,0.0,0.0,3602.678167,75.055795,36000.0,0.0,,pass,pass
3526.0,high,mission_flight,36000.0,0.0,0.0,0.0,3602.044833,75.042601,36000.0,0.0,,pass,pass
3528.0,high,mission_flight,36000.0,0.0,0.0,0.0,3601.4115,75.029406,36000.0,0.0,,pass,pass
3530.0,high,mission_flight,36000.0,0.0,0.0,0.0,3600.778167,75.016212,36000.0,0.0,,pass,pass
3532.0,high,mission_flight,36000.0,0.0,0.0,0.0,3600.144833,75.003017,36000.0,0.0,,pass,pass
3534.0,high,mission_flight,36000.0,0.0,0.0,0.0,3599.5115,74.989823,36000.0,0.0,,pass,pass
3536.0,high,mission_flight,36000.0,0.0,0.0,0.0,3598.878167,74.976628,36000.0,0.0,,pass,pass
3538.0,high,mission_flight,36000.0,0.0,0.0,0.0,3598.244833,74.963434,36000.0,0.0,,pass,pass
3540.0,high,mission_flight,36000.0,0.0,0.0,0.0,3597.6115,74.95024,36000.0,0.0,,pass,pass
3542.0,high,mission_flight,36000.0,0.0,0.0,0.0,3596.978167,74.937045,36000.0,0.0,,pass,pass
3544.0,high,mission_flight,36000.0,0.0,0.0,0.0,3596.344833,74.923851,36000.0,0.0,,pass,pass
3546.0,high,mission_flight,36000.0,0.0,0.0,0.0,3595.7115,74.910656,36000.0,0.0,,pass,pass
3548.0,high,mission_flight,36000.0,0.0,0.0,0.0,3595.078167,74.897462,36000.0,0.0,,pass,pass
3550.0,high,mission_flight,36000.0,0.0,0.0,0.0,3594.444833,74.884267,36000.0,0.0,,pass,pass
3552.0,high,mission_flight,36000.0,0.0,0.0,0.0,3593.8115,74.871073,36000.0,0.0,,pass,pass
3554.0,high,mission_flight,36000.0,0.0,0.0,0.0,3593.178167,74.857878,36000.0,0.0,,pass,pass
3556.0,high,mission_flight,36000.0,0.0,0.0,0.0,3592.544833,74.844684,36000.0,0.0,,pass,pass
3558.0,high,mission_flight,36000.0,0.0,0.0,0.0,3591.9115,74.83149,36000.0,0.0,,pass,pass
3560.0,high,mission_flight,36000.0,0.0,0.0,0.0,3591.278167,74.818295,36000.0,0.0,,pass,pass
3562.0,high,mission_flight,36000.0,0.0,0.0,0.0,3590.644833,74.805101,36000.0,0.0,,pass,pass
3564.0,high,mission_flight,36000.0,0.0,0.0,0.0,3590.0115,74.791906,36000.0,0.0,,pass,pass
3566.0,high,mission_flight,36000.0,0.0,0.0,0.0,3589.378167,74.778712,36000.0,0.0,,pass,pass
3568.0,high,mission_flight,36000.0,0.0,0.0,0.0,3588.744833,74.765517,36000.0,0.0,,pass,pass
3570.0,high,mission_flight,36000.0,0.0,0.0,0.0,3588.1115,74.752323,36000.0,0.0,,pass,pass
3572.0,high,mission_flight,36000.0,0.0,0.0,0.0,3587.478167,74.739128,36000.0,0.0,,pass,pass
3574.0,high,mission_flight,36000.0,0.0,0.0,0.0,3586.844833,74.725934,36000.0,0.0,,pass,pass
3576.0,high,mission_flight,36000.0,0.0,0.0,0.0,3586.2115,74.71274,36000.0,0.0,,pass,pass
3578.0,high,mission_flight,36000.0,0.0,0.0,0.0,3585.578167,74.699545,36000.0,0.0,,pass,pass
3580.0,high,mission_flight,36000.0,0.0,0.0,0.0,3584.944833,74.686351,36000.0,0.0,,pass,pass
3582.0,high,mission_flight,36000.0,0.0,0.0,0.0,3584.3115,74.673156,36000.0,0.0,,pass,pass
3584.0,high,mission_flight,36000.0,0.0,0.0,0.0,3583.678167,74.659962,36000.0,0.0,,pass,pass
3586.0,high,mission_flight,36000.0,0.0,0.0,0.0,3583.044833,74.646767,36000.0,0.0,,pass,pass
3588.0,high,mission_flight,36000.0,0.0,0.0,0.0,3582.4115,74.633573,36000.0,0.0,,pass,pass
3590.0,high,mission_flight,36000.0,0.0,0.0,0.0,3581.778167,74.620378,36000.0,0.0,,pass,pass
3592.0,high,mission_flight,36000.0,0.0,0.0,0.0,3581.144833,74.607184,36000.0,0.0,,pass,pass
3594.0,high,mission_flight,36000.0,0.0,0.0,0.0,3580.5115,74.59399,36000.0,0.0,,pass,pass
3596.0,high,mission_flight,36000.0,0.0,0.0,0.0,3579.878167,74.580795,36000.0,0.0,,pass,pass
3598.0,high,mission_flight,36000.0,0.0,0.0,0.0,3579.244833,74.567601,36000.0,0.0,,pass,pass
3600.0,high,mission_flight,36000.0,0.0,0.0,0.0,3578.6115,74.554406,36000.0,0.0,,pass,pass
3602.0,high,mission_flight,36000.0,0.0,0.0,0.0,3577.978167,74.541212,36000.0,0.0,,pass,pass
3604.0,high,mission_flight,36000.0,0.0,0.0,0.0,3577.344833,74.528017,36000.0,0.0,,pass,pass
3606.0,high,mission_flight,36000.0,0.0,0.0,0.0,3576.7115,74.514823,36000.0,0.0,,pass,pass
3608.0,high,mission_flight,36000.0,0.0,0.0,0.0,3576.078167,74.501628,36000.0,0.0,,pass,pass
3610.0,high,mission_flight,36000.0,0.0,0.0,0.0,3575.444833,74.488434,36000.0,0.0,,pass,pass
3612.0,high,mission_flight,36000.0,0.0,0.0,0.0,3574.8115,74.47524,36000.0,0.0,,pass,pass
3614.0,high,mission_flight,36000.0,0.0,0.0,0.0,3574.178167,74.462045,36000.0,0.0,,pass,pass
3616.0,high,mission_flight,36000.0,0.0,0.0,0.0,3573.544833,74.448851,36000.0,0.0,,pass,pass
3618.0,high,mission_flight,36000.0,0.0,0.0,0.0,3572.9115,74.435656,36000.0,0.0,,pass,pass
3620.0,high,mission_flight,36000.0,0.0,0.0,0.0,3572.278167,74.422462,36000.0,0.0,,pass,pass
3622.0,high,mission_flight,36000.0,0.0,0.0,0.0,3571.644833,74.409267,36000.0,0.0,,pass,pass
3624.0,high,mission_flight,36000.0,0.0,0.0,0.0,3571.0115,74.396073,36000.0,0.0,,pass,pass
3626.0,high,mission_flight,36000.0,0.0,0.0,0.0,3570.378167,74.382878,36000.0,0.0,,pass,pass
3628.0,high,mission_flight,36000.0,0.0,0.0,0.0,3569.744833,74.369684,36000.0,0.0,,pass,pass
3630.0,high,mission_flight,36000.0,0.0,0.0,0.0,3569.1115,74.35649,36000.0,0.0,,pass,pass
3632.0,high,mission_flight,36000.0,0.0,0.0,0.0,3568.478167,74.343295,36000.0,0.0,,pass,pass
3634.0,high,mission_flight,36000.0,0.0,0.0,0.0,3567.844833,74.330101,36000.0,0.0,,pass,pass
3636.0,high,mission_flight,36000.0,0.0,0.0,0.0,3567.2115,74.316906,36000.0,0.0,,pass,pass
3638.0,high,mission_flight,36000.0,0.0,0.0,0.0,3566.578167,74.303712,36000.0,0.0,,pass,pass
3640.0,high,mission_flight,36000.0,0.0,0.0,0.0,3565.944833,74.290517,36000.0,0.0,,pass,pass
3642.0,high,mission_flight,36000.0,0.0,0.0,0.0,3565.3115,74.277323,36000.0,0.0,,pass,pass
3644.0,high,mission_flight,36000.0,0.0,0.0,0.0,3564.678167,74.264128,36000.0,0.0,,pass,pass
3646.0,high,mission_flight,36000.0,0.0,0.0,0.0,3564.044833,74.250934,36000.0,0.0,,pass,pass
3648.0,high,mission_flight,36000.0,0.0,0.0,0.0,3563.4115,74.23774,36000.0,0.0,,pass,pass
3650.0,high,mission_flight,36000.0,0.0,0.0,0.0,3562.778167,74.224545,36000.0,0.0,,pass,pass
3652.0,high,mission_flight,36000.0,0.0,0.0,0.0,3562.144833,74.211351,36000.0,0.0,,pass,pass
3654.0,high,mission_flight,36000.0,0.0,0.0,0.0,3561.5115,74.198156,36000.0,0.0,,pass,pass
3656.0,high,mission_flight,36000.0,0.0,0.0,0.0,3560.878167,74.184962,36000.0,0.0,,pass,pass
3658.0,high,mission_flight,36000.0,0.0,0.0,0.0,3560.244833,74.171767,36000.0,0.0,,pass,pass
3660.0,high,mission_flight,36000.0,0.0,0.0,0.0,3559.6115,74.158573,36000.0,0.0,,pass,pass
3662.0,high,mission_flight,36000.0,0.0,0.0,0.0,3558.978167,74.145378,36000.0,0.0,,pass,pass
3664.0,high,mission_flight,36000.0,0.0,0.0,0.0,3558.344833,74.132184,36000.0,0.0,,pass,pass
3666.0,high,mission_flight,36000.0,0.0,0.0,0.0,3557.7115,74.11899,36000.0,0.0,,pass,pass
3668.0,high,mission_flight,36000.0,0.0,0.0,0.0,3557.078167,74.105795,36000.0,0.0,,pass,pass
3670.0,high,mission_flight,36000.0,0.0,0.0,0.0,3556.444833,74.092601,36000.0,0.0,,pass,pass
3672.0,high,mission_flight,36000.0,0.0,0.0,0.0,3555.8115,74.079406,36000.0,0.0,,pass,pass
3674.0,high,mission_flight,36000.0,0.0,0.0,0.0,3555.178167,74.066212,36000.0,0.0,,pass,pass
3676.0,high,mission_flight,36000.0,0.0,0.0,0.0,3554.544833,74.053017,36000.0,0.0,,pass,pass
3678.0,high,mission_flight,36000.0,0.0,0.0,0.0,3553.9115,74.039823,36000.0,0.0,,pass,pass
3680.0,high,mission_flight,36000.0,0.0,0.0,0.0,3553.278167,74.026628,36000.0,0.0,,pass,pass
3682.0,high,mission_flight,36000.0,0.0,0.0,0.0,3552.644833,74.013434,36000.0,0.0,,pass,pass
3684.0,high,mission_flight,36000.0,0.0,0.0,0.0,3552.0115,74.00024,36000.0,0.0,,pass,pass
3686.0,high,mission_flight,36000.0,0.0,0.0,0.0,3551.378167,73.987045,36000.0,0.0,,pass,pass
3688.0,high,mission_flight,36000.0,0.0,0.0,0.0,3550.744833,73.973851,36000.0,0.0,,pass,pass
3690.0,high,mission_flight,36000.0,0.0,0.0,0.0,3550.1115,73.960656,36000.0,0.0,,pass,pass
3692.0,high,mission_flight,36000.0,0.0,0.0,0.0,3549.478167,73.947462,36000.0,0.0,,pass,pass
3694.0,high,mission_flight,36000.0,0.0,0.0,0.0,3548.844833,73.934267,36000.0,0.0,,pass,pass
3696.0,high,mission_flight,36000.0,0.0,0.0,0.0,3548.2115,73.921073,36000.0,0.0,,pass,pass
3698.0,high,mission_flight,36000.0,0.0,0.0,0.0,3547.578167,73.907878,36000.0,0.0,,pass,pass
3700.0,high,mission_flight,36000.0,0.0,0.0,0.0,3546.944833,73.894684,36000.0,0.0,,pass,pass
3702.0,high,mission_flight,36000.0,0.0,0.0,0.0,3546.3115,73.88149,36000.0,0.0,,pass,pass
3704.0,high,mission_flight,36000.0,0.0,0.0,0.0,3545.678167,73.868295,36000.0,0.0,,pass,pass
3706.0,high,mission_flight,36000.0,0.0,0.0,0.0,3545.044833,73.855101,36000.0,0.0,,pass,pass
3708.0,high,mission_flight,36000.0,0.0,0.0,0.0,3544.4115,73.841906,36000.0,0.0,,pass,pass
3710.0,high,mission_flight,36000.0,0.0,0.0,0.0,3543.778167,73.828712,36000.0,0.0,,pass,pass
3712.0,high,mission_flight,36000.0,0.0,0.0,0.0,3543.144833,73.815517,36000.0,0.0,,pass,pass
3714.0,high,mission_flight,36000.0,0.0,0.0,0.0,3542.5115,73.802323,36000.0,0.0,,pass,pass
3716.0,high,mission_flight,36000.0,0.0,0.0,0.0,3541.878167,73.789128,36000.0,0.0,,pass,pass
3718.0,high,mission_flight,36000.0,0.0,0.0,0.0,3541.244833,73.775934,36000.0,0.0,,pass,pass
3720.0,high,mission_flight,36000.0,0.0,0.0,0.0,3540.6115,73.76274,36000.0,0.0,,pass,pass
3722.0,high,mission_flight,36000.0,0.0,0.0,0.0,3539.978167,73.749545,36000.0,0.0,,pass,pass
3724.0,high,mission_flight,36000.0,0.0,0.0,0.0,3539.344833,73.736351,36000.0,0.0,,pass,pass
3726.0,high,mission_flight,36000.0,0.0,0.0,0.0,3538.7115,73.723156,36000.0,0.0,,pass,pass
3728.0,high,mission_flight,36000.0,0.0,0.0,0.0,3538.078167,73.709962,36000.0,0.0,,pass,pass
3730.0,high,mission_flight,36000.0,0.0,0.0,0.0,3537.444833,73.696767,36000.0,0.0,,pass,pass
3732.0,high,mission_flight,36000.0,0.0,0.0,0.0,3536.8115,73.683573,36000.0,0.0,,pass,pass
3734.0,high,mission_flight,36000.0,0.0,0.0,0.0,3536.178167,73.670378,36000.0,0.0,,pass,pass
3736.0,high,mission_flight,36000.0,0.0,0.0,0.0,3535.544833,73.657184,36000.0,0.0,,pass,pass
3738.0,high,mission_flight,36000.0,0.0,0.0,0.0,3534.9115,73.64399,36000.0,0.0,,pass,pass
3740.0,high,mission_flight,36000.0,0.0,0.0,0.0,3534.278167,73.630795,36000.0,0.0,,pass,pass
3742.0,high,mission_flight,36000.0,0.0,0.0,0.0,3533.644833,73.617601,36000.0,0.0,,pass,pass
3744.0,high,mission_flight,36000.0,0.0,0.0,0.0,3533.0115,73.604406,36000.0,0.0,,pass,pass
3746.0,high,mission_flight,36000.0,0.0,0.0,0.0,3532.378167,73.591212,36000.0,0.0,,pass,pass
3748.0,high,mission_flight,36000.0,0.0,0.0,0.0,3531.744833,73.578017,36000.0,0.0,,pass,pass
3750.0,high,mission_flight,36000.0,0.0,0.0,0.0,3531.1115,73.564823,36000.0,0.0,,pass,pass
3752.0,high,mission_flight,36000.0,0.0,0.0,0.0,3530.478167,73.551628,36000.0,0.0,,pass,pass
3754.0,high,mission_flight,36000.0,0.0,0.0,0.0,3529.844833,73.538434,36000.0,0.0,,pass,pass
3756.0,high,mission_flight,36000.0,0.0,0.0,0.0,3529.2115,73.52524,36000.0,0.0,,pass,pass
3758.0,high,mission_flight,36000.0,0.0,0.0,0.0,3528.578167,73.512045,36000.0,0.0,,pass,pass
3760.0,high,mission_flight,36000.0,0.0,0.0,0.0,3527.944833,73.498851,36000.0,0.0,,pass,pass
3762.0,high,mission_flight,36000.0,0.0,0.0,0.0,3527.3115,73.485656,36000.0,0.0,,pass,pass
3764.0,high,mission_flight,36000.0,0.0,0.0,0.0,3526.678167,73.472462,36000.0,0.0,,pass,pass
3766.0,high,mission_flight,36000.0,0.0,0.0,0.0,3526.044833,73.459267,36000.0,0.0,,pass,pass
3768.0,high,mission_flight,36000.0,0.0,0.0,0.0,3525.4115,73.446073,36000.0,0.0,,pass,pass
3770.0,high,mission_flight,36000.0,0.0,0.0,0.0,3524.778167,73.432878,36000.0,0.0,,pass,pass
3772.0,high,mission_flight,36000.0,0.0,0.0,0.0,3524.144833,73.419684,36000.0,0.0,,pass,pass
3774.0,high,mission_flight,36000.0,0.0,0.0,0.0,3523.5115,73.40649,36000.0,0.0,,pass,pass
3776.0,high,mission_flight,36000.0,0.0,0.0,0.0,3522.878167,73.393295,36000.0,0.0,,pass,pass
3778.0,high,mission_flight,36000.0,0.0,0.0,0.0,3522.244833,73.380101,36000.0,0.0,,pass,pass
3780.0,high,mission_flight,36000.0,0.0,0.0,0.0,3521.6115,73.366906,36000.0,0.0,,pass,pass
3782.0,high,mission_flight,36000.0,0.0,0.0,0.0,3520.978167,73.353712,36000.0,0.0,,pass,pass
3784.0,high,mission_flight,36000.0,0.0,0.0,0.0,3520.344833,73.340517,36000.0,0.0,,pass,pass
3786.0,high,mission_flight,36000.0,0.0,0.0,0.0,3519.7115,73.327323,36000.0,0.0,,pass,pass
3788.0,high,mission_flight,36000.0,0.0,0.0,0.0,3519.078167,73.314128,36000.0,0.0,,pass,pass
3790.0,high,mission_flight,36000.0,0.0,0.0,0.0,3518.444833,73.300934,36000.0,0.0,,pass,pass
3792.0,high,mission_flight,36000.0,0.0,0.0,0.0,3517.8115,73.28774,36000.0,0.0,,pass,pass
3794.0,high,mission_flight,36000.0,0.0,0.0,0.0,3517.178167,73.274545,36000.0,0.0,,pass,pass
3796.0,high,mission_flight,36000.0,0.0,0.0,0.0,3516.544833,73.261351,36000.0,0.0,,pass,pass
3798.0,high,mission_flight,36000.0,0.0,0.0,0.0,3515.9115,73.248156,36000.0,0.0,,pass,pass
3800.0,high,mission_flight,36000.0,0.0,0.0,0.0,3515.278167,73.234962,36000.0,0.0,,pass,pass
3802.0,high,mission_flight,36000.0,0.0,0.0,0.0,3514.644833,73.221767,36000.0,0.0,,pass,pass
3804.0,high,mission_flight,36000.0,0.0,0.0,0.0,3514.0115,73.208573,36000.0,0.0,,pass,pass
3806.0,high,mission_flight,36000.0,0.0,0.0,0.0,3513.378167,73.195378,36000.0,0.0,,pass,pass
3808.0,high,mission_flight,36000.0,0.0,0.0,0.0,3512.744833,73.182184,36000.0,0.0,,pass,pass
3810.0,high,mission_flight,36000.0,0.0,0.0,0.0,3512.1115,73.16899,36000.0,0.0,,pass,pass
3812.0,high,mission_flight,36000.0,0.0,0.0,0.0,3511.478167,73.155795,36000.0,0.0,,pass,pass
3814.0,high,mission_flight,36000.0,0.0,0.0,0.0,3510.844833,73.142601,36000.0,0.0,,pass,pass
3816.0,high,mission_flight,36000.0,0.0,0.0,0.0,3510.2115,73.129406,36000.0,0.0,,pass,pass
3818.0,high,mission_flight,36000.0,0.0,0.0,0.0,3509.578167,73.116212,36000.0,0.0,,pass,pass
3820.0,high,mission_flight,36000.0,0.0,0.0,0.0,3508.944833,73.103017,36000.0,0.0,,pass,pass
3822.0,high,mission_flight,36000.0,0.0,0.0,0.0,3508.3115,73.089823,36000.0,0.0,,pass,pass
3824.0,high,mission_flight,36000.0,0.0,0.0,0.0,3507.678167,73.076628,36000.0,0.0,,pass,pass
3826.0,high,mission_flight,36000.0,0.0,0.0,0.0,3507.044833,73.063434,36000.0,0.0,,pass,pass
3828.0,high,mission_flight,36000.0,0.0,0.0,0.0,3506.4115,73.05024,36000.0,0.0,,pass,pass
3830.0,high,mission_flight,36000.0,0.0,0.0,0.0,3505.778167,73.037045,36000.0,0.0,,pass,pass
3832.0,high,mission_flight,36000.0,0.0,0.0,0.0,3505.144833,73.023851,36000.0,0.0,,pass,pass
3834.0,high,mission_flight,36000.0,0.0,0.0,0.0,3504.5115,73.010656,36000.0,0.0,,pass,pass
3836.0,high,mission_flight,36000.0,0.0,0.0,0.0,3503.878167,72.997462,36000.0,0.0,,pass,pass
3838.0,high,mission_flight,36000.0,0.0,0.0,0.0,3503.244833,72.984267,36000.0,0.0,,pass,pass
3840.0,high,mission_flight,36000.0,0.0,0.0,0.0,3502.6115,72.971073,36000.0,0.0,,pass,pass
3842.0,high,mission_flight,36000.0,0.0,0.0,0.0,3501.978167,72.957878,36000.0,0.0,,pass,pass
3844.0,high,mission_flight,36000.0,0.0,0.0,0.0,3501.344833,72.944684,36000.0,0.0,,pass,pass
3846.0,high,mission_flight,36000.0,0.0,0.0,0.0,3500.7115,72.93149,36000.0,0.0,,pass,pass
3848.0,high,mission_flight,36000.0,0.0,0.0,0.0,3500.078167,72.918295,36000.0,0.0,,pass,pass
3850.0,high,mission_flight,36000.0,0.0,0.0,0.0,3499.444833,72.905101,36000.0,0.0,,pass,pass
3852.0,high,mission_flight,36000.0,0.0,0.0,0.0,3498.8115,72.891906,36000.0,0.0,,pass,pass
3854.0,high,mission_flight,36000.0,0.0,0.0,0.0,3498.178167,72.878712,36000.0,0.0,,pass,pass
3856.0,high,mission_flight,36000.0,0.0,0.0,0.0,3497.544833,72.865517,36000.0,0.0,,pass,pass
3858.0,high,mission_flight,36000.0,0.0,0.0,0.0,3496.9115,72.852323,36000.0,0.0,,pass,pass
3860.0,high,mission_flight,36000.0,0.0,0.0,0.0,3496.278167,72.839128,36000.0,0.0,,pass,pass
3862.0,high,mission_flight,36000.0,0.0,0.0,0.0,3495.644833,72.825934,36000.0,0.0,,pass,pass
3864.0,high,mission_flight,36000.0,0.0,0.0,0.0,3495.0115,72.81274,36000.0,0.0,,pass,pass
3866.0,high,mission_flight,36000.0,0.0,0.0,0.0,3494.378167,72.799545,36000.0,0.0,,pass,pass
3868.0,high,mission_flight,36000.0,0.0,0.0,0.0,3493.744833,72.786351,36000.0,0.0,,pass,pass
3870.0,high,mission_flight,36000.0,0.0,0.0,0.0,3493.1115,72.773156,36000.0,0.0,,pass,pass
3872.0,high,mission_flight,36000.0,0.0,0.0,0.0,3492.478167,72.759962,36000.0,0.0,,pass,pass
3874.0,high,mission_flight,36000.0,0.0,0.0,0.0,3491.844833,72.746767,36000.0,0.0,,pass,pass
3876.0,high,mission_flight,36000.0,0.0,0.0,0.0,3491.2115,72.733573,36000.0,0.0,,pass,pass
3878.0,high,mission_flight,36000.0,0.0,0.0,0.0,3490.578167,72.720378,36000.0,0.0,,pass,pass
3880.0,high,mission_flight,36000.0,0.0,0.0,0.0,3489.944833,72.707184,36000.0,0.0,,pass,pass
3882.0,high,mission_flight,36000.0,0.0,0.0,0.0,3489.3115,72.69399,36000.0,0.0,,pass,pass
3884.0,high,mission_flight,36000.0,0.0,0.0,0.0,3488.678167,72.680795,36000.0,0.0,,pass,pass
3886.0,high,mission_flight,36000.0,0.0,0.0,0.0,3488.044833,72.667601,36000.0,0.0,,pass,pass
3888.0,high,mission_flight,36000.0,0.0,0.0,0.0,3487.4115,72.654406,36000.0,0.0,,pass,pass
3890.0,high,mission_flight,36000.0,0.0,0.0,0.0,3486.778167,72.641212,36000.0,0.0,,pass,pass
3892.0,high,mission_flight,36000.0,0.0,0.0,0.0,3486.144833,72.628017,36000.0,0.0,,pass,pass
3894.0,high,mission_flight,36000.0,0.0,0.0,0.0,3485.5115,72.614823,36000.0,0.0,,pass,pass
3896.0,high,mission_flight,36000.0,0.0,0.0,0.0,3484.878167,72.601628,36000.0,0.0,,pass,pass
3898.0,high,mission_flight,36000.0,0.0,0.0,0.0,3484.244833,72.588434,36000.0,0.0,,pass,pass
3900.0,high,mission_flight,36000.0,0.0,0.0,0.0,3483.6115,72.57524,36000.0,0.0,,pass,pass
3902.0,high,mission_flight,36000.0,0.0,0.0,0.0,3482.978167,72.562045,36000.0,0.0,,pass,pass
3904.0,high,mission_flight,36000.0,0.0,0.0,0.0,3482.344833,72.548851,36000.0,0.0,,pass,pass
3906.0,high,mission_flight,36000.0,0.0,0.0,0.0,3481.7115,72.535656,36000.0,0.0,,pass,pass
3908.0,high,mission_flight,36000.0,0.0,0.0,0.0,3481.078167,72.522462,36000.0,0.0,,pass,pass
3910.0,high,mission_flight,36000.0,0.0,0.0,0.0,3480.444833,72.509267,36000.0,0.0,,pass,pass
3912.0,high,mission_flight,36000.0,0.0,0.0,0.0,3479.8115,72.496073,36000.0,0.0,,pass,pass
3914.0,high,mission_flight,36000.0,0.0,0.0,0.0,3479.178167,72.482878,36000.0,0.0,,pass,pass
3916.0,high,mission_flight,36000.0,0.0,0.0,0.0,3478.544833,72.469684,36000.0,0.0,,pass,pass
3918.0,high,mission_flight,36000.0,0.0,0.0,0.0,3477.9115,72.45649,36000.0,0.0,,pass,pass
3920.0,high,mission_flight,36000.0,0.0,0.0,0.0,3477.278167,72.443295,36000.0,0.0,,pass,pass
3922.0,high,mission_flight,36000.0,0.0,0.0,0.0,3476.644833,72.430101,36000.0,0.0,,pass,pass
3924.0,high,mission_flight,36000.0,0.0,0.0,0.0,3476.0115,72.416906,36000.0,0.0,,pass,pass
3926.0,high,mission_flight,36000.0,0.0,0.0,0.0,3475.378167,72.403712,36000.0,0.0,,pass,pass
3928.0,high,mission_flight,36000.0,0.0,0.0,0.0,3474.744833,72.390517,36000.0,0.0,,pass,pass
3930.0,high,mission_flight,36000.0,0.0,0.0,0.0,3474.1115,72.377323,36000.0,0.0,,pass,pass
3932.0,high,mission_flight,36000.0,0.0,0.0,0.0,3473.478167,72.364128,36000.0,0.0,,pass,pass
3934.0,high,mission_flight,36000.0,0.0,0.0,0.0,3472.844833,72.350934,36000.0,0.0,,pass,pass
3936.0,high,mission_flight,36000.0,0.0,0.0,0.0,3472.2115,72.33774,36000.0,0.0,,pass,pass
3938.0,high,mission_flight,36000.0,0.0,0.0,0.0,3471.578167,72.324545,36000.0,0.0,,pass,pass
3940.0,high,mission_flight,36000.0,0.0,0.0,0.0,3470.944833,72.311351,36000.0,0.0,,pass,pass
3942.0,high,mission_flight,36000.0,0.0,0.0,0.0,3470.3115,72.298156,36000.0,0.0,,pass,pass
3944.0,high,mission_flight,36000.0,0.0,0.0,0.0,3469.678167,72.284962,36000.0,0.0,,pass,pass
3946.0,high,mission_flight,36000.0,0.0,0.0,0.0,3469.044833,72.271767,36000.0,0.0,,pass,pass
3948.0,high,mission_flight,36000.0,0.0,0.0,0.0,3468.4115,72.258573,36000.0,0.0,,pass,pass
3950.0,high,mission_flight,36000.0,0.0,0.0,0.0,3467.778167,72.245378,36000.0,0.0,,pass,pass
3952.0,high,mission_flight,36000.0,0.0,0.0,0.0,3467.144833,72.232184,36000.0,0.0,,pass,pass
3954.0,high,mission_flight,36000.0,0.0,0.0,0.0,3466.5115,72.21899,36000.0,0.0,,pass,pass
3956.0,high,mission_flight,36000.0,0.0,0.0,0.0,3465.878167,72.205795,36000.0,0.0,,pass,pass
3958.0,high,mission_flight,36000.0,0.0,0.0,0.0,3465.244833,72.192601,36000.0,0.0,,pass,pass
3960.0,high,mission_flight,36000.0,0.0,0.0,0.0,3464.6115,72.179406,36000.0,0.0,,pass,pass
3962.0,high,mission_flight,36000.0,0.0,0.0,0.0,3463.978167,72.166212,36000.0,0.0,,pass,pass
3964.0,high,mission_flight,36000.0,0.0,0.0,0.0,3463.344833,72.153017,36000.0,0.0,,pass,pass
3966.0,high,mission_flight,36000.0,0.0,0.0,0.0,3462.7115,72.139823,36000.0,0.0,,pass,pass
3968.0,high,mission_flight,36000.0,0.0,0.0,0.0,3462.078167,72.126628,36000.0,0.0,,pass,pass
3970.0,high,mission_flight,36000.0,0.0,0.0,0.0,3461.444833,72.113434,36000.0,0.0,,pass,pass
3972.0,high,mission_flight,36000.0,0.0,0.0,0.0,3460.8115,72.10024,36000.0,0.0,,pass,pass
3974.0,high,mission_flight,36000.0,0.0,0.0,0.0,3460.178167,72.087045,36000.0,0.0,,pass,pass
3976.0,high,mission_flight,36000.0,0.0,0.0,0.0,3459.544833,72.073851,36000.0,0.0,,pass,pass
3978.0,high,mission_flight,36000.0,0.0,0.0,0.0,3458.9115,72.060656,36000.0,0.0,,pass,pass
3980.0,high,mission_flight,36000.0,0.0,0.0,0.0,3458.278167,72.047462,36000.0,0.0,,pass,pass
3982.0,high,mission_flight,36000.0,0.0,0.0,0.0,3457.644833,72.034267,36000.0,0.0,,pass,pass
3984.0,high,mission_flight,36000.0,0.0,0.0,0.0,3457.0115,72.021073,36000.0,0.0,,pass,pass
3986.0,high,mission_flight,36000.0,0.0,0.0,0.0,3456.378167,72.007878,36000.0,0.0,,pass,pass
3988.0,high,mission_flight,36000.0,0.0,0.0,0.0,3455.744833,71.994684,36000.0,0.0,,pass,pass
3990.0,high,mission_flight,36000.0,0.0,0.0,0.0,3455.1115,71.98149,36000.0,0.0,,pass,pass
3992.0,high,mission_flight,36000.0,0.0,0.0,0.0,3454.478167,71.968295,36000.0,0.0,,pass,pass
3994.0,high,mission_flight,36000.0,0.0,0.0,0.0,3453.844833,71.955101,36000.0,0.0,,pass,pass
3996.0,high,mission_flight,36000.0,0.0,0.0,0.0,3453.2115,71.941906,36000.0,0.0,,pass,pass
3998.0,high,mission_flight,36000.0,0.0,0.0,0.0,3452.578167,71.928712,36000.0,0.0,,pass,pass
4000.0,high,mission_flight,36000.0,0.0,0.0,0.0,3451.944833,71.915517,36000.0,0.0,,pass,pass
4002.0,high,mission_flight,36000.0,0.0,0.0,0.0,3451.3115,71.902323,36000.0,0.0,,pass,pass
4004.0,high,mission_flight,36000.0,0.0,0.0,0.0,3450.678167,71.889128,36000.0,0.0,,pass,pass
4006.0,high,mission_flight,36000.0,0.0,0.0,0.0,3450.044833,71.875934,36000.0,0.0,,pass,pass
4008.0,high,mission_flight,36000.0,0.0,0.0,0.0,3449.4115,71.86274,36000.0,0.0,,pass,pass
4010.0,high,mission_flight,36000.0,0.0,0.0,0.0,3448.778167,71.849545,36000.0,0.0,,pass,pass
4012.0,high,mission_flight,36000.0,0.0,0.0,0.0,3448.144833,71.836351,36000.0,0.0,,pass,pass
4014.0,high,mission_flight,36000.0,0.0,0.0,0.0,3447.5115,71.823156,36000.0,0.0,,pass,pass
4016.0,high,mission_flight,36000.0,0.0,0.0,0.0,3446.878167,71.809962,36000.0,0.0,,pass,pass
4018.0,high,mission_flight,36000.0,0.0,0.0,0.0,3446.244833,71.796767,36000.0,0.0,,pass,pass
4020.0,high,mission_flight,36000.0,0.0,0.0,0.0,3445.6115,71.783573,36000.0,0.0,,pass,pass
4022.0,high,mission_flight,36000.0,0.0,0.0,0.0,3444.978167,71.770378,36000.0,0.0,,pass,pass
4024.0,high,mission_flight,36000.0,0.0,0.0,0.0,3444.344833,71.757184,36000.0,0.0,,pass,pass
4026.0,high,mission_flight,36000.0,0.0,0.0,0.0,3443.7115,71.74399,36000.0,0.0,,pass,pass
4028.0,high,mission_flight,36000.0,0.0,0.0,0.0,3443.078167,71.730795,36000.0,0.0,,pass,pass
4030.0,high,mission_flight,36000.0,0.0,0.0,0.0,3442.444833,71.717601,36000.0,0.0,,pass,pass
4032.0,high,mission_flight,36000.0,0.0,0.0,0.0,3441.8115,71.704406,36000.0,0.0,,pass,pass
4034.0,high,mission_flight,36000.0,0.0,0.0,0.0,3441.178167,71.691212,36000.0,0.0,,pass,pass
4036.0,high,mission_flight,36000.0,0.0,0.0,0.0,3440.544833,71.678017,36000.0,0.0,,pass,pass
4038.0,high,mission_flight,36000.0,0.0,0.0,0.0,3439.9115,71.664823,36000.0,0.0,,pass,pass
4040.0,high,mission_flight,36000.0,0.0,0.0,0.0,3439.278167,71.651628,36000.0,0.0,,pass,pass
4042.0,high,mission_flight,36000.0,0.0,0.0,0.0,3438.644833,71.638434,36000.0,0.0,,pass,pass
4044.0,high,mission_flight,36000.0,0.0,0.0,0.0,3438.0115,71.62524,36000.0,0.0,,pass,pass
4046.0,high,mission_flight,36000.0,0.0,0.0,0.0,3437.378167,71.612045,36000.0,0.0,,pass,pass
4048.0,high,mission_flight,36000.0,0.0,0.0,0.0,3436.744833,71.598851,36000.0,0.0,,pass,pass
4050.0,high,mission_flight,36000.0,0.0,0.0,0.0,3436.1115,71.585656,36000.0,0.0,,pass,pass
4052.0,high,mission_flight,36000.0,0.0,0.0,0.0,3435.478167,71.572462,36000.0,0.0,,pass,pass
4054.0,high,mission_flight,36000.0,0.0,0.0,0.0,3434.844833,71.559267,36000.0,0.0,,pass,pass
4056.0,high,mission_flight,36000.0,0.0,0.0,0.0,3434.2115,71.546073,36000.0,0.0,,pass,pass
4058.0,high,mission_flight,36000.0,0.0,0.0,0.0,3433.578167,71.532878,36000.0,0.0,,pass,pass
4060.0,high,mission_flight,36000.0,0.0,0.0,0.0,3432.944833,71.519684,36000.0,0.0,,pass,pass
4062.0,high,mission_flight,36000.0,0.0,0.0,0.0,3432.3115,71.50649,36000.0,0.0,,pass,pass
4064.0,high,mission_flight,36000.0,0.0,0.0,0.0,3431.678167,71.493295,36000.0,0.0,,pass,pass
4066.0,high,mission_flight,36000.0,0.0,0.0,0.0,3431.044833,71.480101,36000.0,0.0,,pass,pass
4068.0,high,mission_flight,36000.0,0.0,0.0,0.0,3430.4115,71.466906,36000.0,0.0,,pass,pass
4070.0,high,mission_flight,36000.0,0.0,0.0,0.0,3429.778167,71.453712,36000.0,0.0,,pass,pass
4072.0,high,mission_flight,36000.0,0.0,0.0,0.0,3429.144833,71.440517,36000.0,0.0,,pass,pass
4074.0,high,mission_flight,36000.0,0.0,0.0,0.0,3428.5115,71.427323,36000.0,0.0,,pass,pass
4076.0,high,mission_flight,36000.0,0.0,0.0,0.0,3427.878167,71.414128,36000.0,0.0,,pass,pass
4078.0,high,mission_flight,36000.0,0.0,0.0,0.0,3427.244833,71.400934,36000.0,0.0,,pass,pass
4080.0,high,mission_flight,36000.0,0.0,0.0,0.0,3426.6115,71.38774,36000.0,0.0,,pass,pass
4082.0,high,mission_flight,36000.0,0.0,0.0,0.0,3425.978167,71.374545,36000.0,0.0,,pass,pass
4084.0,high,mission_flight,36000.0,0.0,0.0,0.0,3425.344833,71.361351,36000.0,0.0,,pass,pass
4086.0,high,mission_flight,36000.0,0.0,0.0,0.0,3424.7115,71.348156,36000.0,0.0,,pass,pass
4088.0,high,mission_flight,36000.0,0.0,0.0,0.0,3424.078167,71.334962,36000.0,0.0,,pass,pass
4090.0,high,mission_flight,36000.0,0.0,0.0,0.0,3423.444833,71.321767,36000.0,0.0,,pass,pass
4092.0,high,mission_flight,36000.0,0.0,0.0,0.0,3422.8115,71.308573,36000.0,0.0,,pass,pass
4094.0,high,mission_flight,36000.0,0.0,0.0,0.0,3422.178167,71.295378,36000.0,0.0,,pass,pass
4096.0,high,mission_flight,36000.0,0.0,0.0,0.0,3421.544833,71.282184,36000.0,0.0,,pass,pass
4098.0,high,mission_flight,36000.0,0.0,0.0,0.0,3420.9115,71.26899,36000.0,0.0,,pass,pass
4100.0,high,mission_flight,36000.0,0.0,0.0,0.0,3420.278167,71.255795,36000.0,0.0,,pass,pass
4102.0,high,mission_flight,36000.0,0.0,0.0,0.0,3419.644833,71.242601,36000.0,0.0,,pass,pass
4104.0,high,mission_flight,36000.0,0.0,0.0,0.0,3419.0115,71.229406,36000.0,0.0,,pass,pass
4106.0,high,mission_flight,36000.0,0.0,0.0,0.0,3418.378167,71.216212,36000.0,0.0,,pass,pass
4108.0,high,mission_flight,36000.0,0.0,0.0,0.0,3417.744833,71.203017,36000.0,0.0,,pass,pass
4110.0,high,mission_flight,36000.0,0.0,0.0,0.0,3417.1115,71.189823,36000.0,0.0,,pass,pass
4112.0,high,mission_flight,36000.0,0.0,0.0,0.0,3416.478167,71.176628,36000.0,0.0,,pass,pass
4114.0,high,mission_flight,36000.0,0.0,0.0,0.0,3415.844833,71.163434,36000.0,0.0,,pass,pass
4116.0,high,mission_flight,36000.0,0.0,0.0,0.0,3415.2115,71.15024,36000.0,0.0,,pass,pass
4118.0,high,mission_flight,36000.0,0.0,0.0,0.0,3414.578167,71.137045,36000.0,0.0,,pass,pass
4120.0,high,mission_flight,36000.0,0.0,0.0,0.0,3413.944833,71.123851,36000.0,0.0,,pass,pass
4122.0,high,mission_flight,36000.0,0.0,0.0,0.0,3413.3115,71.110656,36000.0,0.0,,pass,pass
4124.0,high,mission_flight,36000.0,0.0,0.0,0.0,3412.678167,71.097462,36000.0,0.0,,pass,pass
4126.0,high,mission_flight,36000.0,0.0,0.0,0.0,3412.044833,71.084267,36000.0,0.0,,pass,pass
4128.0,high,mission_flight,36000.0,0.0,0.0,0.0,3411.4115,71.071073,36000.0,0.0,,pass,pass
4130.0,high,mission_flight,36000.0,0.0,0.0,0.0,3410.778167,71.057878,36000.0,0.0,,pass,pass
4132.0,high,mission_flight,36000.0,0.0,0.0,0.0,3410.144833,71.044684,36000.0,0.0,,pass,pass
4134.0,high,mission_flight,36000.0,0.0,0.0,0.0,3409.5115,71.03149,36000.0,0.0,,pass,pass
4136.0,high,mission_flight,36000.0,0.0,0.0,0.0,3408.878167,71.018295,36000.0,0.0,,pass,pass
4138.0,high,mission_flight,36000.0,0.0,0.0,0.0,3408.244833,71.005101,36000.0,0.0,,pass,pass
4140.0,high,mission_flight,36000.0,0.0,0.0,0.0,3407.6115,70.991906,36000.0,0.0,,pass,pass
4142.0,high,mission_flight,36000.0,0.0,0.0,0.0,3406.978167,70.978712,36000.0,0.0,,pass,pass
4144.0,high,mission_flight,36000.0,0.0,0.0,0.0,3406.344833,70.965517,36000.0,0.0,,pass,pass
4146.0,high,mission_flight,36000.0,0.0,0.0,0.0,3405.7115,70.952323,36000.0,0.0,,pass,pass
4148.0,high,mission_flight,36000.0,0.0,0.0,0.0,3405.078167,70.939128,36000.0,0.0,,pass,pass
4150.0,high,mission_flight,36000.0,0.0,0.0,0.0,3404.444833,70.925934,36000.0,0.0,,pass,pass
4152.0,high,mission_flight,36000.0,0.0,0.0,0.0,3403.8115,70.91274,36000.0,0.0,,pass,pass
4154.0,high,mission_flight,36000.0,0.0,0.0,0.0,3403.178167,70.899545,36000.0,0.0,,pass,pass
4156.0,high,mission_flight,36000.0,0.0,0.0,0.0,3402.544833,70.886351,36000.0,0.0,,pass,pass
4158.0,high,mission_flight,36000.0,0.0,0.0,0.0,3401.9115,70.873156,36000.0,0.0,,pass,pass
4160.0,high,mission_flight,36000.0,0.0,0.0,0.0,3401.278167,70.859962,36000.0,0.0,,pass,pass
4162.0,high,mission_flight,36000.0,0.0,0.0,0.0,3400.644833,70.846767,36000.0,0.0,,pass,pass
4164.0,high,mission_flight,36000.0,0.0,0.0,0.0,3400.0115,70.833573,36000.0,0.0,,pass,pass
4166.0,high,mission_flight,36000.0,0.0,0.0,0.0,3399.378167,70.820378,36000.0,0.0,,pass,pass
4168.0,high,mission_flight,36000.0,0.0,0.0,0.0,3398.744833,70.807184,36000.0,0.0,,pass,pass
4170.0,high,mission_flight,36000.0,0.0,0.0,0.0,3398.1115,70.79399,36000.0,0.0,,pass,pass
4172.0,high,mission_flight,36000.0,0.0,0.0,0.0,3397.478167,70.780795,36000.0,0.0,,pass,pass
4174.0,high,mission_flight,36000.0,0.0,0.0,0.0,3396.844833,70.767601,36000.0,0.0,,pass,pass
4176.0,high,mission_flight,36000.0,0.0,0.0,0.0,3396.2115,70.754406,36000.0,0.0,,pass,pass
4178.0,high,mission_flight,36000.0,0.0,0.0,0.0,3395.578167,70.741212,36000.0,0.0,,pass,pass
4180.0,high,mission_flight,36000.0,0.0,0.0,0.0,3394.944833,70.728017,36000.0,0.0,,pass,pass
4182.0,high,mission_flight,36000.0,0.0,0.0,0.0,3394.3115,70.714823,36000.0,0.0,,pass,pass
4184.0,high,mission_flight,36000.0,0.0,0.0,0.0,3393.678167,70.701628,36000.0,0.0,,pass,pass
4186.0,high,mission_flight,36000.0,0.0,0.0,0.0,3393.044833,70.688434,36000.0,0.0,,pass,pass
4188.0,high,mission_flight,36000.0,0.0,0.0,0.0,3392.4115,70.67524,36000.0,0.0,,pass,pass
4190.0,high,mission_flight,36000.0,0.0,0.0,0.0,3391.778167,70.662045,36000.0,0.0,,pass,pass
4192.0,high,mission_flight,36000.0,0.0,0.0,0.0,3391.144833,70.648851,36000.0,0.0,,pass,pass
4194.0,high,mission_flight,36000.0,0.0,0.0,0.0,3390.5115,70.635656,36000.0,0.0,,pass,pass
4196.0,high,mission_flight,36000.0,0.0,0.0,0.0,3389.878167,70.622462,36000.0,0.0,,pass,pass
4198.0,high,mission_flight,36000.0,0.0,0.0,0.0,3389.244833,70.609267,36000.0,0.0,,pass,pass
4200.0,high,mission_flight,36000.0,0.0,0.0,0.0,3388.6115,70.596073,36000.0,0.0,,pass,pass
4202.0,high,mission_flight,36000.0,0.0,0.0,0.0,3387.978167,70.582878,36000.0,0.0,,pass,pass
4204.0,high,mission_flight,36000.0,0.0,0.0,0.0,3387.344833,70.569684,36000.0,0.0,,pass,pass
4206.0,high,mission_flight,36000.0,0.0,0.0,0.0,3386.7115,70.55649,36000.0,0.0,,pass,pass
4208.0,high,mission_flight,36000.0,0.0,0.0,0.0,3386.078167,70.543295,36000.0,0.0,,pass,pass
4210.0,high,mission_flight,36000.0,0.0,0.0,0.0,3385.444833,70.530101,36000.0,0.0,,pass,pass
4212.0,high,mission_flight,36000.0,0.0,0.0,0.0,3384.8115,70.516906,36000.0,0.0,,pass,pass
4214.0,high,mission_flight,36000.0,0.0,0.0,0.0,3384.178167,70.503712,36000.0,0.0,,pass,pass
4216.0,high,mission_flight,36000.0,0.0,0.0,0.0,3383.544833,70.490517,36000.0,0.0,,pass,pass
4218.0,high,mission_flight,36000.0,0.0,0.0,0.0,3382.9115,70.477323,36000.0,0.0,,pass,pass
4220.0,high,mission_flight,36000.0,0.0,0.0,0.0,3382.278167,70.464128,36000.0,0.0,,pass,pass
4222.0,high,mission_flight,36000.0,0.0,0.0,0.0,3381.644833,70.450934,36000.0,0.0,,pass,pass
4224.0,high,mission_flight,36000.0,0.0,0.0,0.0,3381.0115,70.43774,36000.0,0.0,,pass,pass
4226.0,high,mission_flight,36000.0,0.0,0.0,0.0,3380.378167,70.424545,36000.0,0.0,,pass,pass
4228.0,high,mission_flight,36000.0,0.0,0.0,0.0,3379.744833,70.411351,36000.0,0.0,,pass,pass
4230.0,high,mission_flight,36000.0,0.0,0.0,0.0,3379.1115,70.398156,36000.0,0.0,,pass,pass
4232.0,high,mission_flight,36000.0,0.0,0.0,0.0,3378.478167,70.384962,36000.0,0.0,,pass,pass
4234.0,high,mission_flight,36000.0,0.0,0.0,0.0,3377.844833,70.371767,36000.0,0.0,,pass,pass
4236.0,high,mission_flight,36000.0,0.0,0.0,0.0,3377.2115,70.358573,36000.0,0.0,,pass,pass
4238.0,high,mission_flight,36000.0,0.0,0.0,0.0,3376.578167,70.345378,36000.0,0.0,,pass,pass
4240.0,high,mission_flight,36000.0,0.0,0.0,0.0,3375.944833,70.332184,36000.0,0.0,,pass,pass
4242.0,high,mission_flight,36000.0,0.0,0.0,0.0,3375.3115,70.31899,36000.0,0.0,,pass,pass
4244.0,high,mission_flight,36000.0,0.0,0.0,0.0,3374.678167,70.305795,36000.0,0.0,,pass,pass
4246.0,high,mission_flight,36000.0,0.0,0.0,0.0,3374.044833,70.292601,36000.0,0.0,,pass,pass
4248.0,high,mission_flight,36000.0,0.0,0.0,0.0,3373.4115,70.279406,36000.0,0.0,,pass,pass
4250.0,high,mission_flight,36000.0,0.0,0.0,0.0,3372.778167,70.266212,36000.0,0.0,,pass,pass
4252.0,high,mission_flight,36000.0,0.0,0.0,0.0,3372.144833,70.253017,36000.0,0.0,,pass,pass
4254.0,high,mission_flight,36000.0,0.0,0.0,0.0,3371.5115,70.239823,36000.0,0.0,,pass,pass
4256.0,high,mission_flight,36000.0,0.0,0.0,0.0,3370.878167,70.226628,36000.0,0.0,,pass,pass
4258.0,high,mission_flight,36000.0,0.0,0.0,0.0,3370.244833,70.213434,36000.0,0.0,,pass,pass
4260.0,high,mission_flight,36000.0,0.0,0.0,0.0,3369.6115,70.20024,36000.0,0.0,,pass,pass
4262.0,high,mission_flight,36000.0,0.0,0.0,0.0,3368.978167,70.187045,36000.0,0.0,,pass,pass
4264.0,high,mission_flight,36000.0,0.0,0.0,0.0,3368.344833,70.173851,36000.0,0.0,,pass,pass
4266.0,high,mission_flight,36000.0,0.0,0.0,0.0,3367.7115,70.160656,36000.0,0.0,,pass,pass
4268.0,high,mission_flight,36000.0,0.0,0.0,0.0,3367.078167,70.147462,36000.0,0.0,,pass,pass
4270.0,high,mission_flight,36000.0,0.0,0.0,0.0,3366.444833,70.134267,36000.0,0.0,,pass,pass
4272.0,high,mission_flight,36000.0,0.0,0.0,0.0,3365.8115,70.121073,36000.0,0.0,,pass,pass
4274.0,high,mission_flight,36000.0,0.0,0.0,0.0,3365.178167,70.107878,36000.0,0.0,,pass,pass
4276.0,high,mission_flight,36000.0,0.0,0.0,0.0,3364.544833,70.094684,36000.0,0.0,,pass,pass
4278.0,high,mission_flight,36000.0,0.0,0.0,0.0,3363.9115,70.08149,36000.0,0.0,,pass,pass
4280.0,high,mission_flight,36000.0,0.0,0.0,0.0,3363.278167,70.068295,36000.0,0.0,,pass,pass
4282.0,high,mission_flight,36000.0,0.0,0.0,0.0,3362.644833,70.055101,36000.0,0.0,,pass,pass
4284.0,high,mission_flight,36000.0,0.0,0.0,0.0,3362.0115,70.041906,36000.0,0.0,,pass,pass
4286.0,high,mission_flight,36000.0,0.0,0.0,0.0,3361.378167,70.028712,36000.0,0.0,,pass,pass
4288.0,high,mission_flight,36000.0,0.0,0.0,0.0,3360.744833,70.015517,36000.0,0.0,,pass,pass
4290.0,high,mission_flight,36000.0,0.0,0.0,0.0,3360.1115,70.002323,36000.0,0.0,,pass,pass
4292.0,high,mission_flight,36000.0,0.0,0.0,0.0,3359.478167,69.989128,36000.0,0.0,,pass,pass
4294.0,high,mission_flight,36000.0,0.0,0.0,0.0,3358.844833,69.975934,36000.0,0.0,,pass,pass
4296.0,high,mission_flight,36000.0,0.0,0.0,0.0,3358.2115,69.96274,36000.0,0.0,,pass,pass
4298.0,high,mission_flight,36000.0,0.0,0.0,0.0,3357.578167,69.949545,36000.0,0.0,,pass,pass
4300.0,high,mission_flight,36000.0,0.0,0.0,0.0,3356.944833,69.936351,36000.0,0.0,,pass,pass
4302.0,high,mission_flight,36000.0,0.0,0.0,0.0,3356.3115,69.923156,36000.0,0.0,,pass,pass
4304.0,high,mission_flight,36000.0,0.0,0.0,0.0,3355.678167,69.909962,36000.0,0.0,,pass,pass
4306.0,high,mission_flight,36000.0,0.0,0.0,0.0,3355.044833,69.896767,36000.0,0.0,,pass,pass
4308.0,high,mission_flight,36000.0,0.0,0.0,0.0,3354.4115,69.883573,36000.0,0.0,,pass,pass
4310.0,high,mission_flight,36000.0,0.0,0.0,0.0,3353.778167,69.870378,36000.0,0.0,,pass,pass
4312.0,high,mission_flight,36000.0,0.0,0.0,0.0,3353.144833,69.857184,36000.0,0.0,,pass,pass
4314.0,high,mission_flight,36000.0,0.0,0.0,0.0,3352.5115,69.84399,36000.0,0.0,,pass,pass
4316.0,high,mission_flight,36000.0,0.0,0.0,0.0,3351.878167,69.830795,36000.0,0.0,,pass,pass
4318.0,high,mission_flight,36000.0,0.0,0.0,0.0,3351.244833,69.817601,36000.0,0.0,,pass,pass
4320.0,high,mission_flight,36000.0,0.0,0.0,0.0,3350.6115,69.804406,36000.0,0.0,,pass,pass
4322.0,high,mission_flight,36000.0,0.0,0.0,0.0,3349.978167,69.791212,36000.0,0.0,,pass,pass
4324.0,high,mission_flight,36000.0,0.0,0.0,0.0,3349.344833,69.778017,36000.0,0.0,,pass,pass
4326.0,high,mission_flight,36000.0,0.0,0.0,0.0,3348.7115,69.764823,36000.0,0.0,,pass,pass
4328.0,high,mission_flight,36000.0,0.0,0.0,0.0,3348.078167,69.751628,36000.0,0.0,,pass,pass
4330.0,high,mission_flight,36000.0,0.0,0.0,0.0,3347.444833,69.738434,36000.0,0.0,,pass,pass
4332.0,high,mission_flight,36000.0,0.0,0.0,0.0,3346.8115,69.72524,36000.0,0.0,,pass,pass
4334.0,high,mission_flight,36000.0,0.0,0.0,0.0,3346.178167,69.712045,36000.0,0.0,,pass,pass
4336.0,high,mission_flight,36000.0,0.0,0.0,0.0,3345.544833,69.698851,36000.0,0.0,,pass,pass
4338.0,high,mission_flight,36000.0,0.0,0.0,0.0,3344.9115,69.685656,36000.0,0.0,,pass,pass
4340.0,high,mission_flight,36000.0,0.0,0.0,0.0,3344.278167,69.672462,36000.0,0.0,,pass,pass
4342.0,high,mission_flight,36000.0,0.0,0.0,0.0,3343.644833,69.659267,36000.0,0.0,,pass,pass
4344.0,high,mission_flight,36000.0,0.0,0.0,0.0,3343.0115,69.646073,36000.0,0.0,,pass,pass
4346.0,high,mission_flight,36000.0,0.0,0.0,0.0,3342.378167,69.632878,36000.0,0.0,,pass,pass
4348.0,high,mission_flight,36000.0,0.0,0.0,0.0,3341.744833,69.619684,36000.0,0.0,,pass,pass
4350.0,high,mission_flight,36000.0,0.0,0.0,0.0,3341.1115,69.60649,36000.0,0.0,,pass,pass
4352.0,high,mission_flight,36000.0,0.0,0.0,0.0,3340.478167,69.593295,36000.0,0.0,,pass,pass
4354.0,high,mission_flight,36000.0,0.0,0.0,0.0,3339.844833,69.580101,36000.0,0.0,,pass,pass
4356.0,high,mission_flight,36000.0,0.0,0.0,0.0,3339.2115,69.566906,36000.0,0.0,,pass,pass
4358.0,high,mission_flight,36000.0,0.0,0.0,0.0,3338.578167,69.553712,36000.0,0.0,,pass,pass
4360.0,high,mission_flight,36000.0,0.0,0.0,0.0,3337.944833,69.540517,36000.0,0.0,,pass,pass
4362.0,high,mission_flight,36000.0,0.0,0.0,0.0,3337.3115,69.527323,36000.0,0.0,,pass,pass
4364.0,high,mission_flight,36000.0,0.0,0.0,0.0,3336.678167,69.514128,36000.0,0.0,,pass,pass
4366.0,high,mission_flight,36000.0,0.0,0.0,0.0,3336.044833,69.500934,36000.0,0.0,,pass,pass
4368.0,high,mission_flight,36000.0,0.0,0.0,0.0,3335.4115,69.48774,36000.0,0.0,,pass,pass
4370.0,high,mission_flight,36000.0,0.0,0.0,0.0,3334.778167,69.474545,36000.0,0.0,,pass,pass
4372.0,high,mission_flight,36000.0,0.0,0.0,0.0,3334.144833,69.461351,36000.0,0.0,,pass,pass
4374.0,high,mission_flight,36000.0,0.0,0.0,0.0,3333.5115,69.448156,36000.0,0.0,,pass,pass
4376.0,high,mission_flight,36000.0,0.0,0.0,0.0,3332.878167,69.434962,36000.0,0.0,,pass,pass
4378.0,high,mission_flight,36000.0,0.0,0.0,0.0,3332.244833,69.421767,36000.0,0.0,,pass,pass
4380.0,high,mission_flight,36000.0,0.0,0.0,0.0,3331.6115,69.408573,36000.0,0.0,,pass,pass
4382.0,high,mission_flight,36000.0,0.0,0.0,0.0,3330.978167,69.395378,36000.0,0.0,,pass,pass
4384.0,high,mission_flight,36000.0,0.0,0.0,0.0,3330.344833,69.382184,36000.0,0.0,,pass,pass
4386.0,high,mission_flight,36000.0,0.0,0.0,0.0,3329.7115,69.36899,36000.0,0.0,,pass,pass
4388.0,high,mission_flight,36000.0,0.0,0.0,0.0,3329.078167,69.355795,36000.0,0.0,,pass,pass
4390.0,high,mission_flight,36000.0,0.0,0.0,0.0,3328.444833,69.342601,36000.0,0.0,,pass,pass
4392.0,high,mission_flight,36000.0,0.0,0.0,0.0,3327.8115,69.329406,36000.0,0.0,,pass,pass
4394.0,high,mission_flight,36000.0,0.0,0.0,0.0,3327.178167,69.316212,36000.0,0.0,,pass,pass
4396.0,high,mission_flight,36000.0,0.0,0.0,0.0,3326.544833,69.303017,36000.0,0.0,,pass,pass
4398.0,high,mission_flight,36000.0,0.0,0.0,0.0,3325.9115,69.289823,36000.0,0.0,,pass,pass
4400.0,high,mission_flight,36000.0,0.0,0.0,0.0,3325.278167,69.276628,36000.0,0.0,,pass,pass
4402.0,high,mission_flight,36000.0,0.0,0.0,0.0,3324.644833,69.263434,36000.0,0.0,,pass,pass
4404.0,high,mission_flight,36000.0,0.0,0.0,0.0,3324.0115,69.25024,36000.0,0.0,,pass,pass
4406.0,high,mission_flight,36000.0,0.0,0.0,0.0,3323.378167,69.237045,36000.0,0.0,,pass,pass
4408.0,high,mission_flight,36000.0,0.0,0.0,0.0,3322.744833,69.223851,36000.0,0.0,,pass,pass
4410.0,high,mission_flight,36000.0,0.0,0.0,0.0,3322.1115,69.210656,36000.0,0.0,,pass,pass
4412.0,high,mission_flight,36000.0,0.0,0.0,0.0,3321.478167,69.197462,36000.0,0.0,,pass,pass
4414.0,high,mission_flight,36000.0,0.0,0.0,0.0,3320.844833,69.184267,36000.0,0.0,,pass,pass
4416.0,high,mission_flight,36000.0,0.0,0.0,0.0,3320.2115,69.171073,36000.0,0.0,,pass,pass
4418.0,high,mission_flight,36000.0,0.0,0.0,0.0,3319.578167,69.157878,36000.0,0.0,,pass,pass
4420.0,high,mission_flight,36000.0,0.0,0.0,0.0,3318.944833,69.144684,36000.0,0.0,,pass,pass
4422.0,high,mission_flight,36000.0,0.0,0.0,0.0,3318.3115,69.13149,36000.0,0.0,,pass,pass
4424.0,high,mission_flight,36000.0,0.0,0.0,0.0,3317.678167,69.118295,36000.0,0.0,,pass,pass
4426.0,high,mission_flight,36000.0,0.0,0.0,0.0,3317.044833,69.105101,36000.0,0.0,,pass,pass
4428.0,high,mission_flight,36000.0,0.0,0.0,0.0,3316.4115,69.091906,36000.0,0.0,,pass,pass
4430.0,high,mission_flight,36000.0,0.0,0.0,0.0,3315.778167,69.078712,36000.0,0.0,,pass,pass
4432.0,high,mission_flight,36000.0,0.0,0.0,0.0,3315.144833,69.065517,36000.0,0.0,,pass,pass
4434.0,high,mission_flight,36000.0,0.0,0.0,0.0,3314.5115,69.052323,36000.0,0.0,,pass,pass
4436.0,high,mission_flight,36000.0,0.0,0.0,0.0,3313.878167,69.039128,36000.0,0.0,,pass,pass
4438.0,high,mission_flight,36000.0,0.0,0.0,0.0,3313.244833,69.025934,36000.0,0.0,,pass,pass
4440.0,high,mission_flight,36000.0,0.0,0.0,0.0,3312.6115,69.01274,36000.0,0.0,,pass,pass
4442.0,high,mission_flight,36000.0,0.0,0.0,0.0,3311.978167,68.999545,36000.0,0.0,,pass,pass
4444.0,high,mission_flight,36000.0,0.0,0.0,0.0,3311.344833,68.986351,36000.0,0.0,,pass,pass
4446.0,high,mission_flight,36000.0,0.0,0.0,0.0,3310.7115,68.973156,36000.0,0.0,,pass,pass
4448.0,high,mission_flight,36000.0,0.0,0.0,0.0,3310.078167,68.959962,36000.0,0.0,,pass,pass
4450.0,high,mission_flight,36000.0,0.0,0.0,0.0,3309.444833,68.946767,36000.0,0.0,,pass,pass
4452.0,high,mission_flight,36000.0,0.0,0.0,0.0,3308.8115,68.933573,36000.0,0.0,,pass,pass
4454.0,high,mission_flight,36000.0,0.0,0.0,0.0,3308.178167,68.920378,36000.0,0.0,,pass,pass
4456.0,high,mission_flight,36000.0,0.0,0.0,0.0,3307.544833,68.907184,36000.0,0.0,,pass,pass
4458.0,high,mission_flight,36000.0,0.0,0.0,0.0,3306.9115,68.89399,36000.0,0.0,,pass,pass
4460.0,high,mission_flight,36000.0,0.0,0.0,0.0,3306.278167,68.880795,36000.0,0.0,,pass,pass
4462.0,high,mission_flight,36000.0,0.0,0.0,0.0,3305.644833,68.867601,36000.0,0.0,,pass,pass
4464.0,high,mission_flight,36000.0,0.0,0.0,0.0,3305.0115,68.854406,36000.0,0.0,,pass,pass
4466.0,high,mission_flight,36000.0,0.0,0.0,0.0,3304.378167,68.841212,36000.0,0.0,,pass,pass
4468.0,high,mission_flight,36000.0,0.0,0.0,0.0,3303.744833,68.828017,36000.0,0.0,,pass,pass
4470.0,high,mission_flight,36000.0,0.0,0.0,0.0,3303.1115,68.814823,36000.0,0.0,,pass,pass
4472.0,high,mission_flight,36000.0,0.0,0.0,0.0,3302.478167,68.801628,36000.0,0.0,,pass,pass
4474.0,high,mission_flight,36000.0,0.0,0.0,0.0,3301.844833,68.788434,36000.0,0.0,,pass,pass
4476.0,high,mission_flight,36000.0,0.0,0.0,0.0,3301.2115,68.77524,36000.0,0.0,,pass,pass
4478.0,high,mission_flight,36000.0,0.0,0.0,0.0,3300.578167,68.762045,36000.0,0.0,,pass,pass
4480.0,high,mission_flight,36000.0,0.0,0.0,0.0,3299.944833,68.748851,36000.0,0.0,,pass,pass
4482.0,high,mission_flight,36000.0,0.0,0.0,0.0,3299.3115,68.735656,36000.0,0.0,,pass,pass
4484.0,high,mission_flight,36000.0,0.0,0.0,0.0,3298.678167,68.722462,36000.0,0.0,,pass,pass
4486.0,high,mission_flight,36000.0,0.0,0.0,0.0,3298.044833,68.709267,36000.0,0.0,,pass,pass
4488.0,high,mission_flight,36000.0,0.0,0.0,0.0,3297.4115,68.696073,36000.0,0.0,,pass,pass
4490.0,high,mission_flight,36000.0,0.0,0.0,0.0,3296.778167,68.682878,36000.0,0.0,,pass,pass
4492.0,high,mission_flight,36000.0,0.0,0.0,0.0,3296.144833,68.669684,36000.0,0.0,,pass,pass
4494.0,high,mission_flight,36000.0,0.0,0.0,0.0,3295.5115,68.65649,36000.0,0.0,,pass,pass
4496.0,high,mission_flight,36000.0,0.0,0.0,0.0,3294.878167,68.643295,36000.0,0.0,,pass,pass
4498.0,high,mission_flight,36000.0,0.0,0.0,0.0,3294.244833,68.630101,36000.0,0.0,,pass,pass
4500.0,high,mission_flight,36000.0,0.0,0.0,0.0,3293.6115,68.616906,36000.0,0.0,,pass,pass
4502.0,high,mission_flight,36000.0,0.0,0.0,0.0,3292.978167,68.603712,36000.0,0.0,,pass,pass
4504.0,high,mission_flight,36000.0,0.0,0.0,0.0,3292.344833,68.590517,36000.0,0.0,,pass,pass
4506.0,high,mission_flight,36000.0,0.0,0.0,0.0,3291.7115,68.577323,36000.0,0.0,,pass,pass
4508.0,high,mission_flight,36000.0,0.0,0.0,0.0,3291.078167,68.564128,36000.0,0.0,,pass,pass
4510.0,high,mission_flight,36000.0,0.0,0.0,0.0,3290.444833,68.550934,36000.0,0.0,,pass,pass
4512.0,high,mission_flight,36000.0,0.0,0.0,0.0,3289.8115,68.53774,36000.0,0.0,,pass,pass
4514.0,high,mission_flight,36000.0,0.0,0.0,0.0,3289.178167,68.524545,36000.0,0.0,,pass,pass
4516.0,high,mission_flight,36000.0,0.0,0.0,0.0,3288.544833,68.511351,36000.0,0.0,,pass,pass
4518.0,high,mission_flight,36000.0,0.0,0.0,0.0,3287.9115,68.498156,36000.0,0.0,,pass,pass
4520.0,high,mission_flight,36000.0,0.0,0.0,0.0,3287.278167,68.484962,36000.0,0.0,,pass,pass
4522.0,high,mission_flight,36000.0,0.0,0.0,0.0,3286.644833,68.471767,36000.0,0.0,,pass,pass
4524.0,high,mission_flight,36000.0,0.0,0.0,0.0,3286.0115,68.458573,36000.0,0.0,,pass,pass
4526.0,high,mission_flight,36000.0,0.0,0.0,0.0,3285.378167,68.445378,36000.0,0.0,,pass,pass
4528.0,high,mission_flight,36000.0,0.0,0.0,0.0,3284.744833,68.432184,36000.0,0.0,,pass,pass
4530.0,high,mission_flight,36000.0,0.0,0.0,0.0,3284.1115,68.41899,36000.0,0.0,,pass,pass
4532.0,high,mission_flight,36000.0,0.0,0.0,0.0,3283.478167,68.405795,36000.0,0.0,,pass,pass
4534.0,high,mission_flight,36000.0,0.0,0.0,0.0,3282.844833,68.392601,36000.0,0.0,,pass,pass
4536.0,high,mission_flight,36000.0,0.0,0.0,0.0,3282.2115,68.379406,36000.0,0.0,,pass,pass
4538.0,high,mission_flight,36000.0,0.0,0.0,0.0,3281.578167,68.366212,36000.0,0.0,,pass,pass
4540.0,high,mission_flight,36000.0,0.0,0.0,0.0,3280.944833,68.353017,36000.0,0.0,,pass,pass
4542.0,high,mission_flight,36000.0,0.0,0.0,0.0,3280.3115,68.339823,36000.0,0.0,,pass,pass
4544.0,high,mission_flight,36000.0,0.0,0.0,0.0,3279.678167,68.326628,36000.0,0.0,,pass,pass
4546.0,high,mission_flight,36000.0,0.0,0.0,0.0,3279.044833,68.313434,36000.0,0.0,,pass,pass
4548.0,high,mission_flight,36000.0,0.0,0.0,0.0,3278.4115,68.30024,36000.0,0.0,,pass,pass
4550.0,high,mission_flight,36000.0,0.0,0.0,0.0,3277.778167,68.287045,36000.0,0.0,,pass,pass
4552.0,high,mission_flight,36000.0,0.0,0.0,0.0,3277.144833,68.273851,36000.0,0.0,,pass,pass
4554.0,high,mission_flight,36000.0,0.0,0.0,0.0,3276.5115,68.260656,36000.0,0.0,,pass,pass
4556.0,high,mission_flight,36000.0,0.0,0.0,0.0,3275.878167,68.247462,36000.0,0.0,,pass,pass
4558.0,high,mission_flight,36000.0,0.0,0.0,0.0,3275.244833,68.234267,36000.0,0.0,,pass,pass
4560.0,high,mission_flight,36000.0,0.0,0.0,0.0,3274.6115,68.221073,36000.0,0.0,,pass,pass
4562.0,high,mission_flight,36000.0,0.0,0.0,0.0,3273.978167,68.207878,36000.0,0.0,,pass,pass
4564.0,high,mission_flight,36000.0,0.0,0.0,0.0,3273.344833,68.194684,36000.0,0.0,,pass,pass
4566.0,high,mission_flight,36000.0,0.0,0.0,0.0,3272.7115,68.18149,36000.0,0.0,,pass,pass
4568.0,high,mission_flight,36000.0,0.0,0.0,0.0,3272.078167,68.168295,36000.0,0.0,,pass,pass
4570.0,high,mission_flight,36000.0,0.0,0.0,0.0,3271.444833,68.155101,36000.0,0.0,,pass,pass
4572.0,high,mission_flight,36000.0,0.0,0.0,0.0,3270.8115,68.141906,36000.0,0.0,,pass,pass
4574.0,high,mission_flight,36000.0,0.0,0.0,0.0,3270.178167,68.128712,36000.0,0.0,,pass,pass
4576.0,high,mission_flight,36000.0,0.0,0.0,0.0,3269.544833,68.115517,36000.0,0.0,,pass,pass
4578.0,high,mission_flight,36000.0,0.0,0.0,0.0,3268.9115,68.102323,36000.0,0.0,,pass,pass
4580.0,high,mission_flight,36000.0,0.0,0.0,0.0,3268.278167,68.089128,36000.0,0.0,,pass,pass
4582.0,high,mission_flight,36000.0,0.0,0.0,0.0,3267.644833,68.075934,36000.0,0.0,,pass,pass
4584.0,high,mission_flight,36000.0,0.0,0.0,0.0,3267.0115,68.06274,36000.0,0.0,,pass,pass
4586.0,high,mission_flight,36000.0,0.0,0.0,0.0,3266.378167,68.049545,36000.0,0.0,,pass,pass
4588.0,high,mission_flight,36000.0,0.0,0.0,0.0,3265.744833,68.036351,36000.0,0.0,,pass,pass
4590.0,high,mission_flight,36000.0,0.0,0.0,0.0,3265.1115,68.023156,36000.0,0.0,,pass,pass
4592.0,high,mission_flight,36000.0,0.0,0.0,0.0,3264.478167,68.009962,36000.0,0.0,,pass,pass
4594.0,high,mission_flight,36000.0,0.0,0.0,0.0,3263.844833,67.996767,36000.0,0.0,,pass,pass
4596.0,high,mission_flight,36000.0,0.0,0.0,0.0,3263.2115,67.983573,36000.0,0.0,,pass,pass
4598.0,high,mission_flight,36000.0,0.0,0.0,0.0,3262.578167,67.970378,36000.0,0.0,,pass,pass
4600.0,high,mission_flight,36000.0,0.0,0.0,0.0,3261.944833,67.957184,36000.0,0.0,,pass,pass
4602.0,high,mission_flight,36000.0,0.0,0.0,0.0,3261.3115,67.94399,36000.0,0.0,,pass,pass
4604.0,high,mission_flight,36000.0,0.0,0.0,0.0,3260.678167,67.930795,36000.0,0.0,,pass,pass
4606.0,high,mission_flight,36000.0,0.0,0.0,0.0,3260.044833,67.917601,36000.0,0.0,,pass,pass
4608.0,high,mission_flight,36000.0,0.0,0.0,0.0,3259.4115,67.904406,36000.0,0.0,,pass,pass
4610.0,high,mission_flight,36000.0,0.0,0.0,0.0,3258.778167,67.891212,36000.0,0.0,,pass,pass
4612.0,high,mission_flight,36000.0,0.0,0.0,0.0,3258.144833,67.878017,36000.0,0.0,,pass,pass
4614.0,high,mission_flight,36000.0,0.0,0.0,0.0,3257.5115,67.864823,36000.0,0.0,,pass,pass
4616.0,high,mission_flight,36000.0,0.0,0.0,0.0,3256.878167,67.851628,36000.0,0.0,,pass,pass
4618.0,high,mission_flight,36000.0,0.0,0.0,0.0,3256.244833,67.838434,36000.0,0.0,,pass,pass
4620.0,high,mission_flight,36000.0,0.0,0.0,0.0,3255.6115,67.82524,36000.0,0.0,,pass,pass
4622.0,high,mission_flight,36000.0,0.0,0.0,0.0,3254.978167,67.812045,36000.0,0.0,,pass,pass
4624.0,high,mission_flight,36000.0,0.0,0.0,0.0,3254.344833,67.798851,36000.0,0.0,,pass,pass
4626.0,high,mission_flight,36000.0,0.0,0.0,0.0,3253.7115,67.785656,36000.0,0.0,,pass,pass
4628.0,high,mission_flight,36000.0,0.0,0.0,0.0,3253.078167,67.772462,36000.0,0.0,,pass,pass
4630.0,high,mission_flight,36000.0,0.0,0.0,0.0,3252.444833,67.759267,36000.0,0.0,,pass,pass
4632.0,high,mission_flight,36000.0,0.0,0.0,0.0,3251.8115,67.746073,36000.0,0.0,,pass,pass
4634.0,high,mission_flight,36000.0,0.0,0.0,0.0,3251.178167,67.732878,36000.0,0.0,,pass,pass
4636.0,high,mission_flight,36000.0,0.0,0.0,0.0,3250.544833,67.719684,36000.0,0.0,,pass,pass
4638.0,high,mission_flight,36000.0,0.0,0.0,0.0,3249.9115,67.70649,36000.0,0.0,,pass,pass
4640.0,high,mission_flight,36000.0,0.0,0.0,0.0,3249.278167,67.693295,36000.0,0.0,,pass,pass
4642.0,high,mission_flight,36000.0,0.0,0.0,0.0,3248.644833,67.680101,36000.0,0.0,,pass,pass
4644.0,high,mission_flight,36000.0,0.0,0.0,0.0,3248.0115,67.666906,36000.0,0.0,,pass,pass
4646.0,high,mission_flight,36000.0,0.0,0.0,0.0,3247.378167,67.653712,36000.0,0.0,,pass,pass
4648.0,high,mission_flight,36000.0,0.0,0.0,0.0,3246.744833,67.640517,36000.0,0.0,,pass,pass
4650.0,high,mission_flight,36000.0,0.0,0.0,0.0,3246.1115,67.627323,36000.0,0.0,,pass,pass
4652.0,high,mission_flight,36000.0,0.0,0.0,0.0,3245.478167,67.614128,36000.0,0.0,,pass,pass
4654.0,high,mission_flight,36000.0,0.0,0.0,0.0,3244.844833,67.600934,36000.0,0.0,,pass,pass
4656.0,high,mission_flight,36000.0,0.0,0.0,0.0,3244.2115,67.58774,36000.0,0.0,,pass,pass
4658.0,high,mission_flight,36000.0,0.0,0.0,0.0,3243.578167,67.574545,36000.0,0.0,,pass,pass
4660.0,high,mission_flight,36000.0,0.0,0.0,0.0,3242.944833,67.561351,36000.0,0.0,,pass,pass
4662.0,high,mission_flight,36000.0,0.0,0.0,0.0,3242.3115,67.548156,36000.0,0.0,,pass,pass
4664.0,high,mission_flight,36000.0,0.0,0.0,0.0,3241.678167,67.534962,36000.0,0.0,,pass,pass
4666.0,high,mission_flight,36000.0,0.0,0.0,0.0,3241.044833,67.521767,36000.0,0.0,,pass,pass
4668.0,high,mission_flight,36000.0,0.0,0.0,0.0,3240.4115,67.508573,36000.0,0.0,,pass,pass
4670.0,high,mission_flight,36000.0,0.0,0.0,0.0,3239.778167,67.495378,36000.0,0.0,,pass,pass
4672.0,high,mission_flight,36000.0,0.0,0.0,0.0,3239.144833,67.482184,36000.0,0.0,,pass,pass
4674.0,high,mission_flight,36000.0,0.0,0.0,0.0,3238.5115,67.46899,36000.0,0.0,,pass,pass
4676.0,high,mission_flight,36000.0,0.0,0.0,0.0,3237.878167,67.455795,36000.0,0.0,,pass,pass
4678.0,high,mission_flight,36000.0,0.0,0.0,0.0,3237.244833,67.442601,36000.0,0.0,,pass,pass
4680.0,high,mission_flight,36000.0,0.0,0.0,0.0,3236.6115,67.429406,36000.0,0.0,,pass,pass
4682.0,high,mission_flight,36000.0,0.0,0.0,0.0,3235.978167,67.416212,36000.0,0.0,,pass,pass
4684.0,high,mission_flight,36000.0,0.0,0.0,0.0,3235.344833,67.403017,36000.0,0.0,,pass,pass
4686.0,high,mission_flight,36000.0,0.0,0.0,0.0,3234.7115,67.389823,36000.0,0.0,,pass,pass
4688.0,high,mission_flight,36000.0,0.0,0.0,0.0,3234.078167,67.376628,36000.0,0.0,,pass,pass
4690.0,high,mission_flight,36000.0,0.0,0.0,0.0,3233.444833,67.363434,36000.0,0.0,,pass,pass
4692.0,high,mission_flight,36000.0,0.0,0.0,0.0,3232.8115,67.35024,36000.0,0.0,,pass,pass
4694.0,high,mission_flight,36000.0,0.0,0.0,0.0,3232.178167,67.337045,36000.0,0.0,,pass,pass
4696.0,high,mission_flight,36000.0,0.0,0.0,0.0,3231.544833,67.323851,36000.0,0.0,,pass,pass
4698.0,high,mission_flight,36000.0,0.0,0.0,0.0,3230.9115,67.310656,36000.0,0.0,,pass,pass
4700.0,high,mission_flight,36000.0,0.0,0.0,0.0,3230.278167,67.297462,36000.0,0.0,,pass,pass
4702.0,high,mission_flight,36000.0,0.0,0.0,0.0,3229.644833,67.284267,36000.0,0.0,,pass,pass
4704.0,high,mission_flight,36000.0,0.0,0.0,0.0,3229.0115,67.271073,36000.0,0.0,,pass,pass
4706.0,high,mission_flight,36000.0,0.0,0.0,0.0,3228.378167,67.257878,36000.0,0.0,,pass,pass
4708.0,high,mission_flight,36000.0,0.0,0.0,0.0,3227.744833,67.244684,36000.0,0.0,,pass,pass
4710.0,high,mission_flight,36000.0,0.0,0.0,0.0,3227.1115,67.23149,36000.0,0.0,,pass,pass
4712.0,high,mission_flight,36000.0,0.0,0.0,0.0,3226.478167,67.218295,36000.0,0.0,,pass,pass
4714.0,high,mission_flight,36000.0,0.0,0.0,0.0,3225.844833,67.205101,36000.0,0.0,,pass,pass
4716.0,high,mission_flight,36000.0,0.0,0.0,0.0,3225.2115,67.191906,36000.0,0.0,,pass,pass
4718.0,high,mission_flight,36000.0,0.0,0.0,0.0,3224.578167,67.178712,36000.0,0.0,,pass,pass
4720.0,high,mission_flight,36000.0,0.0,0.0,0.0,3223.944833,67.165517,36000.0,0.0,,pass,pass
4722.0,high,mission_flight,36000.0,0.0,0.0,0.0,3223.3115,67.152323,36000.0,0.0,,pass,pass
4724.0,high,mission_flight,36000.0,0.0,0.0,0.0,3222.678167,67.139128,36000.0,0.0,,pass,pass
4726.0,high,mission_flight,36000.0,0.0,0.0,0.0,3222.044833,67.125934,36000.0,0.0,,pass,pass
4728.0,high,mission_flight,36000.0,0.0,0.0,0.0,3221.4115,67.11274,36000.0,0.0,,pass,pass
4730.0,high,mission_flight,36000.0,0.0,0.0,0.0,3220.778167,67.099545,36000.0,0.0,,pass,pass
4732.0,high,mission_flight,36000.0,0.0,0.0,0.0,3220.144833,67.086351,36000.0,0.0,,pass,pass
4734.0,high,mission_flight,36000.0,0.0,0.0,0.0,3219.5115,67.073156,36000.0,0.0,,pass,pass
4736.0,high,mission_flight,36000.0,0.0,0.0,0.0,3218.878167,67.059962,36000.0,0.0,,pass,pass
4738.0,high,mission_flight,36000.0,0.0,0.0,0.0,3218.244833,67.046767,36000.0,0.0,,pass,pass
4740.0,high,mission_flight,36000.0,0.0,0.0,0.0,3217.6115,67.033573,36000.0,0.0,,pass,pass
4742.0,high,mission_flight,36000.0,0.0,0.0,0.0,3216.978167,67.020378,36000.0,0.0,,pass,pass
4744.0,high,mission_flight,36000.0,0.0,0.0,0.0,3216.344833,67.007184,36000.0,0.0,,pass,pass
4746.0,high,mission_flight,36000.0,0.0,0.0,0.0,3215.7115,66.99399,36000.0,0.0,,pass,pass
4748.0,high,mission_flight,36000.0,0.0,0.0,0.0,3215.078167,66.980795,36000.0,0.0,,pass,pass
4750.0,high,mission_flight,36000.0,0.0,0.0,0.0,3214.444833,66.967601,36000.0,0.0,,pass,pass
4752.0,high,mission_flight,36000.0,0.0,0.0,0.0,3213.8115,66.954406,36000.0,0.0,,pass,pass
4754.0,high,mission_flight,36000.0,0.0,0.0,0.0,3213.178167,66.941212,36000.0,0.0,,pass,pass
4756.0,high,mission_flight,36000.0,0.0,0.0,0.0,3212.544833,66.928017,36000.0,0.0,,pass,pass
4758.0,high,mission_flight,36000.0,0.0,0.0,0.0,3211.9115,66.914823,36000.0,0.0,,pass,pass
4760.0,high,mission_flight,36000.0,0.0,0.0,0.0,3211.278167,66.901628,36000.0,0.0,,pass,pass
4762.0,high,mission_flight,36000.0,0.0,0.0,0.0,3210.644833,66.888434,36000.0,0.0,,pass,pass
4764.0,high,mission_flight,36000.0,0.0,0.0,0.0,3210.0115,66.87524,36000.0,0.0,,pass,pass
4766.0,high,mission_flight,36000.0,0.0,0.0,0.0,3209.378167,66.862045,36000.0,0.0,,pass,pass
4768.0,high,mission_flight,36000.0,0.0,0.0,0.0,3208.744833,66.848851,36000.0,0.0,,pass,pass
4770.0,high,mission_flight,36000.0,0.0,0.0,0.0,3208.1115,66.835656,36000.0,0.0,,pass,pass
4772.0,high,mission_flight,36000.0,0.0,0.0,0.0,3207.478167,66.822462,36000.0,0.0,,pass,pass
4774.0,high,mission_flight,36000.0,0.0,0.0,0.0,3206.844833,66.809267,36000.0,0.0,,pass,pass
4776.0,high,mission_flight,36000.0,0.0,0.0,0.0,3206.2115,66.796073,36000.0,0.0,,pass,pass
4778.0,high,mission_flight,36000.0,0.0,0.0,0.0,3205.578167,66.782878,36000.0,0.0,,pass,pass
4780.0,high,mission_flight,36000.0,0.0,0.0,0.0,3204.944833,66.769684,36000.0,0.0,,pass,pass
4782.0,high,mission_flight,36000.0,0.0,0.0,0.0,3204.3115,66.75649,36000.0,0.0,,pass,pass
4784.0,high,mission_flight,36000.0,0.0,0.0,0.0,3203.678167,66.743295,36000.0,0.0,,pass,pass
4786.0,high,mission_flight,36000.0,0.0,0.0,0.0,3203.044833,66.730101,36000.0,0.0,,pass,pass
4788.0,high,mission_flight,36000.0,0.0,0.0,0.0,3202.4115,66.716906,36000.0,0.0,,pass,pass
4790.0,high,mission_flight,36000.0,0.0,0.0,0.0,3201.778167,66.703712,36000.0,0.0,,pass,pass
4792.0,high,mission_flight,36000.0,0.0,0.0,0.0,3201.144833,66.690517,36000.0,0.0,,pass,pass
4794.0,high,mission_flight,36000.0,0.0,0.0,0.0,3200.5115,66.677323,36000.0,0.0,,pass,pass
4796.0,high,mission_flight,36000.0,0.0,0.0,0.0,3199.878167,66.664128,36000.0,0.0,,pass,pass
4798.0,high,mission_flight,36000.0,0.0,0.0,0.0,3199.244833,66.650934,36000.0,0.0,,pass,pass
4800.0,high,mission_flight,36000.0,0.0,0.0,0.0,3198.6115,66.63774,36000.0,0.0,,pass,pass
4802.0,high,mission_flight,36000.0,0.0,0.0,0.0,3197.978167,66.624545,36000.0,0.0,,pass,pass
4804.0,high,mission_flight,36000.0,0.0,0.0,0.0,3197.344833,66.611351,36000.0,0.0,,pass,pass
4806.0,high,mission_flight,36000.0,0.0,0.0,0.0,3196.7115,66.598156,36000.0,0.0,,pass,pass
4808.0,high,mission_flight,36000.0,0.0,0.0,0.0,3196.078167,66.584962,36000.0,0.0,,pass,pass
4810.0,high,mission_flight,36000.0,0.0,0.0,0.0,3195.444833,66.571767,36000.0,0.0,,pass,pass
4812.0,high,mission_flight,36000.0,0.0,0.0,0.0,3194.8115,66.558573,36000.0,0.0,,pass,pass
4814.0,high,mission_flight,36000.0,0.0,0.0,0.0,3194.178167,66.545378,36000.0,0.0,,pass,pass
4816.0,high,mission_flight,36000.0,0.0,0.0,0.0,3193.544833,66.532184,36000.0,0.0,,pass,pass
4818.0,high,mission_flight,36000.0,0.0,0.0,0.0,3192.9115,66.51899,36000.0,0.0,,pass,pass
4820.0,high,mission_flight,36000.0,0.0,0.0,0.0,3192.278167,66.505795,36000.0,0.0,,pass,pass
4822.0,high,mission_flight,36000.0,0.0,0.0,0.0,3191.644833,66.492601,36000.0,0.0,,pass,pass
4824.0,high,mission_flight,36000.0,0.0,0.0,0.0,3191.0115,66.479406,36000.0,0.0,,pass,pass
4826.0,high,mission_flight,36000.0,0.0,0.0,0.0,3190.378167,66.466212,36000.0,0.0,,pass,pass
4828.0,high,mission_flight,36000.0,0.0,0.0,0.0,3189.744833,66.453017,36000.0,0.0,,pass,pass
4830.0,high,mission_flight,36000.0,0.0,0.0,0.0,3189.1115,66.439823,36000.0,0.0,,pass,pass
4832.0,high,mission_flight,36000.0,0.0,0.0,0.0,3188.478167,66.426628,36000.0,0.0,,pass,pass
4834.0,high,mission_flight,36000.0,0.0,0.0,0.0,3187.844833,66.413434,36000.0,0.0,,pass,pass
4836.0,high,mission_flight,36000.0,0.0,0.0,0.0,3187.2115,66.40024,36000.0,0.0,,pass,pass
4838.0,high,mission_flight,36000.0,0.0,0.0,0.0,3186.578167,66.387045,36000.0,0.0,,pass,pass
4840.0,high,mission_flight,36000.0,0.0,0.0,0.0,3185.944833,66.373851,36000.0,0.0,,pass,pass
4842.0,high,mission_flight,36000.0,0.0,0.0,0.0,3185.3115,66.360656,36000.0,0.0,,pass,pass
4844.0,high,mission_flight,36000.0,0.0,0.0,0.0,3184.678167,66.347462,36000.0,0.0,,pass,pass
4846.0,high,mission_flight,36000.0,0.0,0.0,0.0,3184.044833,66.334267,36000.0,0.0,,pass,pass
4848.0,high,mission_flight,36000.0,0.0,0.0,0.0,3183.4115,66.321073,36000.0,0.0,,pass,pass
4850.0,high,mission_flight,36000.0,0.0,0.0,0.0,3182.778167,66.307878,36000.0,0.0,,pass,pass
4852.0,high,mission_flight,36000.0,0.0,0.0,0.0,3182.144833,66.294684,36000.0,0.0,,pass,pass
4854.0,high,mission_flight,36000.0,0.0,0.0,0.0,3181.5115,66.28149,36000.0,0.0,,pass,pass
4856.0,high,mission_flight,36000.0,0.0,0.0,0.0,3180.878167,66.268295,36000.0,0.0,,pass,pass
4858.0,high,mission_flight,36000.0,0.0,0.0,0.0,3180.244833,66.255101,36000.0,0.0,,pass,pass
4860.0,high,mission_flight,36000.0,0.0,0.0,0.0,3179.6115,66.241906,36000.0,0.0,,pass,pass
4862.0,high,mission_flight,36000.0,0.0,0.0,0.0,3178.978167,66.228712,36000.0,0.0,,pass,pass
4864.0,high,mission_flight,36000.0,0.0,0.0,0.0,3178.344833,66.215517,36000.0,0.0,,pass,pass
4866.0,high,mission_flight,36000.0,0.0,0.0,0.0,3177.7115,66.202323,36000.0,0.0,,pass,pass
4868.0,high,mission_flight,36000.0,0.0,0.0,0.0,3177.078167,66.189128,36000.0,0.0,,pass,pass
4870.0,high,mission_flight,36000.0,0.0,0.0,0.0,3176.444833,66.175934,36000.0,0.0,,pass,pass
4872.0,high,mission_flight,36000.0,0.0,0.0,0.0,3175.8115,66.16274,36000.0,0.0,,pass,pass
4874.0,high,mission_flight,36000.0,0.0,0.0,0.0,3175.178167,66.149545,36000.0,0.0,,pass,pass
4876.0,high,mission_flight,36000.0,0.0,0.0,0.0,3174.544833,66.136351,36000.0,0.0,,pass,pass
4878.0,high,mission_flight,36000.0,0.0,0.0,0.0,3173.9115,66.123156,36000.0,0.0,,pass,pass
4880.0,high,mission_flight,36000.0,0.0,0.0,0.0,3173.278167,66.109962,36000.0,0.0,,pass,pass
4882.0,high,mission_flight,36000.0,0.0,0.0,0.0,3172.644833,66.096767,36000.0,0.0,,pass,pass
4884.0,high,mission_flight,36000.0,0.0,0.0,0.0,3172.0115,66.083573,36000.0,0.0,,pass,pass
4886.0,high,mission_flight,36000.0,0.0,0.0,0.0,3171.378167,66.070378,36000.0,0.0,,pass,pass
4888.0,high,mission_flight,36000.0,0.0,0.0,0.0,3170.744833,66.057184,36000.0,0.0,,pass,pass
4890.0,high,mission_flight,36000.0,0.0,0.0,0.0,3170.1115,66.04399,36000.0,0.0,,pass,pass
4892.0,high,mission_flight,36000.0,0.0,0.0,0.0,3169.478167,66.030795,36000.0,0.0,,pass,pass
4894.0,high,mission_flight,36000.0,0.0,0.0,0.0,3168.844833,66.017601,36000.0,0.0,,pass,pass
4896.0,high,mission_flight,36000.0,0.0,0.0,0.0,3168.2115,66.004406,36000.0,0.0,,pass,pass
4898.0,high,mission_flight,36000.0,0.0,0.0,0.0,3167.578167,65.991212,36000.0,0.0,,pass,pass
4900.0,high,mission_flight,36000.0,0.0,0.0,0.0,3166.944833,65.978017,36000.0,0.0,,pass,pass
4902.0,high,mission_flight,36000.0,0.0,0.0,0.0,3166.3115,65.964823,36000.0,0.0,,pass,pass
4904.0,high,mission_flight,36000.0,0.0,0.0,0.0,3165.678167,65.951628,36000.0,0.0,,pass,pass
4906.0,high,mission_flight,36000.0,0.0,0.0,0.0,3165.044833,65.938434,36000.0,0.0,,pass,pass
4908.0,high,mission_flight,36000.0,0.0,0.0,0.0,3164.4115,65.92524,36000.0,0.0,,pass,pass
4910.0,high,mission_flight,36000.0,0.0,0.0,0.0,3163.778167,65.912045,36000.0,0.0,,pass,pass
4912.0,high,mission_flight,36000.0,0.0,0.0,0.0,3163.144833,65.898851,36000.0,0.0,,pass,pass
4914.0,high,mission_flight,36000.0,0.0,0.0,0.0,3162.5115,65.885656,36000.0,0.0,,pass,pass
4916.0,high,mission_flight,36000.0,0.0,0.0,0.0,3161.878167,65.872462,36000.0,0.0,,pass,pass
4918.0,high,mission_flight,36000.0,0.0,0.0,0.0,3161.244833,65.859267,36000.0,0.0,,pass,pass
4920.0,high,mission_flight,36000.0,0.0,0.0,0.0,3160.6115,65.846073,36000.0,0.0,,pass,pass
4922.0,high,mission_flight,36000.0,0.0,0.0,0.0,3159.978167,65.832878,36000.0,0.0,,pass,pass
4924.0,high,mission_flight,36000.0,0.0,0.0,0.0,3159.344833,65.819684,36000.0,0.0,,pass,pass
4926.0,high,mission_flight,36000.0,0.0,0.0,0.0,3158.7115,65.80649,36000.0,0.0,,pass,pass
4928.0,high,mission_flight,36000.0,0.0,0.0,0.0,3158.078167,65.793295,36000.0,0.0,,pass,pass
4930.0,high,mission_flight,36000.0,0.0,0.0,0.0,3157.444833,65.780101,36000.0,0.0,,pass,pass
4932.0,high,mission_flight,36000.0,0.0,0.0,0.0,3156.8115,65.766906,36000.0,0.0,,pass,pass
4934.0,high,mission_flight,36000.0,0.0,0.0,0.0,3156.178167,65.753712,36000.0,0.0,,pass,pass
4936.0,high,mission_flight,36000.0,0.0,0.0,0.0,3155.544833,65.740517,36000.0,0.0,,pass,pass
4938.0,high,mission_flight,36000.0,0.0,0.0,0.0,3154.9115,65.727323,36000.0,0.0,,pass,pass
4940.0,high,mission_flight,36000.0,0.0,0.0,0.0,3154.278167,65.714128,36000.0,0.0,,pass,pass
4942.0,high,mission_flight,36000.0,0.0,0.0,0.0,3153.644833,65.700934,36000.0,0.0,,pass,pass
4944.0,high,mission_flight,36000.0,0.0,0.0,0.0,3153.0115,65.68774,36000.0,0.0,,pass,pass
4946.0,high,mission_flight,36000.0,0.0,0.0,0.0,3152.378167,65.674545,36000.0,0.0,,pass,pass
4948.0,high,mission_flight,36000.0,0.0,0.0,0.0,3151.744833,65.661351,36000.0,0.0,,pass,pass
4950.0,high,mission_flight,36000.0,0.0,0.0,0.0,3151.1115,65.648156,36000.0,0.0,,pass,pass
4952.0,high,mission_flight,36000.0,0.0,0.0,0.0,3150.478167,65.634962,36000.0,0.0,,pass,pass
4954.0,high,mission_flight,36000.0,0.0,0.0,0.0,3149.844833,65.621767,36000.0,0.0,,pass,pass
4956.0,high,mission_flight,36000.0,0.0,0.0,0.0,3149.2115,65.608573,36000.0,0.0,,pass,pass
4958.0,high,mission_flight,36000.0,0.0,0.0,0.0,3148.578167,65.595378,36000.0,0.0,,pass,pass
4960.0,high,mission_flight,36000.0,0.0,0.0,0.0,3147.944833,65.582184,36000.0,0.0,,pass,pass
4962.0,high,mission_flight,36000.0,0.0,0.0,0.0,3147.3115,65.56899,36000.0,0.0,,pass,pass
4964.0,high,mission_flight,36000.0,0.0,0.0,0.0,3146.678167,65.555795,36000.0,0.0,,pass,pass
4966.0,high,mission_flight,36000.0,0.0,0.0,0.0,3146.044833,65.542601,36000.0,0.0,,pass,pass
4968.0,high,mission_flight,36000.0,0.0,0.0,0.0,3145.4115,65.529406,36000.0,0.0,,pass,pass
4970.0,high,mission_flight,36000.0,0.0,0.0,0.0,3144.778167,65.516212,36000.0,0.0,,pass,pass
4972.0,high,mission_flight,36000.0,0.0,0.0,0.0,3144.144833,65.503017,36000.0,0.0,,pass,pass
4974.0,high,mission_flight,36000.0,0.0,0.0,0.0,3143.5115,65.489823,36000.0,0.0,,pass,pass
4976.0,high,mission_flight,36000.0,0.0,0.0,0.0,3142.878167,65.476628,36000.0,0.0,,pass,pass
4978.0,high,mission_flight,36000.0,0.0,0.0,0.0,3142.244833,65.463434,36000.0,0.0,,pass,pass
4980.0,high,mission_flight,36000.0,0.0,0.0,0.0,3141.6115,65.45024,36000.0,0.0,,pass,pass
4982.0,high,mission_flight,36000.0,0.0,0.0,0.0,3140.978167,65.437045,36000.0,0.0,,pass,pass
4984.0,high,mission_flight,36000.0,0.0,0.0,0.0,3140.344833,65.423851,36000.0,0.0,,pass,pass
4986.0,high,mission_flight,36000.0,0.0,0.0,0.0,3139.7115,65.410656,36000.0,0.0,,pass,pass
4988.0,high,mission_flight,36000.0,0.0,0.0,0.0,3139.078167,65.397462,36000.0,0.0,,pass,pass
4990.0,high,mission_flight,36000.0,0.0,0.0,0.0,3138.444833,65.384267,36000.0,0.0,,pass,pass
4992.0,high,mission_flight,36000.0,0.0,0.0,0.0,3137.8115,65.371073,36000.0,0.0,,pass,pass
4994.0,high,mission_flight,36000.0,0.0,0.0,0.0,3137.178167,65.357878,36000.0,0.0,,pass,pass
4996.0,high,mission_flight,36000.0,0.0,0.0,0.0,3136.544833,65.344684,36000.0,0.0,,pass,pass
4998.0,high,mission_flight,36000.0,0.0,0.0,0.0,3135.9115,65.33149,36000.0,0.0,,pass,pass
5000.0,high,mission_flight,36000.0,0.0,0.0,0.0,3135.278167,65.318295,36000.0,0.0,,pass,pass
5002.0,high,mission_flight,36000.0,0.0,0.0,0.0,3134.644833,65.305101,36000.0,0.0,,pass,pass
5004.0,high,mission_flight,36000.0,0.0,0.0,0.0,3134.0115,65.291906,36000.0,0.0,,pass,pass
5006.0,high,mission_flight,36000.0,0.0,0.0,0.0,3133.378167,65.278712,36000.0,0.0,,pass,pass
5008.0,high,mission_flight,36000.0,0.0,0.0,0.0,3132.744833,65.265517,36000.0,0.0,,pass,pass
5010.0,high,mission_flight,36000.0,0.0,0.0,0.0,3132.1115,65.252323,36000.0,0.0,,pass,pass
5012.0,high,mission_flight,36000.0,0.0,0.0,0.0,3131.478167,65.239128,36000.0,0.0,,pass,pass
5014.0,high,mission_flight,36000.0,0.0,0.0,0.0,3130.844833,65.225934,36000.0,0.0,,pass,pass
5016.0,high,mission_flight,36000.0,0.0,0.0,0.0,3130.2115,65.21274,36000.0,0.0,,pass,pass
5018.0,high,mission_flight,36000.0,0.0,0.0,0.0,3129.578167,65.199545,36000.0,0.0,,pass,pass
5020.0,high,mission_flight,36000.0,0.0,0.0,0.0,3128.944833,65.186351,36000.0,0.0,,pass,pass
5022.0,high,mission_flight,36000.0,0.0,0.0,0.0,3128.3115,65.173156,36000.0,0.0,,pass,pass
5024.0,high,mission_flight,36000.0,0.0,0.0,0.0,3127.678167,65.159962,36000.0,0.0,,pass,pass
5026.0,high,mission_flight,36000.0,0.0,0.0,0.0,3127.044833,65.146767,36000.0,0.0,,pass,pass
5028.0,high,mission_flight,36000.0,0.0,0.0,0.0,3126.4115,65.133573,36000.0,0.0,,pass,pass
5030.0,high,mission_flight,36000.0,0.0,0.0,0.0,3125.778167,65.120378,36000.0,0.0,,pass,pass
5032.0,high,mission_flight,36000.0,0.0,0.0,0.0,3125.144833,65.107184,36000.0,0.0,,pass,pass
5034.0,high,mission_flight,36000.0,0.0,0.0,0.0,3124.5115,65.09399,36000.0,0.0,,pass,pass
5036.0,high,mission_flight,36000.0,0.0,0.0,0.0,3123.878167,65.080795,36000.0,0.0,,pass,pass
5038.0,high,mission_flight,36000.0,0.0,0.0,0.0,3123.244833,65.067601,36000.0,0.0,,pass,pass
5040.0,high,mission_flight,36000.0,0.0,0.0,0.0,3122.6115,65.054406,36000.0,0.0,,pass,pass
5042.0,high,mission_flight,36000.0,0.0,0.0,0.0,3121.978167,65.041212,36000.0,0.0,,pass,pass
5044.0,high,mission_flight,36000.0,0.0,0.0,0.0,3121.344833,65.028017,36000.0,0.0,,pass,pass
5046.0,high,mission_flight,36000.0,0.0,0.0,0.0,3120.7115,65.014823,36000.0,0.0,,pass,pass
5048.0,high,mission_flight,36000.0,0.0,0.0,0.0,3120.078167,65.001628,36000.0,0.0,,pass,pass
5050.0,high,mission_flight,36000.0,0.0,0.0,0.0,3119.444833,64.988434,36000.0,0.0,,pass,pass
5052.0,high,mission_flight,36000.0,0.0,0.0,0.0,3118.8115,64.97524,36000.0,0.0,,pass,pass
5054.0,high,mission_flight,36000.0,0.0,0.0,0.0,3118.178167,64.962045,36000.0,0.0,,pass,pass
5056.0,high,mission_flight,36000.0,0.0,0.0,0.0,3117.544833,64.948851,36000.0,0.0,,pass,pass
5058.0,high,mission_flight,36000.0,0.0,0.0,0.0,3116.9115,64.935656,36000.0,0.0,,pass,pass
5060.0,high,mission_flight,36000.0,0.0,0.0,0.0,3116.278167,64.922462,36000.0,0.0,,pass,pass
5062.0,high,mission_flight,36000.0,0.0,0.0,0.0,3115.644833,64.909267,36000.0,0.0,,pass,pass
5064.0,high,mission_flight,36000.0,0.0,0.0,0.0,3115.0115,64.896073,36000.0,0.0,,pass,pass
5066.0,high,mission_flight,36000.0,0.0,0.0,0.0,3114.378167,64.882878,36000.0,0.0,,pass,pass
5068.0,high,mission_flight,36000.0,0.0,0.0,0.0,3113.744833,64.869684,36000.0,0.0,,pass,pass
5070.0,high,mission_flight,36000.0,0.0,0.0,0.0,3113.1115,64.85649,36000.0,0.0,,pass,pass
5072.0,high,mission_flight,36000.0,0.0,0.0,0.0,3112.478167,64.843295,36000.0,0.0,,pass,pass
5074.0,high,mission_flight,36000.0,0.0,0.0,0.0,3111.844833,64.830101,36000.0,0.0,,pass,pass
5076.0,high,mission_flight,36000.0,0.0,0.0,0.0,3111.2115,64.816906,36000.0,0.0,,pass,pass
5078.0,high,mission_flight,36000.0,0.0,0.0,0.0,3110.578167,64.803712,36000.0,0.0,,pass,pass
5080.0,high,mission_flight,36000.0,0.0,0.0,0.0,3109.944833,64.790517,36000.0,0.0,,pass,pass
5082.0,high,mission_flight,36000.0,0.0,0.0,0.0,3109.3115,64.777323,36000.0,0.0,,pass,pass
5084.0,high,mission_flight,36000.0,0.0,0.0,0.0,3108.678167,64.764128,36000.0,0.0,,pass,pass
5086.0,high,mission_flight,36000.0,0.0,0.0,0.0,3108.044833,64.750934,36000.0,0.0,,pass,pass
5088.0,high,mission_flight,36000.0,0.0,0.0,0.0,3107.4115,64.73774,36000.0,0.0,,pass,pass
5090.0,high,mission_flight,36000.0,0.0,0.0,0.0,3106.778167,64.724545,36000.0,0.0,,pass,pass
5092.0,high,mission_flight,36000.0,0.0,0.0,0.0,3106.144833,64.711351,36000.0,0.0,,pass,pass
5094.0,high,mission_flight,36000.0,0.0,0.0,0.0,3105.5115,64.698156,36000.0,0.0,,pass,pass
5096.0,high,mission_flight,36000.0,0.0,0.0,0.0,3104.878167,64.684962,36000.0,0.0,,pass,pass
5098.0,high,mission_flight,36000.0,0.0,0.0,0.0,3104.244833,64.671767,36000.0,0.0,,pass,pass
5100.0,high,mission_flight,36000.0,0.0,0.0,0.0,3103.6115,64.658573,36000.0,0.0,,pass,pass
5102.0,high,mission_flight,36000.0,0.0,0.0,0.0,3102.978167,64.645378,36000.0,0.0,,pass,pass
5104.0,high,mission_flight,36000.0,0.0,0.0,0.0,3102.344833,64.632184,36000.0,0.0,,pass,pass
5106.0,high,mission_flight,36000.0,0.0,0.0,0.0,3101.7115,64.61899,36000.0,0.0,,pass,pass
5108.0,high,mission_flight,36000.0,0.0,0.0,0.0,3101.078167,64.605795,36000.0,0.0,,pass,pass
5110.0,high,mission_flight,36000.0,0.0,0.0,0.0,3100.444833,64.592601,36000.0,0.0,,pass,pass
5112.0,high,mission_flight,36000.0,0.0,0.0,0.0,3099.8115,64.579406,36000.0,0.0,,pass,pass
5114.0,high,mission_flight,36000.0,0.0,0.0,0.0,3099.178167,64.566212,36000.0,0.0,,pass,pass
5116.0,high,mission_flight,36000.0,0.0,0.0,0.0,3098.544833,64.553017,36000.0,0.0,,pass,pass
5118.0,high,mission_flight,36000.0,0.0,0.0,0.0,3097.9115,64.539823,36000.0,0.0,,pass,pass
5120.0,high,mission_flight,36000.0,0.0,0.0,0.0,3097.278167,64.526628,36000.0,0.0,,pass,pass
5122.0,high,mission_flight,36000.0,0.0,0.0,0.0,3096.644833,64.513434,36000.0,0.0,,pass,pass
5124.0,high,mission_flight,36000.0,0.0,0.0,0.0,3096.0115,64.50024,36000.0,0.0,,pass,pass
5126.0,high,mission_flight,36000.0,0.0,0.0,0.0,3095.378167,64.487045,36000.0,0.0,,pass,pass
5128.0,high,mission_flight,36000.0,0.0,0.0,0.0,3094.744833,64.473851,36000.0,0.0,,pass,pass
5130.0,high,mission_flight,36000.0,0.0,0.0,0.0,3094.1115,64.460656,36000.0,0.0,,pass,pass
5132.0,high,mission_flight,36000.0,0.0,0.0,0.0,3093.478167,64.447462,36000.0,0.0,,pass,pass
5134.0,high,mission_flight,36000.0,0.0,0.0,0.0,3092.844833,64.434267,36000.0,0.0,,pass,pass
5136.0,high,mission_flight,36000.0,0.0,0.0,0.0,3092.2115,64.421073,36000.0,0.0,,pass,pass
5138.0,high,mission_flight,36000.0,0.0,0.0,0.0,3091.578167,64.407878,36000.0,0.0,,pass,pass
5140.0,high,mission_flight,36000.0,0.0,0.0,0.0,3090.944833,64.394684,36000.0,0.0,,pass,pass
5142.0,high,mission_flight,36000.0,0.0,0.0,0.0,3090.3115,64.38149,36000.0,0.0,,pass,pass
5144.0,high,mission_flight,36000.0,0.0,0.0,0.0,3089.678167,64.368295,36000.0,0.0,,pass,pass
5146.0,high,mission_flight,36000.0,0.0,0.0,0.0,3089.044833,64.355101,36000.0,0.0,,pass,pass
5148.0,high,mission_flight,36000.0,0.0,0.0,0.0,3088.4115,64.341906,36000.0,0.0,,pass,pass
5150.0,high,mission_flight,36000.0,0.0,0.0,0.0,3087.778167,64.328712,36000.0,0.0,,pass,pass
5152.0,high,mission_flight,36000.0,0.0,0.0,0.0,3087.144833,64.315517,36000.0,0.0,,pass,pass
5154.0,high,mission_flight,36000.0,0.0,0.0,0.0,3086.5115,64.302323,36000.0,0.0,,pass,pass
5156.0,high,mission_flight,36000.0,0.0,0.0,0.0,3085.878167,64.289128,36000.0,0.0,,pass,pass
5158.0,high,mission_flight,36000.0,0.0,0.0,0.0,3085.244833,64.275934,36000.0,0.0,,pass,pass
5160.0,high,mission_flight,36000.0,0.0,0.0,0.0,3084.6115,64.26274,36000.0,0.0,,pass,pass
5162.0,high,mission_flight,36000.0,0.0,0.0,0.0,3083.978167,64.249545,36000.0,0.0,,pass,pass
5164.0,high,mission_flight,36000.0,0.0,0.0,0.0,3083.344833,64.236351,36000.0,0.0,,pass,pass
5166.0,high,mission_flight,36000.0,0.0,0.0,0.0,3082.7115,64.223156,36000.0,0.0,,pass,pass
5168.0,high,mission_flight,36000.0,0.0,0.0,0.0,3082.078167,64.209962,36000.0,0.0,,pass,pass
5170.0,high,mission_flight,36000.0,0.0,0.0,0.0,3081.444833,64.196767,36000.0,0.0,,pass,pass
5172.0,high,mission_flight,36000.0,0.0,0.0,0.0,3080.8115,64.183573,36000.0,0.0,,pass,pass
5174.0,high,mission_flight,36000.0,0.0,0.0,0.0,3080.178167,64.170378,36000.0,0.0,,pass,pass
5176.0,high,mission_flight,36000.0,0.0,0.0,0.0,3079.544833,64.157184,36000.0,0.0,,pass,pass
5178.0,high,mission_flight,36000.0,0.0,0.0,0.0,3078.9115,64.14399,36000.0,0.0,,pass,pass
5180.0,high,mission_flight,36000.0,0.0,0.0,0.0,3078.278167,64.130795,36000.0,0.0,,pass,pass
5182.0,high,mission_flight,36000.0,0.0,0.0,0.0,3077.644833,64.117601,36000.0,0.0,,pass,pass
5184.0,high,mission_flight,36000.0,0.0,0.0,0.0,3077.0115,64.104406,36000.0,0.0,,pass,pass
5186.0,high,mission_flight,36000.0,0.0,0.0,0.0,3076.378167,64.091212,36000.0,0.0,,pass,pass
5188.0,high,mission_flight,36000.0,0.0,0.0,0.0,3075.744833,64.078017,36000.0,0.0,,pass,pass
5190.0,high,mission_flight,36000.0,0.0,0.0,0.0,3075.1115,64.064823,36000.0,0.0,,pass,pass
5192.0,high,mission_flight,36000.0,0.0,0.0,0.0,3074.478167,64.051628,36000.0,0.0,,pass,pass
5194.0,high,mission_flight,36000.0,0.0,0.0,0.0,3073.844833,64.038434,36000.0,0.0,,pass,pass
5196.0,high,mission_flight,36000.0,0.0,0.0,0.0,3073.2115,64.02524,36000.0,0.0,,pass,pass
5198.0,high,mission_flight,36000.0,0.0,0.0,0.0,3072.578167,64.012045,36000.0,0.0,,pass,pass
5200.0,high,mission_flight,36000.0,0.0,0.0,0.0,3071.944833,63.998851,36000.0,0.0,,pass,pass
5202.0,high,mission_flight,36000.0,0.0,0.0,0.0,3071.3115,63.985656,36000.0,0.0,,pass,pass
5204.0,high,mission_flight,36000.0,0.0,0.0,0.0,3070.678167,63.972462,36000.0,0.0,,pass,pass
5206.0,high,mission_flight,36000.0,0.0,0.0,0.0,3070.044833,63.959267,36000.0,0.0,,pass,pass
5208.0,high,mission_flight,36000.0,0.0,0.0,0.0,3069.4115,63.946073,36000.0,0.0,,pass,pass
5210.0,high,mission_flight,36000.0,0.0,0.0,0.0,3068.778167,63.932878,36000.0,0.0,,pass,pass
5212.0,high,mission_flight,36000.0,0.0,0.0,0.0,3068.144833,63.919684,36000.0,0.0,,pass,pass
5214.0,high,mission_flight,36000.0,0.0,0.0,0.0,3067.5115,63.90649,36000.0,0.0,,pass,pass
5216.0,high,mission_flight,36000.0,0.0,0.0,0.0,3066.878167,63.893295,36000.0,0.0,,pass,pass
5218.0,high,mission_flight,36000.0,0.0,0.0,0.0,3066.244833,63.880101,36000.0,0.0,,pass,pass
5220.0,high,mission_flight,36000.0,0.0,0.0,0.0,3065.6115,63.866906,36000.0,0.0,,pass,pass
5222.0,high,mission_flight,36000.0,0.0,0.0,0.0,3064.978167,63.853712,36000.0,0.0,,pass,pass
5224.0,high,mission_flight,36000.0,0.0,0.0,0.0,3064.344833,63.840517,36000.0,0.0,,pass,pass
5226.0,high,mission_flight,36000.0,0.0,0.0,0.0,3063.7115,63.827323,36000.0,0.0,,pass,pass
5228.0,high,mission_flight,36000.0,0.0,0.0,0.0,3063.078167,63.814128,36000.0,0.0,,pass,pass
5230.0,high,mission_flight,36000.0,0.0,0.0,0.0,3062.444833,63.800934,36000.0,0.0,,pass,pass
5232.0,high,mission_flight,36000.0,0.0,0.0,0.0,3061.8115,63.78774,36000.0,0.0,,pass,pass
5234.0,high,mission_flight,36000.0,0.0,0.0,0.0,3061.178167,63.774545,36000.0,0.0,,pass,pass
5236.0,high,mission_flight,36000.0,0.0,0.0,0.0,3060.544833,63.761351,36000.0,0.0,,pass,pass
5238.0,high,mission_flight,36000.0,0.0,0.0,0.0,3059.9115,63.748156,36000.0,0.0,,pass,pass
5240.0,high,mission_flight,36000.0,0.0,0.0,0.0,3059.278167,63.734962,36000.0,0.0,,pass,pass
5242.0,high,mission_flight,36000.0,0.0,0.0,0.0,3058.644833,63.721767,36000.0,0.0,,pass,pass
5244.0,high,mission_flight,36000.0,0.0,0.0,0.0,3058.0115,63.708573,36000.0,0.0,,pass,pass
5246.0,high,mission_flight,36000.0,0.0,0.0,0.0,3057.378167,63.695378,36000.0,0.0,,pass,pass
5248.0,high,mission_flight,36000.0,0.0,0.0,0.0,3056.744833,63.682184,36000.0,0.0,,pass,pass
5250.0,high,mission_flight,36000.0,0.0,0.0,0.0,3056.1115,63.66899,36000.0,0.0,,pass,pass
5252.0,high,mission_flight,36000.0,0.0,0.0,0.0,3055.478167,63.655795,36000.0,0.0,,pass,pass
5254.0,high,mission_flight,36000.0,0.0,0.0,0.0,3054.844833,63.642601,36000.0,0.0,,pass,pass
5256.0,high,mission_flight,36000.0,0.0,0.0,0.0,3054.2115,63.629406,36000.0,0.0,,pass,pass
5258.0,high,mission_flight,36000.0,0.0,0.0,0.0,3053.578167,63.616212,36000.0,0.0,,pass,pass
5260.0,high,mission_flight,36000.0,0.0,0.0,0.0,3052.944833,63.603017,36000.0,0.0,,pass,pass
5262.0,high,mission_flight,36000.0,0.0,0.0,0.0,3052.3115,63.589823,36000.0,0.0,,pass,pass
5264.0,high,mission_flight,36000.0,0.0,0.0,0.0,3051.678167,63.576628,36000.0,0.0,,pass,pass
5266.0,high,mission_flight,36000.0,0.0,0.0,0.0,3051.044833,63.563434,36000.0,0.0,,pass,pass
5268.0,high,mission_flight,36000.0,0.0,0.0,0.0,3050.4115,63.55024,36000.0,0.0,,pass,pass
5270.0,high,mission_flight,36000.0,0.0,0.0,0.0,3049.778167,63.537045,36000.0,0.0,,pass,pass
5272.0,high,mission_flight,36000.0,0.0,0.0,0.0,3049.144833,63.523851,36000.0,0.0,,pass,pass
5274.0,high,mission_flight,36000.0,0.0,0.0,0.0,3048.5115,63.510656,36000.0,0.0,,pass,pass
5276.0,high,mission_flight,36000.0,0.0,0.0,0.0,3047.878167,63.497462,36000.0,0.0,,pass,pass
5278.0,high,mission_flight,36000.0,0.0,0.0,0.0,3047.244833,63.484267,36000.0,0.0,,pass,pass
5280.0,high,mission_flight,36000.0,0.0,0.0,0.0,3046.6115,63.471073,36000.0,0.0,,pass,pass
5282.0,high,mission_flight,36000.0,0.0,0.0,0.0,3045.978167,63.457878,36000.0,0.0,,pass,pass
5284.0,high,mission_flight,36000.0,0.0,0.0,0.0,3045.344833,63.444684,36000.0,0.0,,pass,pass
5286.0,high,mission_flight,36000.0,0.0,0.0,0.0,3044.7115,63.43149,36000.0,0.0,,pass,pass
5288.0,high,mission_flight,36000.0,0.0,0.0,0.0,3044.078167,63.418295,36000.0,0.0,,pass,pass
5290.0,high,mission_flight,36000.0,0.0,0.0,0.0,3043.444833,63.405101,36000.0,0.0,,pass,pass
5292.0,high,mission_flight,36000.0,0.0,0.0,0.0,3042.8115,63.391906,36000.0,0.0,,pass,pass
5294.0,high,mission_flight,36000.0,0.0,0.0,0.0,3042.178167,63.378712,36000.0,0.0,,pass,pass
5296.0,high,mission_flight,36000.0,0.0,0.0,0.0,3041.544833,63.365517,36000.0,0.0,,pass,pass
5298.0,high,mission_flight,36000.0,0.0,0.0,0.0,3040.9115,63.352323,36000.0,0.0,,pass,pass
5300.0,high,mission_flight,36000.0,0.0,0.0,0.0,3040.278167,63.339128,36000.0,0.0,,pass,pass
5302.0,high,mission_flight,36000.0,0.0,0.0,0.0,3039.644833,63.325934,36000.0,0.0,,pass,pass
5304.0,high,mission_flight,36000.0,0.0,0.0,0.0,3039.0115,63.31274,36000.0,0.0,,pass,pass
5306.0,high,mission_flight,36000.0,0.0,0.0,0.0,3038.378167,63.299545,36000.0,0.0,,pass,pass
5308.0,high,mission_flight,36000.0,0.0,0.0,0.0,3037.744833,63.286351,36000.0,0.0,,pass,pass
5310.0,high,mission_flight,36000.0,0.0,0.0,0.0,3037.1115,63.273156,36000.0,0.0,,pass,pass
5312.0,high,mission_flight,36000.0,0.0,0.0,0.0,3036.478167,63.259962,36000.0,0.0,,pass,pass
5314.0,high,mission_flight,36000.0,0.0,0.0,0.0,3035.844833,63.246767,36000.0,0.0,,pass,pass
5316.0,high,mission_flight,36000.0,0.0,0.0,0.0,3035.2115,63.233573,36000.0,0.0,,pass,pass
5318.0,high,mission_flight,36000.0,0.0,0.0,0.0,3034.578167,63.220378,36000.0,0.0,,pass,pass
5320.0,high,mission_flight,36000.0,0.0,0.0,0.0,3033.944833,63.207184,36000.0,0.0,,pass,pass
5322.0,high,mission_flight,36000.0,0.0,0.0,0.0,3033.3115,63.19399,36000.0,0.0,,pass,pass
5324.0,high,mission_flight,36000.0,0.0,0.0,0.0,3032.678167,63.180795,36000.0,0.0,,pass,pass
5326.0,high,mission_flight,36000.0,0.0,0.0,0.0,3032.044833,63.167601,36000.0,0.0,,pass,pass
5328.0,high,mission_flight,36000.0,0.0,0.0,0.0,3031.4115,63.154406,36000.0,0.0,,pass,pass
5330.0,high,mission_flight,36000.0,0.0,0.0,0.0,3030.778167,63.141212,36000.0,0.0,,pass,pass
5332.0,high,mission_flight,36000.0,0.0,0.0,0.0,3030.144833,63.128017,36000.0,0.0,,pass,pass
5334.0,high,mission_flight,36000.0,0.0,0.0,0.0,3029.5115,63.114823,36000.0,0.0,,pass,pass
5336.0,high,mission_flight,36000.0,0.0,0.0,0.0,3028.878167,63.101628,36000.0,0.0,,pass,pass
5338.0,high,mission_flight,36000.0,0.0,0.0,0.0,3028.244833,63.088434,36000.0,0.0,,pass,pass
5340.0,high,mission_flight,36000.0,0.0,0.0,0.0,3027.6115,63.07524,36000.0,0.0,,pass,pass
5342.0,high,mission_flight,36000.0,0.0,0.0,0.0,3026.978167,63.062045,36000.0,0.0,,pass,pass
5344.0,high,mission_flight,36000.0,0.0,0.0,0.0,3026.344833,63.048851,36000.0,0.0,,pass,pass
5346.0,high,mission_flight,36000.0,0.0,0.0,0.0,3025.7115,63.035656,36000.0,0.0,,pass,pass
5348.0,high,mission_flight,36000.0,0.0,0.0,0.0,3025.078167,63.022462,36000.0,0.0,,pass,pass
5350.0,high,mission_flight,36000.0,0.0,0.0,0.0,3024.444833,63.009267,36000.0,0.0,,pass,pass
5352.0,high,mission_flight,36000.0,0.0,0.0,0.0,3023.8115,62.996073,36000.0,0.0,,pass,pass
5354.0,high,mission_flight,36000.0,0.0,0.0,0.0,3023.178167,62.982878,36000.0,0.0,,pass,pass
5356.0,high,mission_flight,36000.0,0.0,0.0,0.0,3022.544833,62.969684,36000.0,0.0,,pass,pass
5358.0,high,mission_flight,36000.0,0.0,0.0,0.0,3021.9115,62.95649,36000.0,0.0,,pass,pass
5360.0,high,mission_flight,36000.0,0.0,0.0,0.0,3021.278167,62.943295,36000.0,0.0,,pass,pass
5362.0,high,mission_flight,36000.0,0.0,0.0,0.0,3020.644833,62.930101,36000.0,0.0,,pass,pass
5364.0,high,mission_flight,36000.0,0.0,0.0,0.0,3020.0115,62.916906,36000.0,0.0,,pass,pass
5366.0,high,mission_flight,36000.0,0.0,0.0,0.0,3019.378167,62.903712,36000.0,0.0,,pass,pass
5368.0,high,mission_flight,36000.0,0.0,0.0,0.0,3018.744833,62.890517,36000.0,0.0,,pass,pass
5370.0,high,mission_flight,36000.0,0.0,0.0,0.0,3018.1115,62.877323,36000.0,0.0,,pass,pass
5372.0,high,mission_flight,36000.0,0.0,0.0,0.0,3017.478167,62.864128,36000.0,0.0,,pass,pass
5374.0,high,mission_flight,36000.0,0.0,0.0,0.0,3016.844833,62.850934,36000.0,0.0,,pass,pass
5376.0,high,mission_flight,36000.0,0.0,0.0,0.0,3016.2115,62.83774,36000.0,0.0,,pass,pass
5378.0,high,mission_flight,36000.0,0.0,0.0,0.0,3015.578167,62.824545,36000.0,0.0,,pass,pass
5380.0,high,mission_flight,36000.0,0.0,0.0,0.0,3014.944833,62.811351,36000.0,0.0,,pass,pass
5382.0,high,mission_flight,36000.0,0.0,0.0,0.0,3014.3115,62.798156,36000.0,0.0,,pass,pass
5384.0,high,mission_flight,36000.0,0.0,0.0,0.0,3013.678167,62.784962,36000.0,0.0,,pass,pass
5386.0,high,mission_flight,36000.0,0.0,0.0,0.0,3013.044833,62.771767,36000.0,0.0,,pass,pass
5388.0,high,mission_flight,36000.0,0.0,0.0,0.0,3012.4115,62.758573,36000.0,0.0,,pass,pass
5390.0,high,mission_flight,36000.0,0.0,0.0,0.0,3011.778167,62.745378,36000.0,0.0,,pass,pass
5392.0,high,mission_flight,36000.0,0.0,0.0,0.0,3011.144833,62.732184,36000.0,0.0,,pass,pass
5394.0,high,mission_flight,36000.0,0.0,0.0,0.0,3010.5115,62.71899,36000.0,0.0,,pass,pass
5396.0,high,mission_flight,36000.0,0.0,0.0,0.0,3009.878167,62.705795,36000.0,0.0,,pass,pass
5398.0,high,mission_flight,36000.0,0.0,0.0,0.0,3009.244833,62.692601,36000.0,0.0,,pass,pass
5400.0,high,mission_flight,36000.0,0.0,0.0,0.0,3008.6115,62.679406,36000.0,0.0,,pass,pass
5402.0,high,mission_flight,36000.0,0.0,0.0,0.0,3007.978167,62.666212,36000.0,0.0,,pass,pass
5404.0,high,mission_flight,36000.0,0.0,0.0,0.0,3007.344833,62.653017,36000.0,0.0,,pass,pass
5406.0,high,mission_flight,36000.0,0.0,0.0,0.0,3006.7115,62.639823,36000.0,0.0,,pass,pass
5408.0,high,mission_flight,36000.0,0.0,0.0,0.0,3006.078167,62.626628,36000.0,0.0,,pass,pass
5410.0,high,mission_flight,36000.0,0.0,0.0,0.0,3005.444833,62.613434,36000.0,0.0,,pass,pass
5412.0,high,mission_flight,36000.0,0.0,0.0,0.0,3004.8115,62.60024,36000.0,0.0,,pass,pass
5414.0,high,mission_flight,36000.0,0.0,0.0,0.0,3004.178167,62.587045,36000.0,0.0,,pass,pass
5416.0,high,mission_flight,36000.0,0.0,0.0,0.0,3003.544833,62.573851,36000.0,0.0,,pass,pass
5418.0,high,mission_flight,36000.0,0.0,0.0,0.0,3002.9115,62.560656,36000.0,0.0,,pass,pass
5420.0,high,mission_flight,36000.0,0.0,0.0,0.0,3002.278167,62.547462,36000.0,0.0,,pass,pass
5422.0,high,mission_flight,36000.0,0.0,0.0,0.0,3001.644833,62.534267,36000.0,0.0,,pass,pass
5424.0,high,mission_flight,36000.0,0.0,0.0,0.0,3001.0115,62.521073,36000.0,0.0,,pass,pass
5426.0,high,mission_flight,36000.0,0.0,0.0,0.0,3000.378167,62.507878,36000.0,0.0,,pass,pass
5428.0,high,mission_flight,36000.0,0.0,0.0,0.0,2999.744833,62.494684,36000.0,0.0,,pass,pass
5430.0,high,mission_flight,36000.0,0.0,0.0,0.0,2999.1115,62.48149,36000.0,0.0,,pass,pass
5432.0,high,mission_flight,36000.0,0.0,0.0,0.0,2998.478167,62.468295,36000.0,0.0,,pass,pass
5434.0,high,mission_flight,36000.0,0.0,0.0,0.0,2997.844833,62.455101,36000.0,0.0,,pass,pass
5436.0,high,mission_flight,36000.0,0.0,0.0,0.0,2997.2115,62.441906,36000.0,0.0,,pass,pass
5438.0,high,mission_flight,36000.0,0.0,0.0,0.0,2996.578167,62.428712,36000.0,0.0,,pass,pass
5440.0,high,mission_flight,36000.0,0.0,0.0,0.0,2995.944833,62.415517,36000.0,0.0,,pass,pass
5442.0,high,mission_flight,36000.0,0.0,0.0,0.0,2995.3115,62.402323,36000.0,0.0,,pass,pass
5444.0,high,mission_flight,36000.0,0.0,0.0,0.0,2994.678167,62.389128,36000.0,0.0,,pass,pass
5446.0,high,mission_flight,36000.0,0.0,0.0,0.0,2994.044833,62.375934,36000.0,0.0,,pass,pass
5448.0,high,mission_flight,36000.0,0.0,0.0,0.0,2993.4115,62.36274,36000.0,0.0,,pass,pass
5450.0,high,mission_flight,36000.0,0.0,0.0,0.0,2992.778167,62.349545,36000.0,0.0,,pass,pass
5452.0,high,mission_flight,36000.0,0.0,0.0,0.0,2992.144833,62.336351,36000.0,0.0,,pass,pass
5454.0,high,mission_flight,36000.0,0.0,0.0,0.0,2991.5115,62.323156,36000.0,0.0,,pass,pass
5456.0,high,mission_flight,36000.0,0.0,0.0,0.0,2990.878167,62.309962,36000.0,0.0,,pass,pass
5458.0,high,mission_flight,36000.0,0.0,0.0,0.0,2990.244833,62.296767,36000.0,0.0,,pass,pass
5460.0,high,mission_flight,36000.0,0.0,0.0,0.0,2989.6115,62.283573,36000.0,0.0,,pass,pass
5462.0,high,mission_flight,36000.0,0.0,0.0,0.0,2988.978167,62.270378,36000.0,0.0,,pass,pass
5464.0,high,mission_flight,36000.0,0.0,0.0,0.0,2988.344833,62.257184,36000.0,0.0,,pass,pass
5466.0,high,mission_flight,36000.0,0.0,0.0,0.0,2987.7115,62.24399,36000.0,0.0,,pass,pass
5468.0,high,mission_flight,36000.0,0.0,0.0,0.0,2987.078167,62.230795,36000.0,0.0,,pass,pass
5470.0,high,mission_flight,36000.0,0.0,0.0,0.0,2986.444833,62.217601,36000.0,0.0,,pass,pass
5472.0,high,mission_flight,36000.0,0.0,0.0,0.0,2985.8115,62.204406,36000.0,0.0,,pass,pass
5474.0,high,mission_flight,36000.0,0.0,0.0,0.0,2985.178167,62.191212,36000.0,0.0,,pass,pass
5476.0,high,mission_flight,36000.0,0.0,0.0,0.0,2984.544833,62.178017,36000.0,0.0,,pass,pass
5478.0,high,mission_flight,36000.0,0.0,0.0,0.0,2983.9115,62.164823,36000.0,0.0,,pass,pass
5480.0,high,mission_flight,36000.0,0.0,0.0,0.0,2983.278167,62.151628,36000.0,0.0,,pass,pass
5482.0,high,mission_flight,36000.0,0.0,0.0,0.0,2982.644833,62.138434,36000.0,0.0,,pass,pass
5484.0,high,mission_flight,36000.0,0.0,0.0,0.0,2982.0115,62.12524,36000.0,0.0,,pass,pass
5486.0,high,mission_flight,36000.0,0.0,0.0,0.0,2981.378167,62.112045,36000.0,0.0,,pass,pass
5488.0,high,mission_flight,36000.0,0.0,0.0,0.0,2980.744833,62.098851,36000.0,0.0,,pass,pass
5490.0,high,mission_flight,36000.0,0.0,0.0,0.0,2980.1115,62.085656,36000.0,0.0,,pass,pass
5492.0,high,mission_flight,36000.0,0.0,0.0,0.0,2979.478167,62.072462,36000.0,0.0,,pass,pass
5494.0,high,mission_flight,36000.0,0.0,0.0,0.0,2978.844833,62.059267,36000.0,0.0,,pass,pass
5496.0,high,mission_flight,36000.0,0.0,0.0,0.0,2978.2115,62.046073,36000.0,0.0,,pass,pass
5498.0,high,mission_flight,36000.0,0.0,0.0,0.0,2977.578167,62.032878,36000.0,0.0,,pass,pass
5500.0,high,mission_flight,36000.0,0.0,0.0,0.0,2976.944833,62.019684,36000.0,0.0,,pass,pass
5502.0,high,mission_flight,36000.0,0.0,0.0,0.0,2976.3115,62.00649,36000.0,0.0,,pass,pass
5504.0,high,mission_flight,36000.0,0.0,0.0,0.0,2975.678167,61.993295,36000.0,0.0,,pass,pass
5506.0,high,mission_flight,36000.0,0.0,0.0,0.0,2975.044833,61.980101,36000.0,0.0,,pass,pass
5508.0,high,mission_flight,36000.0,0.0,0.0,0.0,2974.4115,61.966906,36000.0,0.0,,pass,pass
5510.0,high,mission_flight,36000.0,0.0,0.0,0.0,2973.778167,61.953712,36000.0,0.0,,pass,pass
5512.0,high,mission_flight,36000.0,0.0,0.0,0.0,2973.144833,61.940517,36000.0,0.0,,pass,pass
5514.0,high,mission_flight,36000.0,0.0,0.0,0.0,2972.5115,61.927323,36000.0,0.0,,pass,pass
5516.0,high,mission_flight,36000.0,0.0,0.0,0.0,2971.878167,61.914128,36000.0,0.0,,pass,pass
5518.0,high,mission_flight,36000.0,0.0,0.0,0.0,2971.244833,61.900934,36000.0,0.0,,pass,pass
5520.0,high,mission_flight,36000.0,0.0,0.0,0.0,2970.6115,61.88774,36000.0,0.0,,pass,pass
5522.0,high,mission_flight,36000.0,0.0,0.0,0.0,2969.978167,61.874545,36000.0,0.0,,pass,pass
5524.0,high,mission_flight,36000.0,0.0,0.0,0.0,2969.344833,61.861351,36000.0,0.0,,pass,pass
5526.0,high,mission_flight,36000.0,0.0,0.0,0.0,2968.7115,61.848156,36000.0,0.0,,pass,pass
5528.0,high,mission_flight,36000.0,0.0,0.0,0.0,2968.078167,61.834962,36000.0,0.0,,pass,pass
5530.0,high,mission_flight,36000.0,0.0,0.0,0.0,2967.444833,61.821767,36000.0,0.0,,pass,pass
5532.0,high,mission_flight,36000.0,0.0,0.0,0.0,2966.8115,61.808573,36000.0,0.0,,pass,pass
5534.0,high,mission_flight,36000.0,0.0,0.0,0.0,2966.178167,61.795378,36000.0,0.0,,pass,pass
5536.0,high,mission_flight,36000.0,0.0,0.0,0.0,2965.544833,61.782184,36000.0,0.0,,pass,pass
5538.0,high,mission_flight,36000.0,0.0,0.0,0.0,2964.9115,61.76899,36000.0,0.0,,pass,pass
5540.0,high,mission_flight,36000.0,0.0,0.0,0.0,2964.278167,61.755795,36000.0,0.0,,pass,pass
5542.0,high,mission_flight,36000.0,0.0,0.0,0.0,2963.644833,61.742601,36000.0,0.0,,pass,pass
5544.0,high,mission_flight,36000.0,0.0,0.0,0.0,2963.0115,61.729406,36000.0,0.0,,pass,pass
5546.0,high,mission_flight,36000.0,0.0,0.0,0.0,2962.378167,61.716212,36000.0,0.0,,pass,pass
5548.0,high,mission_flight,36000.0,0.0,0.0,0.0,2961.744833,61.703017,36000.0,0.0,,pass,pass
5550.0,high,mission_flight,36000.0,0.0,0.0,0.0,2961.1115,61.689823,36000.0,0.0,,pass,pass
5552.0,high,mission_flight,36000.0,0.0,0.0,0.0,2960.478167,61.676628,36000.0,0.0,,pass,pass
5554.0,high,mission_flight,36000.0,0.0,0.0,0.0,2959.844833,61.663434,36000.0,0.0,,pass,pass
5556.0,high,mission_flight,36000.0,0.0,0.0,0.0,2959.2115,61.65024,36000.0,0.0,,pass,pass
5558.0,high,mission_flight,36000.0,0.0,0.0,0.0,2958.578167,61.637045,36000.0,0.0,,pass,pass
5560.0,high,mission_flight,36000.0,0.0,0.0,0.0,2957.944833,61.623851,36000.0,0.0,,pass,pass
5562.0,high,mission_flight,36000.0,0.0,0.0,0.0,2957.3115,61.610656,36000.0,0.0,,pass,pass
5564.0,high,mission_flight,36000.0,0.0,0.0,0.0,2956.678167,61.597462,36000.0,0.0,,pass,pass
5566.0,high,mission_flight,36000.0,0.0,0.0,0.0,2956.044833,61.584267,36000.0,0.0,,pass,pass
5568.0,high,mission_flight,36000.0,0.0,0.0,0.0,2955.4115,61.571073,36000.0,0.0,,pass,pass
5570.0,high,mission_flight,36000.0,0.0,0.0,0.0,2954.778167,61.557878,36000.0,0.0,,pass,pass
5572.0,high,mission_flight,36000.0,0.0,0.0,0.0,2954.144833,61.544684,36000.0,0.0,,pass,pass
5574.0,high,mission_flight,36000.0,0.0,0.0,0.0,2953.5115,61.53149,36000.0,0.0,,pass,pass
5576.0,high,mission_flight,36000.0,0.0,0.0,0.0,2952.878167,61.518295,36000.0,0.0,,pass,pass
5578.0,high,mission_flight,36000.0,0.0,0.0,0.0,2952.244833,61.505101,36000.0,0.0,,pass,pass
5580.0,high,mission_flight,36000.0,0.0,0.0,0.0,2951.6115,61.491906,36000.0,0.0,,pass,pass
5582.0,high,mission_flight,36000.0,0.0,0.0,0.0,2950.978167,61.478712,36000.0,0.0,,pass,pass
5584.0,high,mission_flight,36000.0,0.0,0.0,0.0,2950.344833,61.465517,36000.0,0.0,,pass,pass
5586.0,high,mission_flight,36000.0,0.0,0.0,0.0,2949.7115,61.452323,36000.0,0.0,,pass,pass
5588.0,high,mission_flight,36000.0,0.0,0.0,0.0,2949.078167,61.439128,36000.0,0.0,,pass,pass
5590.0,high,mission_flight,36000.0,0.0,0.0,0.0,2948.444833,61.425934,36000.0,0.0,,pass,pass
5592.0,high,mission_flight,36000.0,0.0,0.0,0.0,2947.8115,61.41274,36000.0,0.0,,pass,pass
5594.0,high,mission_flight,36000.0,0.0,0.0,0.0,2947.178167,61.399545,36000.0,0.0,,pass,pass
5596.0,high,mission_flight,36000.0,0.0,0.0,0.0,2946.544833,61.386351,36000.0,0.0,,pass,pass
5598.0,high,mission_flight,36000.0,0.0,0.0,0.0,2945.9115,61.373156,36000.0,0.0,,pass,pass
5600.0,high,mission_flight,36000.0,0.0,0.0,0.0,2945.278167,61.359962,36000.0,0.0,,pass,pass
5602.0,high,mission_flight,36000.0,0.0,0.0,0.0,2944.644833,61.346767,36000.0,0.0,,pass,pass
5604.0,high,mission_flight,36000.0,0.0,0.0,0.0,2944.0115,61.333573,36000.0,0.0,,pass,pass
5606.0,high,mission_flight,36000.0,0.0,0.0,0.0,2943.378167,61.320378,36000.0,0.0,,pass,pass
5608.0,high,mission_flight,36000.0,0.0,0.0,0.0,2942.744833,61.307184,36000.0,0.0,,pass,pass
5610.0,high,mission_flight,36000.0,0.0,0.0,0.0,2942.1115,61.29399,36000.0,0.0,,pass,pass
5612.0,high,mission_flight,36000.0,0.0,0.0,0.0,2941.478167,61.280795,36000.0,0.0,,pass,pass
5614.0,high,mission_flight,36000.0,0.0,0.0,0.0,2940.844833,61.267601,36000.0,0.0,,pass,pass
5616.0,high,mission_flight,36000.0,0.0,0.0,0.0,2940.2115,61.254406,36000.0,0.0,,pass,pass
5618.0,high,mission_flight,36000.0,0.0,0.0,0.0,2939.578167,61.241212,36000.0,0.0,,pass,pass
5620.0,high,mission_flight,36000.0,0.0,0.0,0.0,2938.944833,61.228017,36000.0,0.0,,pass,pass
5622.0,high,mission_flight,36000.0,0.0,0.0,0.0,2938.3115,61.214823,36000.0,0.0,,pass,pass
5624.0,high,mission_flight,36000.0,0.0,0.0,0.0,2937.678167,61.201628,36000.0,0.0,,pass,pass
5626.0,high,mission_flight,36000.0,0.0,0.0,0.0,2937.044833,61.188434,36000.0,0.0,,pass,pass
5628.0,high,mission_flight,36000.0,0.0,0.0,0.0,2936.4115,61.17524,36000.0,0.0,,pass,pass
5630.0,high,mission_flight,36000.0,0.0,0.0,0.0,2935.778167,61.162045,36000.0,0.0,,pass,pass
5632.0,high,mission_flight,36000.0,0.0,0.0,0.0,2935.144833,61.148851,36000.0,0.0,,pass,pass
5634.0,high,mission_flight,36000.0,0.0,0.0,0.0,2934.5115,61.135656,36000.0,0.0,,pass,pass
5636.0,high,mission_flight,36000.0,0.0,0.0,0.0,2933.878167,61.122462,36000.0,0.0,,pass,pass
5638.0,high,mission_flight,36000.0,0.0,0.0,0.0,2933.244833,61.109267,36000.0,0.0,,pass,pass
5640.0,high,mission_flight,36000.0,0.0,0.0,0.0,2932.6115,61.096073,36000.0,0.0,,pass,pass
5642.0,high,mission_flight,36000.0,0.0,0.0,0.0,2931.978167,61.082878,36000.0,0.0,,pass,pass
5644.0,high,mission_flight,36000.0,0.0,0.0,0.0,2931.344833,61.069684,36000.0,0.0,,pass,pass
5646.0,high,mission_flight,36000.0,0.0,0.0,0.0,2930.7115,61.05649,36000.0,0.0,,pass,pass
5648.0,high,mission_flight,36000.0,0.0,0.0,0.0,2930.078167,61.043295,36000.0,0.0,,pass,pass
5650.0,high,mission_flight,36000.0,0.0,0.0,0.0,2929.444833,61.030101,36000.0,0.0,,pass,pass
5652.0,high,mission_flight,36000.0,0.0,0.0,0.0,2928.8115,61.016906,36000.0,0.0,,pass,pass
5654.0,high,mission_flight,36000.0,0.0,0.0,0.0,2928.178167,61.003712,36000.0,0.0,,pass,pass
5656.0,high,mission_flight,36000.0,0.0,0.0,0.0,2927.544833,60.990517,36000.0,0.0,,pass,pass
5658.0,high,mission_flight,36000.0,0.0,0.0,0.0,2926.9115,60.977323,36000.0,0.0,,pass,pass
5660.0,high,mission_flight,36000.0,0.0,0.0,0.0,2926.278167,60.964128,36000.0,0.0,,pass,pass
5662.0,high,mission_flight,36000.0,0.0,0.0,0.0,2925.644833,60.950934,36000.0,0.0,,pass,pass
5664.0,high,mission_flight,36000.0,0.0,0.0,0.0,2925.0115,60.93774,36000.0,0.0,,pass,pass
5666.0,high,mission_flight,36000.0,0.0,0.0,0.0,2924.378167,60.924545,36000.0,0.0,,pass,pass
5668.0,high,mission_flight,36000.0,0.0,0.0,0.0,2923.744833,60.911351,36000.0,0.0,,pass,pass
5670.0,high,mission_flight,36000.0,0.0,0.0,0.0,2923.1115,60.898156,36000.0,0.0,,pass,pass
5672.0,high,mission_flight,36000.0,0.0,0.0,0.0,2922.478167,60.884962,36000.0,0.0,,pass,pass
5674.0,high,mission_flight,36000.0,0.0,0.0,0.0,2921.844833,60.871767,36000.0,0.0,,pass,pass
5676.0,high,mission_flight,36000.0,0.0,0.0,0.0,2921.2115,60.858573,36000.0,0.0,,pass,pass
5678.0,high,mission_flight,36000.0,0.0,0.0,0.0,2920.578167,60.845378,36000.0,0.0,,pass,pass
5680.0,high,mission_flight,36000.0,0.0,0.0,0.0,2919.944833,60.832184,36000.0,0.0,,pass,pass
5682.0,high,mission_flight,36000.0,0.0,0.0,0.0,2919.3115,60.81899,36000.0,0.0,,pass,pass
5684.0,high,mission_flight,36000.0,0.0,0.0,0.0,2918.678167,60.805795,36000.0,0.0,,pass,pass
5686.0,high,mission_flight,36000.0,0.0,0.0,0.0,2918.044833,60.792601,36000.0,0.0,,pass,pass
5688.0,high,mission_flight,36000.0,0.0,0.0,0.0,2917.4115,60.779406,36000.0,0.0,,pass,pass
5690.0,high,mission_flight,36000.0,0.0,0.0,0.0,2916.778167,60.766212,36000.0,0.0,,pass,pass
5692.0,high,mission_flight,36000.0,0.0,0.0,0.0,2916.144833,60.753017,36000.0,0.0,,pass,pass
5694.0,high,mission_flight,36000.0,0.0,0.0,0.0,2915.5115,60.739823,36000.0,0.0,,pass,pass
5696.0,high,mission_flight,36000.0,0.0,0.0,0.0,2914.878167,60.726628,36000.0,0.0,,pass,pass
5698.0,high,mission_flight,36000.0,0.0,0.0,0.0,2914.244833,60.713434,36000.0,0.0,,pass,pass
5700.0,high,mission_flight,36000.0,0.0,0.0,0.0,2913.6115,60.70024,36000.0,0.0,,pass,pass
5702.0,high,mission_flight,36000.0,0.0,0.0,0.0,2912.978167,60.687045,36000.0,0.0,,pass,pass
5704.0,high,mission_flight,36000.0,0.0,0.0,0.0,2912.344833,60.673851,36000.0,0.0,,pass,pass
5706.0,high,mission_flight,36000.0,0.0,0.0,0.0,2911.7115,60.660656,36000.0,0.0,,pass,pass
5708.0,high,mission_flight,36000.0,0.0,0.0,0.0,2911.078167,60.647462,36000.0,0.0,,pass,pass
5710.0,high,mission_flight,36000.0,0.0,0.0,0.0,2910.444833,60.634267,36000.0,0.0,,pass,pass
5712.0,high,mission_flight,36000.0,0.0,0.0,0.0,2909.8115,60.621073,36000.0,0.0,,pass,pass
5714.0,high,mission_flight,36000.0,0.0,0.0,0.0,2909.178167,60.607878,36000.0,0.0,,pass,pass
5716.0,high,mission_flight,36000.0,0.0,0.0,0.0,2908.544833,60.594684,36000.0,0.0,,pass,pass
5718.0,high,mission_flight,36000.0,0.0,0.0,0.0,2907.9115,60.58149,36000.0,0.0,,pass,pass
5720.0,high,mission_flight,36000.0,0.0,0.0,0.0,2907.278167,60.568295,36000.0,0.0,,pass,pass
5722.0,high,mission_flight,36000.0,0.0,0.0,0.0,2906.644833,60.555101,36000.0,0.0,,pass,pass
5724.0,high,mission_flight,36000.0,0.0,0.0,0.0,2906.0115,60.541906,36000.0,0.0,,pass,pass
5726.0,high,mission_flight,36000.0,0.0,0.0,0.0,2905.378167,60.528712,36000.0,0.0,,pass,pass
5728.0,high,mission_flight,36000.0,0.0,0.0,0.0,2904.744833,60.515517,36000.0,0.0,,pass,pass
5730.0,high,mission_flight,36000.0,0.0,0.0,0.0,2904.1115,60.502323,36000.0,0.0,,pass,pass
5732.0,high,mission_flight,36000.0,0.0,0.0,0.0,2903.478167,60.489128,36000.0,0.0,,pass,pass
5734.0,high,mission_flight,36000.0,0.0,0.0,0.0,2902.844833,60.475934,36000.0,0.0,,pass,pass
5736.0,high,mission_flight,36000.0,0.0,0.0,0.0,2902.2115,60.46274,36000.0,0.0,,pass,pass
5738.0,high,mission_flight,36000.0,0.0,0.0,0.0,2901.578167,60.449545,36000.0,0.0,,pass,pass
5740.0,high,mission_flight,36000.0,0.0,0.0,0.0,2900.944833,60.436351,36000.0,0.0,,pass,pass
5742.0,high,mission_flight,36000.0,0.0,0.0,0.0,2900.3115,60.423156,36000.0,0.0,,pass,pass
5744.0,high,mission_flight,36000.0,0.0,0.0,0.0,2899.678167,60.409962,36000.0,0.0,,pass,pass
5746.0,high,mission_flight,36000.0,0.0,0.0,0.0,2899.044833,60.396767,36000.0,0.0,,pass,pass
5748.0,high,mission_flight,36000.0,0.0,0.0,0.0,2898.4115,60.383573,36000.0,0.0,,pass,pass
5750.0,high,mission_flight,36000.0,0.0,0.0,0.0,2897.778167,60.370378,36000.0,0.0,,pass,pass
5752.0,high,mission_flight,36000.0,0.0,0.0,0.0,2897.144833,60.357184,36000.0,0.0,,pass,pass
5754.0,high,mission_flight,36000.0,0.0,0.0,0.0,2896.5115,60.34399,36000.0,0.0,,pass,pass
5756.0,high,mission_flight,36000.0,0.0,0.0,0.0,2895.878167,60.330795,36000.0,0.0,,pass,pass
5758.0,high,mission_flight,36000.0,0.0,0.0,0.0,2895.244833,60.317601,36000.0,0.0,,pass,pass
5760.0,high,mission_flight,36000.0,0.0,0.0,0.0,2894.6115,60.304406,36000.0,0.0,,pass,pass
5762.0,high,mission_flight,36000.0,0.0,0.0,0.0,2893.978167,60.291212,36000.0,0.0,,pass,pass
5764.0,high,mission_flight,36000.0,0.0,0.0,0.0,2893.344833,60.278017,36000.0,0.0,,pass,pass
5766.0,high,mission_flight,36000.0,0.0,0.0,0.0,2892.7115,60.264823,36000.0,0.0,,pass,pass
5768.0,high,mission_flight,36000.0,0.0,0.0,0.0,2892.078167,60.251628,36000.0,0.0,,pass,pass
5770.0,high,mission_flight,36000.0,0.0,0.0,0.0,2891.444833,60.238434,36000.0,0.0,,pass,pass
5772.0,high,mission_flight,36000.0,0.0,0.0,0.0,2890.8115,60.22524,36000.0,0.0,,pass,pass
5774.0,high,mission_flight,36000.0,0.0,0.0,0.0,2890.178167,60.212045,36000.0,0.0,,pass,pass
5776.0,high,mission_flight,36000.0,0.0,0.0,0.0,2889.544833,60.198851,36000.0,0.0,,pass,pass
5778.0,high,mission_flight,36000.0,0.0,0.0,0.0,2888.9115,60.185656,36000.0,0.0,,pass,pass
5780.0,high,mission_flight,36000.0,0.0,0.0,0.0,2888.278167,60.172462,36000.0,0.0,,pass,pass
5782.0,high,mission_flight,36000.0,0.0,0.0,0.0,2887.644833,60.159267,36000.0,0.0,,pass,pass
5784.0,high,mission_flight,36000.0,0.0,0.0,0.0,2887.0115,60.146073,36000.0,0.0,,pass,pass
5786.0,high,mission_flight,36000.0,0.0,0.0,0.0,2886.378167,60.132878,36000.0,0.0,,pass,pass
5788.0,high,mission_flight,36000.0,0.0,0.0,0.0,2885.744833,60.119684,36000.0,0.0,,pass,pass
5790.0,high,mission_flight,36000.0,0.0,0.0,0.0,2885.1115,60.10649,36000.0,0.0,,pass,pass
5792.0,high,mission_flight,36000.0,0.0,0.0,0.0,2884.478167,60.093295,36000.0,0.0,,pass,pass
5794.0,high,mission_flight,36000.0,0.0,0.0,0.0,2883.844833,60.080101,36000.0,0.0,,pass,pass
5796.0,high,mission_flight,36000.0,0.0,0.0,0.0,2883.2115,60.066906,36000.0,0.0,,pass,pass
5798.0,high,mission_flight,36000.0,0.0,0.0,0.0,2882.578167,60.053712,36000.0,0.0,,pass,pass
5800.0,high,mission_flight,36000.0,0.0,0.0,0.0,2881.944833,60.040517,36000.0,0.0,,pass,pass
5802.0,high,mission_flight,36000.0,0.0,0.0,0.0,2881.3115,60.027323,36000.0,0.0,,pass,pass
5804.0,high,mission_flight,36000.0,0.0,0.0,0.0,2880.678167,60.014128,36000.0,0.0,,pass,pass
5806.0,high,mission_flight,36000.0,0.0,0.0,0.0,2880.044833,60.000934,36000.0,0.0,,pass,pass
5808.0,high,mission_flight,36000.0,0.0,0.0,0.0,2879.4115,59.98774,36000.0,0.0,,pass,pass
5810.0,high,mission_flight,36000.0,0.0,0.0,0.0,2878.778167,59.974545,36000.0,0.0,,pass,pass
5812.0,high,mission_flight,36000.0,0.0,0.0,0.0,2878.144833,59.961351,36000.0,0.0,,pass,pass
5814.0,high,mission_flight,36000.0,0.0,0.0,0.0,2877.5115,59.948156,36000.0,0.0,,pass,pass
5816.0,high,mission_flight,36000.0,0.0,0.0,0.0,2876.878167,59.934962,36000.0,0.0,,pass,pass
5818.0,high,mission_flight,36000.0,0.0,0.0,0.0,2876.244833,59.921767,36000.0,0.0,,pass,pass
5820.0,high,mission_flight,36000.0,0.0,0.0,0.0,2875.6115,59.908573,36000.0,0.0,,pass,pass
5822.0,high,mission_flight,36000.0,0.0,0.0,0.0,2874.978167,59.895378,36000.0,0.0,,pass,pass
5824.0,high,mission_flight,36000.0,0.0,0.0,0.0,2874.344833,59.882184,36000.0,0.0,,pass,pass
5826.0,high,mission_flight,36000.0,0.0,0.0,0.0,2873.7115,59.86899,36000.0,0.0,,pass,pass
5828.0,high,mission_flight,36000.0,0.0,0.0,0.0,2873.078167,59.855795,36000.0,0.0,,pass,pass
5830.0,high,mission_flight,36000.0,0.0,0.0,0.0,2872.444833,59.842601,36000.0,0.0,,pass,pass
5832.0,high,mission_flight,36000.0,0.0,0.0,0.0,2871.8115,59.829406,36000.0,0.0,,pass,pass
5834.0,high,mission_flight,36000.0,0.0,0.0,0.0,2871.178167,59.816212,36000.0,0.0,,pass,pass
5836.0,high,mission_flight,36000.0,0.0,0.0,0.0,2870.544833,59.803017,36000.0,0.0,,pass,pass
5838.0,high,mission_flight,36000.0,0.0,0.0,0.0,2869.9115,59.789823,36000.0,0.0,,pass,pass
5840.0,high,mission_flight,36000.0,0.0,0.0,0.0,2869.278167,59.776628,36000.0,0.0,,pass,pass
5842.0,high,mission_flight,36000.0,0.0,0.0,0.0,2868.644833,59.763434,36000.0,0.0,,pass,pass
5844.0,high,mission_flight,36000.0,0.0,0.0,0.0,2868.0115,59.75024,36000.0,0.0,,pass,pass
5846.0,high,mission_flight,36000.0,0.0,0.0,0.0,2867.378167,59.737045,36000.0,0.0,,pass,pass
5848.0,high,mission_flight,36000.0,0.0,0.0,0.0,2866.744833,59.723851,36000.0,0.0,,pass,pass
5850.0,high,mission_flight,36000.0,0.0,0.0,0.0,2866.1115,59.710656,36000.0,0.0,,pass,pass
5852.0,high,mission_flight,36000.0,0.0,0.0,0.0,2865.478167,59.697462,36000.0,0.0,,pass,pass
5854.0,high,mission_flight,36000.0,0.0,0.0,0.0,2864.844833,59.684267,36000.0,0.0,,pass,pass
5856.0,high,mission_flight,36000.0,0.0,0.0,0.0,2864.2115,59.671073,36000.0,0.0,,pass,pass
5858.0,high,mission_flight,36000.0,0.0,0.0,0.0,2863.578167,59.657878,36000.0,0.0,,pass,pass
5860.0,high,mission_flight,36000.0,0.0,0.0,0.0,2862.944833,59.644684,36000.0,0.0,,pass,pass
5862.0,high,mission_flight,36000.0,0.0,0.0,0.0,2862.3115,59.63149,36000.0,0.0,,pass,pass
5864.0,high,mission_flight,36000.0,0.0,0.0,0.0,2861.678167,59.618295,36000.0,0.0,,pass,pass
5866.0,high,mission_flight,36000.0,0.0,0.0,0.0,2861.044833,59.605101,36000.0,0.0,,pass,pass
5868.0,high,mission_flight,36000.0,0.0,0.0,0.0,2860.4115,59.591906,36000.0,0.0,,pass,pass
5870.0,high,mission_flight,36000.0,0.0,0.0,0.0,2859.778167,59.578712,36000.0,0.0,,pass,pass
5872.0,high,mission_flight,36000.0,0.0,0.0,0.0,2859.144833,59.565517,36000.0,0.0,,pass,pass
5874.0,high,mission_flight,36000.0,0.0,0.0,0.0,2858.5115,59.552323,36000.0,0.0,,pass,pass
5876.0,high,mission_flight,36000.0,0.0,0.0,0.0,2857.878167,59.539128,36000.0,0.0,,pass,pass
5878.0,high,mission_flight,36000.0,0.0,0.0,0.0,2857.244833,59.525934,36000.0,0.0,,pass,pass
5880.0,high,mission_flight,36000.0,0.0,0.0,0.0,2856.6115,59.51274,36000.0,0.0,,pass,pass
5882.0,high,mission_flight,36000.0,0.0,0.0,0.0,2855.978167,59.499545,36000.0,0.0,,pass,pass
5884.0,high,mission_flight,36000.0,0.0,0.0,0.0,2855.344833,59.486351,36000.0,0.0,,pass,pass
5886.0,high,mission_flight,36000.0,0.0,0.0,0.0,2854.7115,59.473156,36000.0,0.0,,pass,pass
5888.0,high,mission_flight,36000.0,0.0,0.0,0.0,2854.078167,59.459962,36000.0,0.0,,pass,pass
5890.0,high,mission_flight,36000.0,0.0,0.0,0.0,2853.444833,59.446767,36000.0,0.0,,pass,pass
5892.0,high,mission_flight,36000.0,0.0,0.0,0.0,2852.8115,59.433573,36000.0,0.0,,pass,pass
5894.0,high,mission_flight,36000.0,0.0,0.0,0.0,2852.178167,59.420378,36000.0,0.0,,pass,pass
5896.0,high,mission_flight,36000.0,0.0,0.0,0.0,2851.544833,59.407184,36000.0,0.0,,pass,pass
5898.0,high,mission_flight,36000.0,0.0,0.0,0.0,2850.9115,59.39399,36000.0,0.0,,pass,pass
5900.0,high,mission_flight,36000.0,0.0,0.0,0.0,2850.278167,59.380795,36000.0,0.0,,pass,pass
5902.0,high,mission_flight,36000.0,0.0,0.0,0.0,2849.644833,59.367601,36000.0,0.0,,pass,pass
5904.0,high,mission_flight,36000.0,0.0,0.0,0.0,2849.0115,59.354406,36000.0,0.0,,pass,pass
5906.0,high,mission_flight,36000.0,0.0,0.0,0.0,2848.378167,59.341212,36000.0,0.0,,pass,pass
5908.0,high,mission_flight,36000.0,0.0,0.0,0.0,2847.744833,59.328017,36000.0,0.0,,pass,pass
5910.0,high,mission_flight,36000.0,0.0,0.0,0.0,2847.1115,59.314823,36000.0,0.0,,pass,pass
5912.0,high,mission_flight,36000.0,0.0,0.0,0.0,2846.478167,59.301628,36000.0,0.0,,pass,pass
5914.0,high,mission_flight,36000.0,0.0,0.0,0.0,2845.844833,59.288434,36000.0,0.0,,pass,pass
5916.0,high,mission_flight,36000.0,0.0,0.0,0.0,2845.2115,59.27524,36000.0,0.0,,pass,pass
5918.0,high,mission_flight,36000.0,0.0,0.0,0.0,2844.578167,59.262045,36000.0,0.0,,pass,pass
5920.0,high,mission_flight,36000.0,0.0,0.0,0.0,2843.944833,59.248851,36000.0,0.0,,pass,pass
5922.0,high,mission_flight,36000.0,0.0,0.0,0.0,2843.3115,59.235656,36000.0,0.0,,pass,pass
5924.0,high,mission_flight,36000.0,0.0,0.0,0.0,2842.678167,59.222462,36000.0,0.0,,pass,pass
5926.0,high,mission_flight,36000.0,0.0,0.0,0.0,2842.044833,59.209267,36000.0,0.0,,pass,pass
5928.0,high,mission_flight,36000.0,0.0,0.0,0.0,2841.4115,59.196073,36000.0,0.0,,pass,pass
5930.0,high,mission_flight,36000.0,0.0,0.0,0.0,2840.778167,59.182878,36000.0,0.0,,pass,pass
5932.0,high,mission_flight,36000.0,0.0,0.0,0.0,2840.144833,59.169684,36000.0,0.0,,pass,pass
5934.0,high,mission_flight,36000.0,0.0,0.0,0.0,2839.5115,59.15649,36000.0,0.0,,pass,pass
5936.0,high,mission_flight,36000.0,0.0,0.0,0.0,2838.878167,59.143295,36000.0,0.0,,pass,pass
5938.0,high,mission_flight,36000.0,0.0,0.0,0.0,2838.244833,59.130101,36000.0,0.0,,pass,pass
5940.0,high,mission_flight,36000.0,0.0,0.0,0.0,2837.6115,59.116906,36000.0,0.0,,pass,pass
5942.0,high,mission_flight,36000.0,0.0,0.0,0.0,2836.978167,59.103712,36000.0,0.0,,pass,pass
5944.0,high,mission_flight,36000.0,0.0,0.0,0.0,2836.344833,59.090517,36000.0,0.0,,pass,pass
5946.0,high,mission_flight,36000.0,0.0,0.0,0.0,2835.7115,59.077323,36000.0,0.0,,pass,pass
5948.0,high,mission_flight,36000.0,0.0,0.0,0.0,2835.078167,59.064128,36000.0,0.0,,pass,pass
5950.0,high,mission_flight,36000.0,0.0,0.0,0.0,2834.444833,59.050934,36000.0,0.0,,pass,pass
5952.0,high,mission_flight,36000.0,0.0,0.0,0.0,2833.8115,59.03774,36000.0,0.0,,pass,pass
5954.0,high,mission_flight,36000.0,0.0,0.0,0.0,2833.178167,59.024545,36000.0,0.0,,pass,pass
5956.0,high,mission_flight,36000.0,0.0,0.0,0.0,2832.544833,59.011351,36000.0,0.0,,pass,pass
5958.0,high,mission_flight,36000.0,0.0,0.0,0.0,2831.9115,58.998156,36000.0,0.0,,pass,pass
5960.0,high,mission_flight,36000.0,0.0,0.0,0.0,2831.278167,58.984962,36000.0,0.0,,pass,pass
5962.0,high,mission_flight,36000.0,0.0,0.0,0.0,2830.644833,58.971767,36000.0,0.0,,pass,pass
5964.0,high,mission_flight,36000.0,0.0,0.0,0.0,2830.0115,58.958573,36000.0,0.0,,pass,pass
5966.0,high,mission_flight,36000.0,0.0,0.0,0.0,2829.378167,58.945378,36000.0,0.0,,pass,pass
5968.0,high,mission_flight,36000.0,0.0,0.0,0.0,2828.744833,58.932184,36000.0,0.0,,pass,pass
5970.0,high,mission_flight,36000.0,0.0,0.0,0.0,2828.1115,58.91899,36000.0,0.0,,pass,pass
5972.0,high,mission_flight,36000.0,0.0,0.0,0.0,2827.478167,58.905795,36000.0,0.0,,pass,pass
5974.0,high,mission_flight,36000.0,0.0,0.0,0.0,2826.844833,58.892601,36000.0,0.0,,pass,pass
5976.0,high,mission_flight,36000.0,0.0,0.0,0.0,2826.2115,58.879406,36000.0,0.0,,pass,pass
5978.0,high,mission_flight,36000.0,0.0,0.0,0.0,2825.578167,58.866212,36000.0,0.0,,pass,pass
5980.0,high,mission_flight,36000.0,0.0,0.0,0.0,2824.944833,58.853017,36000.0,0.0,,pass,pass
5982.0,high,mission_flight,36000.0,0.0,0.0,0.0,2824.3115,58.839823,36000.0,0.0,,pass,pass
5984.0,high,mission_flight,36000.0,0.0,0.0,0.0,2823.678167,58.826628,36000.0,0.0,,pass,pass
5986.0,high,mission_flight,36000.0,0.0,0.0,0.0,2823.044833,58.813434,36000.0,0.0,,pass,pass
5988.0,high,mission_flight,36000.0,0.0,0.0,0.0,2822.4115,58.80024,36000.0,0.0,,pass,pass
5990.0,high,mission_flight,36000.0,0.0,0.0,0.0,2821.778167,58.787045,36000.0,0.0,,pass,pass
5992.0,high,mission_flight,36000.0,0.0,0.0,0.0,2821.144833,58.773851,36000.0,0.0,,pass,pass
5994.0,high,mission_flight,36000.0,0.0,0.0,0.0,2820.5115,58.760656,36000.0,0.0,,pass,pass
5996.0,high,mission_flight,36000.0,0.0,0.0,0.0,2819.878167,58.747462,36000.0,0.0,,pass,pass
5998.0,high,mission_flight,36000.0,0.0,0.0,0.0,2819.244833,58.734267,36000.0,0.0,,pass,pass
6000.0,high,mission_flight,36000.0,0.0,0.0,0.0,2818.6115,58.721073,36000.0,0.0,,pass,pass
6002.0,high,mission_flight,36000.0,0.0,0.0,0.0,2817.978167,58.707878,36000.0,0.0,,pass,pass
6004.0,high,mission_flight,36000.0,0.0,0.0,0.0,2817.344833,58.694684,36000.0,0.0,,pass,pass
6006.0,high,mission_flight,36000.0,0.0,0.0,0.0,2816.7115,58.68149,36000.0,0.0,,pass,pass
6008.0,high,mission_flight,36000.0,0.0,0.0,0.0,2816.078167,58.668295,36000.0,0.0,,pass,pass
6010.0,high,mission_flight,36000.0,0.0,0.0,0.0,2815.444833,58.655101,36000.0,0.0,,pass,pass
6012.0,high,mission_flight,36000.0,0.0,0.0,0.0,2814.8115,58.641906,36000.0,0.0,,pass,pass
6014.0,high,mission_flight,36000.0,0.0,0.0,0.0,2814.178167,58.628712,36000.0,0.0,,pass,pass
6016.0,high,mission_flight,36000.0,0.0,0.0,0.0,2813.544833,58.615517,36000.0,0.0,,pass,pass
6018.0,high,mission_flight,36000.0,0.0,0.0,0.0,2812.9115,58.602323,36000.0,0.0,,pass,pass
6020.0,high,mission_flight,36000.0,0.0,0.0,0.0,2812.278167,58.589128,36000.0,0.0,,pass,pass
6022.0,high,mission_flight,36000.0,0.0,0.0,0.0,2811.644833,58.575934,36000.0,0.0,,pass,pass
6024.0,high,mission_flight,36000.0,0.0,0.0,0.0,2811.0115,58.56274,36000.0,0.0,,pass,pass
6026.0,high,mission_flight,36000.0,0.0,0.0,0.0,2810.378167,58.549545,36000.0,0.0,,pass,pass
6028.0,high,mission_flight,36000.0,0.0,0.0,0.0,2809.744833,58.536351,36000.0,0.0,,pass,pass
6030.0,high,mission_flight,36000.0,0.0,0.0,0.0,2809.1115,58.523156,36000.0,0.0,,pass,pass
6032.0,high,mission_flight,36000.0,0.0,0.0,0.0,2808.478167,58.509962,36000.0,0.0,,pass,pass
6034.0,high,mission_flight,36000.0,0.0,0.0,0.0,2807.844833,58.496767,36000.0,0.0,,pass,pass
6036.0,high,mission_flight,36000.0,0.0,0.0,0.0,2807.2115,58.483573,36000.0,0.0,,pass,pass
6038.0,high,mission_flight,36000.0,0.0,0.0,0.0,2806.578167,58.470378,36000.0,0.0,,pass,pass
6040.0,high,mission_flight,36000.0,0.0,0.0,0.0,2805.944833,58.457184,36000.0,0.0,,pass,pass
6042.0,high,mission_flight,36000.0,0.0,0.0,0.0,2805.3115,58.44399,36000.0,0.0,,pass,pass
6044.0,high,mission_flight,36000.0,0.0,0.0,0.0,2804.678167,58.430795,36000.0,0.0,,pass,pass
6046.0,high,mission_flight,36000.0,0.0,0.0,0.0,2804.044833,58.417601,36000.0,0.0,,pass,pass
6048.0,high,mission_flight,36000.0,0.0,0.0,0.0,2803.4115,58.404406,36000.0,0.0,,pass,pass
6050.0,high,mission_flight,36000.0,0.0,0.0,0.0,2802.778167,58.391212,36000.0,0.0,,pass,pass
6052.0,high,mission_flight,36000.0,0.0,0.0,0.0,2802.144833,58.378017,36000.0,0.0,,pass,pass
6054.0,high,mission_flight,36000.0,0.0,0.0,0.0,2801.5115,58.364823,36000.0,0.0,,pass,pass
6056.0,high,mission_flight,36000.0,0.0,0.0,0.0,2800.878167,58.351628,36000.0,0.0,,pass,pass
6058.0,high,mission_flight,36000.0,0.0,0.0,0.0,2800.244833,58.338434,36000.0,0.0,,pass,pass
6060.0,high,mission_flight,36000.0,0.0,0.0,0.0,2799.6115,58.32524,36000.0,0.0,,pass,pass
6062.0,high,mission_flight,36000.0,0.0,0.0,0.0,2798.978167,58.312045,36000.0,0.0,,pass,pass
6064.0,high,mission_flight,36000.0,0.0,0.0,0.0,2798.344833,58.298851,36000.0,0.0,,pass,pass
6066.0,high,mission_flight,36000.0,0.0,0.0,0.0,2797.7115,58.285656,36000.0,0.0,,pass,pass
6068.0,high,mission_flight,36000.0,0.0,0.0,0.0,2797.078167,58.272462,36000.0,0.0,,pass,pass
6070.0,high,mission_flight,36000.0,0.0,0.0,0.0,2796.444833,58.259267,36000.0,0.0,,pass,pass
6072.0,high,mission_flight,36000.0,0.0,0.0,0.0,2795.8115,58.246073,36000.0,0.0,,pass,pass
6074.0,high,mission_flight,36000.0,0.0,0.0,0.0,2795.178167,58.232878,36000.0,0.0,,pass,pass
6076.0,high,mission_flight,36000.0,0.0,0.0,0.0,2794.544833,58.219684,36000.0,0.0,,pass,pass
6078.0,high,mission_flight,36000.0,0.0,0.0,0.0,2793.9115,58.20649,36000.0,0.0,,pass,pass
6080.0,high,mission_flight,36000.0,0.0,0.0,0.0,2793.278167,58.193295,36000.0,0.0,,pass,pass
6082.0,high,mission_flight,36000.0,0.0,0.0,0.0,2792.644833,58.180101,36000.0,0.0,,pass,pass
6084.0,high,mission_flight,36000.0,0.0,0.0,0.0,2792.0115,58.166906,36000.0,0.0,,pass,pass
6086.0,high,mission_flight,36000.0,0.0,0.0,0.0,2791.378167,58.153712,36000.0,0.0,,pass,pass
6088.0,high,mission_flight,36000.0,0.0,0.0,0.0,2790.744833,58.140517,36000.0,0.0,,pass,pass
6090.0,high,mission_flight,36000.0,0.0,0.0,0.0,2790.1115,58.127323,36000.0,0.0,,pass,pass
6092.0,high,mission_flight,36000.0,0.0,0.0,0.0,2789.478167,58.114128,36000.0,0.0,,pass,pass
6094.0,high,mission_flight,36000.0,0.0,0.0,0.0,2788.844833,58.100934,36000.0,0.0,,pass,pass
6096.0,high,mission_flight,36000.0,0.0,0.0,0.0,2788.2115,58.08774,36000.0,0.0,,pass,pass
6098.0,high,mission_flight,36000.0,0.0,0.0,0.0,2787.578167,58.074545,36000.0,0.0,,pass,pass
6100.0,high,mission_flight,36000.0,0.0,0.0,0.0,2786.944833,58.061351,36000.0,0.0,,pass,pass
6102.0,high,mission_flight,36000.0,0.0,0.0,0.0,2786.3115,58.048156,36000.0,0.0,,pass,pass
6104.0,high,mission_flight,36000.0,0.0,0.0,0.0,2785.678167,58.034962,36000.0,0.0,,pass,pass
6106.0,high,mission_flight,36000.0,0.0,0.0,0.0,2785.044833,58.021767,36000.0,0.0,,pass,pass
6108.0,high,mission_flight,36000.0,0.0,0.0,0.0,2784.4115,58.008573,36000.0,0.0,,pass,pass
6110.0,high,mission_flight,36000.0,0.0,0.0,0.0,2783.778167,57.995378,36000.0,0.0,,pass,pass
6112.0,high,mission_flight,36000.0,0.0,0.0,0.0,2783.144833,57.982184,36000.0,0.0,,pass,pass
6114.0,high,mission_flight,36000.0,0.0,0.0,0.0,2782.5115,57.96899,36000.0,0.0,,pass,pass
6116.0,high,mission_flight,36000.0,0.0,0.0,0.0,2781.878167,57.955795,36000.0,0.0,,pass,pass
6118.0,high,mission_flight,36000.0,0.0,0.0,0.0,2781.244833,57.942601,36000.0,0.0,,pass,pass
6120.0,high,mission_flight,36000.0,0.0,0.0,0.0,2780.6115,57.929406,36000.0,0.0,,pass,pass
6122.0,high,mission_flight,36000.0,0.0,0.0,0.0,2779.978167,57.916212,36000.0,0.0,,pass,pass
6124.0,high,mission_flight,36000.0,0.0,0.0,0.0,2779.344833,57.903017,36000.0,0.0,,pass,pass
6126.0,high,mission_flight,36000.0,0.0,0.0,0.0,2778.7115,57.889823,36000.0,0.0,,pass,pass
6128.0,high,mission_flight,36000.0,0.0,0.0,0.0,2778.078167,57.876628,36000.0,0.0,,pass,pass
6130.0,high,mission_flight,36000.0,0.0,0.0,0.0,2777.444833,57.863434,36000.0,0.0,,pass,pass
6132.0,high,mission_flight,36000.0,0.0,0.0,0.0,2776.8115,57.85024,36000.0,0.0,,pass,pass
6134.0,high,mission_flight,36000.0,0.0,0.0,0.0,2776.178167,57.837045,36000.0,0.0,,pass,pass
6136.0,high,mission_flight,36000.0,0.0,0.0,0.0,2775.544833,57.823851,36000.0,0.0,,pass,pass
6138.0,high,mission_flight,36000.0,0.0,0.0,0.0,2774.9115,57.810656,36000.0,0.0,,pass,pass
6140.0,high,mission_flight,36000.0,0.0,0.0,0.0,2774.278167,57.797462,36000.0,0.0,,pass,pass
6142.0,high,mission_flight,36000.0,0.0,0.0,0.0,2773.644833,57.784267,36000.0,0.0,,pass,pass
6144.0,high,mission_flight,36000.0,0.0,0.0,0.0,2773.0115,57.771073,36000.0,0.0,,pass,pass
6146.0,high,mission_flight,36000.0,0.0,0.0,0.0,2772.378167,57.757878,36000.0,0.0,,pass,pass
6148.0,high,mission_flight,36000.0,0.0,0.0,0.0,2771.744833,57.744684,36000.0,0.0,,pass,pass
6150.0,high,mission_flight,36000.0,0.0,0.0,0.0,2771.1115,57.73149,36000.0,0.0,,pass,pass
6152.0,high,mission_flight,36000.0,0.0,0.0,0.0,2770.478167,57.718295,36000.0,0.0,,pass,pass
6154.0,high,mission_flight,36000.0,0.0,0.0,0.0,2769.844833,57.705101,36000.0,0.0,,pass,pass
6156.0,high,mission_flight,36000.0,0.0,0.0,0.0,2769.2115,57.691906,36000.0,0.0,,pass,pass
6158.0,high,mission_flight,36000.0,0.0,0.0,0.0,2768.578167,57.678712,36000.0,0.0,,pass,pass
6160.0,high,mission_flight,36000.0,0.0,0.0,0.0,2767.944833,57.665517,36000.0,0.0,,pass,pass
6162.0,high,mission_flight,36000.0,0.0,0.0,0.0,2767.3115,57.652323,36000.0,0.0,,pass,pass
6164.0,high,mission_flight,36000.0,0.0,0.0,0.0,2766.678167,57.639128,36000.0,0.0,,pass,pass
6166.0,high,mission_flight,36000.0,0.0,0.0,0.0,2766.044833,57.625934,36000.0,0.0,,pass,pass
6168.0,high,mission_flight,36000.0,0.0,0.0,0.0,2765.4115,57.61274,36000.0,0.0,,pass,pass
6170.0,high,mission_flight,36000.0,0.0,0.0,0.0,2764.778167,57.599545,36000.0,0.0,,pass,pass
6172.0,high,mission_flight,36000.0,0.0,0.0,0.0,2764.144833,57.586351,36000.0,0.0,,pass,pass
6174.0,high,mission_flight,36000.0,0.0,0.0,0.0,2763.5115,57.573156,36000.0,0.0,,pass,pass
6176.0,high,mission_flight,36000.0,0.0,0.0,0.0,2762.878167,57.559962,36000.0,0.0,,pass,pass
6178.0,high,mission_flight,36000.0,0.0,0.0,0.0,2762.244833,57.546767,36000.0,0.0,,pass,pass
6180.0,high,mission_flight,36000.0,0.0,0.0,0.0,2761.6115,57.533573,36000.0,0.0,,pass,pass
6182.0,high,mission_flight,36000.0,0.0,0.0,0.0,2760.978167,57.520378,36000.0,0.0,,pass,pass
6184.0,high,mission_flight,36000.0,0.0,0.0,0.0,2760.344833,57.507184,36000.0,0.0,,pass,pass
6186.0,high,mission_flight,36000.0,0.0,0.0,0.0,2759.7115,57.49399,36000.0,0.0,,pass,pass
6188.0,high,mission_flight,36000.0,0.0,0.0,0.0,2759.078167,57.480795,36000.0,0.0,,pass,pass
6190.0,high,mission_flight,36000.0,0.0,0.0,0.0,2758.444833,57.467601,36000.0,0.0,,pass,pass
6192.0,high,mission_flight,36000.0,0.0,0.0,0.0,2757.8115,57.454406,36000.0,0.0,,pass,pass
6194.0,high,mission_flight,36000.0,0.0,0.0,0.0,2757.178167,57.441212,36000.0,0.0,,pass,pass
6196.0,high,mission_flight,36000.0,0.0,0.0,0.0,2756.544833,57.428017,36000.0,0.0,,pass,pass
6198.0,high,mission_flight,36000.0,0.0,0.0,0.0,2755.9115,57.414823,36000.0,0.0,,pass,pass
6200.0,high,mission_flight,36000.0,0.0,0.0,0.0,2755.278167,57.401628,36000.0,0.0,,pass,pass
6202.0,high,mission_flight,36000.0,0.0,0.0,0.0,2754.644833,57.388434,36000.0,0.0,,pass,pass
6204.0,high,mission_flight,36000.0,0.0,0.0,0.0,2754.0115,57.37524,36000.0,0.0,,pass,pass
6206.0,high,mission_flight,36000.0,0.0,0.0,0.0,2753.378167,57.362045,36000.0,0.0,,pass,pass
6208.0,high,mission_flight,36000.0,0.0,0.0,0.0,2752.744833,57.348851,36000.0,0.0,,pass,pass
6210.0,high,mission_flight,36000.0,0.0,0.0,0.0,2752.1115,57.335656,36000.0,0.0,,pass,pass
6212.0,high,mission_flight,36000.0,0.0,0.0,0.0,2751.478167,57.322462,36000.0,0.0,,pass,pass
6214.0,high,mission_flight,36000.0,0.0,0.0,0.0,2750.844833,57.309267,36000.0,0.0,,pass,pass
6216.0,high,mission_flight,36000.0,0.0,0.0,0.0,2750.2115,57.296073,36000.0,0.0,,pass,pass
6218.0,high,mission_flight,36000.0,0.0,0.0,0.0,2749.578167,57.282878,36000.0,0.0,,pass,pass
6220.0,high,mission_flight,36000.0,0.0,0.0,0.0,2748.944833,57.269684,36000.0,0.0,,pass,pass
6222.0,high,mission_flight,36000.0,0.0,0.0,0.0,2748.3115,57.25649,36000.0,0.0,,pass,pass
6224.0,high,mission_flight,36000.0,0.0,0.0,0.0,2747.678167,57.243295,36000.0,0.0,,pass,pass
6226.0,high,mission_flight,36000.0,0.0,0.0,0.0,2747.044833,57.230101,36000.0,0.0,,pass,pass
6228.0,high,mission_flight,36000.0,0.0,0.0,0.0,2746.4115,57.216906,36000.0,0.0,,pass,pass
6230.0,high,mission_flight,36000.0,0.0,0.0,0.0,2745.778167,57.203712,36000.0,0.0,,pass,pass
6232.0,high,mission_flight,36000.0,0.0,0.0,0.0,2745.144833,57.190517,36000.0,0.0,,pass,pass
6234.0,high,mission_flight,36000.0,0.0,0.0,0.0,2744.5115,57.177323,36000.0,0.0,,pass,pass
6236.0,high,mission_flight,36000.0,0.0,0.0,0.0,2743.878167,57.164128,36000.0,0.0,,pass,pass
6238.0,high,mission_flight,36000.0,0.0,0.0,0.0,2743.244833,57.150934,36000.0,0.0,,pass,pass
6240.0,high,mission_flight,36000.0,0.0,0.0,0.0,2742.6115,57.13774,36000.0,0.0,,pass,pass
6242.0,high,mission_flight,36000.0,0.0,0.0,0.0,2741.978167,57.124545,36000.0,0.0,,pass,pass
6244.0,high,mission_flight,36000.0,0.0,0.0,0.0,2741.344833,57.111351,36000.0,0.0,,pass,pass
6246.0,high,mission_flight,36000.0,0.0,0.0,0.0,2740.7115,57.098156,36000.0,0.0,,pass,pass
6248.0,high,mission_flight,36000.0,0.0,0.0,0.0,2740.078167,57.084962,36000.0,0.0,,pass,pass
6250.0,high,mission_flight,36000.0,0.0,0.0,0.0,2739.444833,57.071767,36000.0,0.0,,pass,pass
6252.0,high,mission_flight,36000.0,0.0,0.0,0.0,2738.8115,57.058573,36000.0,0.0,,pass,pass
6254.0,high,mission_flight,36000.0,0.0,0.0,0.0,2738.178167,57.045378,36000.0,0.0,,pass,pass
6256.0,high,mission_flight,36000.0,0.0,0.0,0.0,2737.544833,57.032184,36000.0,0.0,,pass,pass
6258.0,high,mission_flight,36000.0,0.0,0.0,0.0,2736.9115,57.01899,36000.0,0.0,,pass,pass
6260.0,high,mission_flight,36000.0,0.0,0.0,0.0,2736.278167,57.005795,36000.0,0.0,,pass,pass
6262.0,high,mission_flight,36000.0,0.0,0.0,0.0,2735.644833,56.992601,36000.0,0.0,,pass,pass
6264.0,high,mission_flight,36000.0,0.0,0.0,0.0,2735.0115,56.979406,36000.0,0.0,,pass,pass
6266.0,high,mission_flight,36000.0,0.0,0.0,0.0,2734.378167,56.966212,36000.0,0.0,,pass,pass
6268.0,high,mission_flight,36000.0,0.0,0.0,0.0,2733.744833,56.953017,36000.0,0.0,,pass,pass
6270.0,high,mission_flight,36000.0,0.0,0.0,0.0,2733.1115,56.939823,36000.0,0.0,,pass,pass
6272.0,high,mission_flight,36000.0,0.0,0.0,0.0,2732.478167,56.926628,36000.0,0.0,,pass,pass
6274.0,high,mission_flight,36000.0,0.0,0.0,0.0,2731.844833,56.913434,36000.0,0.0,,pass,pass
6276.0,high,mission_flight,36000.0,0.0,0.0,0.0,2731.2115,56.90024,36000.0,0.0,,pass,pass
6278.0,high,mission_flight,36000.0,0.0,0.0,0.0,2730.578167,56.887045,36000.0,0.0,,pass,pass
6280.0,high,mission_flight,36000.0,0.0,0.0,0.0,2729.944833,56.873851,36000.0,0.0,,pass,pass
6282.0,high,mission_flight,36000.0,0.0,0.0,0.0,2729.3115,56.860656,36000.0,0.0,,pass,pass
6284.0,high,mission_flight,36000.0,0.0,0.0,0.0,2728.678167,56.847462,36000.0,0.0,,pass,pass
6286.0,high,mission_flight,36000.0,0.0,0.0,0.0,2728.044833,56.834267,36000.0,0.0,,pass,pass
6288.0,high,mission_flight,36000.0,0.0,0.0,0.0,2727.4115,56.821073,36000.0,0.0,,pass,pass
6290.0,high,mission_flight,36000.0,0.0,0.0,0.0,2726.778167,56.807878,36000.0,0.0,,pass,pass
6292.0,high,mission_flight,36000.0,0.0,0.0,0.0,2726.144833,56.794684,36000.0,0.0,,pass,pass
6294.0,high,mission_flight,36000.0,0.0,0.0,0.0,2725.5115,56.78149,36000.0,0.0,,pass,pass
6296.0,high,mission_flight,36000.0,0.0,0.0,0.0,2724.878167,56.768295,36000.0,0.0,,pass,pass
6298.0,high,mission_flight,36000.0,0.0,0.0,0.0,2724.244833,56.755101,36000.0,0.0,,pass,pass
6300.0,high,mission_flight,36000.0,0.0,0.0,0.0,2723.6115,56.741906,36000.0,0.0,,pass,pass
6302.0,high,mission_flight,36000.0,0.0,0.0,0.0,2722.978167,56.728712,36000.0,0.0,,pass,pass
6304.0,high,mission_flight,36000.0,0.0,0.0,0.0,2722.344833,56.715517,36000.0,0.0,,pass,pass
6306.0,high,mission_flight,36000.0,0.0,0.0,0.0,2721.7115,56.702323,36000.0,0.0,,pass,pass
6308.0,high,mission_flight,36000.0,0.0,0.0,0.0,2721.078167,56.689128,36000.0,0.0,,pass,pass
6310.0,high,mission_flight,36000.0,0.0,0.0,0.0,2720.444833,56.675934,36000.0,0.0,,pass,pass
6312.0,high,mission_flight,36000.0,0.0,0.0,0.0,2719.8115,56.66274,36000.0,0.0,,pass,pass
6314.0,high,mission_flight,36000.0,0.0,0.0,0.0,2719.178167,56.649545,36000.0,0.0,,pass,pass
6316.0,high,mission_flight,36000.0,0.0,0.0,0.0,2718.544833,56.636351,36000.0,0.0,,pass,pass
6318.0,high,mission_flight,36000.0,0.0,0.0,0.0,2717.9115,56.623156,36000.0,0.0,,pass,pass
6320.0,high,mission_flight,36000.0,0.0,0.0,0.0,2717.278167,56.609962,36000.0,0.0,,pass,pass
6322.0,high,mission_flight,36000.0,0.0,0.0,0.0,2716.644833,56.596767,36000.0,0.0,,pass,pass
6324.0,high,mission_flight,36000.0,0.0,0.0,0.0,2716.0115,56.583573,36000.0,0.0,,pass,pass
6326.0,high,mission_flight,36000.0,0.0,0.0,0.0,2715.378167,56.570378,36000.0,0.0,,pass,pass
6328.0,high,mission_flight,36000.0,0.0,0.0,0.0,2714.744833,56.557184,36000.0,0.0,,pass,pass
6330.0,high,mission_flight,36000.0,0.0,0.0,0.0,2714.1115,56.54399,36000.0,0.0,,pass,pass
6332.0,high,mission_flight,36000.0,0.0,0.0,0.0,2713.478167,56.530795,36000.0,0.0,,pass,pass
6334.0,high,mission_flight,36000.0,0.0,0.0,0.0,2712.844833,56.517601,36000.0,0.0,,pass,pass
6336.0,high,mission_flight,36000.0,0.0,0.0,0.0,2712.2115,56.504406,36000.0,0.0,,pass,pass
6338.0,high,mission_flight,36000.0,0.0,0.0,0.0,2711.578167,56.491212,36000.0,0.0,,pass,pass
6340.0,high,mission_flight,36000.0,0.0,0.0,0.0,2710.944833,56.478017,36000.0,0.0,,pass,pass
6342.0,high,mission_flight,36000.0,0.0,0.0,0.0,2710.3115,56.464823,36000.0,0.0,,pass,pass
6344.0,high,mission_flight,36000.0,0.0,0.0,0.0,2709.678167,56.451628,36000.0,0.0,,pass,pass
6346.0,high,mission_flight,36000.0,0.0,0.0,0.0,2709.044833,56.438434,36000.0,0.0,,pass,pass
6348.0,high,mission_flight,36000.0,0.0,0.0,0.0,2708.4115,56.42524,36000.0,0.0,,pass,pass
6350.0,high,mission_flight,36000.0,0.0,0.0,0.0,2707.778167,56.412045,36000.0,0.0,,pass,pass
6352.0,high,mission_flight,36000.0,0.0,0.0,0.0,2707.144833,56.398851,36000.0,0.0,,pass,pass
6354.0,high,mission_flight,36000.0,0.0,0.0,0.0,2706.5115,56.385656,36000.0,0.0,,pass,pass
6356.0,high,mission_flight,36000.0,0.0,0.0,0.0,2705.878167,56.372462,36000.0,0.0,,pass,pass
6358.0,high,mission_flight,36000.0,0.0,0.0,0.0,2705.244833,56.359267,36000.0,0.0,,pass,pass
6360.0,high,mission_flight,36000.0,0.0,0.0,0.0,2704.6115,56.346073,36000.0,0.0,,pass,pass
6362.0,high,mission_flight,36000.0,0.0,0.0,0.0,2703.978167,56.332878,36000.0,0.0,,pass,pass
6364.0,high,mission_flight,36000.0,0.0,0.0,0.0,2703.344833,56.319684,36000.0,0.0,,pass,pass
6366.0,high,mission_flight,36000.0,0.0,0.0,0.0,2702.7115,56.30649,36000.0,0.0,,pass,pass
6368.0,high,mission_flight,36000.0,0.0,0.0,0.0,2702.078167,56.293295,36000.0,0.0,,pass,pass
6370.0,high,mission_flight,36000.0,0.0,0.0,0.0,2701.444833,56.280101,36000.0,0.0,,pass,pass
6372.0,high,mission_flight,36000.0,0.0,0.0,0.0,2700.8115,56.266906,36000.0,0.0,,pass,pass
6374.0,high,mission_flight,36000.0,0.0,0.0,0.0,2700.178167,56.253712,36000.0,0.0,,pass,pass
6376.0,high,mission_flight,36000.0,0.0,0.0,0.0,2699.544833,56.240517,36000.0,0.0,,pass,pass
6378.0,high,mission_flight,36000.0,0.0,0.0,0.0,2698.9115,56.227323,36000.0,0.0,,pass,pass
6380.0,high,mission_flight,36000.0,0.0,0.0,0.0,2698.278167,56.214128,36000.0,0.0,,pass,pass
6382.0,high,mission_flight,36000.0,0.0,0.0,0.0,2697.644833,56.200934,36000.0,0.0,,pass,pass
6384.0,high,mission_flight,36000.0,0.0,0.0,0.0,2697.0115,56.18774,36000.0,0.0,,pass,pass
6386.0,high,mission_flight,36000.0,0.0,0.0,0.0,2696.378167,56.174545,36000.0,0.0,,pass,pass
6388.0,high,mission_flight,36000.0,0.0,0.0,0.0,2695.744833,56.161351,36000.0,0.0,,pass,pass
6390.0,high,mission_flight,36000.0,0.0,0.0,0.0,2695.1115,56.148156,36000.0,0.0,,pass,pass
6392.0,high,mission_flight,36000.0,0.0,0.0,0.0,2694.478167,56.134962,36000.0,0.0,,pass,pass
6394.0,high,mission_flight,36000.0,0.0,0.0,0.0,2693.844833,56.121767,36000.0,0.0,,pass,pass
6396.0,high,mission_flight,36000.0,0.0,0.0,0.0,2693.2115,56.108573,36000.0,0.0,,pass,pass
6398.0,high,mission_flight,36000.0,0.0,0.0,0.0,2692.578167,56.095378,36000.0,0.0,,pass,pass
6400.0,high,mission_flight,36000.0,0.0,0.0,0.0,2691.944833,56.082184,36000.0,0.0,,pass,pass
6402.0,high,mission_flight,36000.0,0.0,0.0,0.0,2691.3115,56.06899,36000.0,0.0,,pass,pass
6404.0,high,mission_flight,36000.0,0.0,0.0,0.0,2690.678167,56.055795,36000.0,0.0,,pass,pass
6406.0,high,mission_flight,36000.0,0.0,0.0,0.0,2690.044833,56.042601,36000.0,0.0,,pass,pass
6408.0,high,mission_flight,36000.0,0.0,0.0,0.0,2689.4115,56.029406,36000.0,0.0,,pass,pass
6410.0,high,mission_flight,36000.0,0.0,0.0,0.0,2688.778167,56.016212,36000.0,0.0,,pass,pass
6412.0,high,mission_flight,36000.0,0.0,0.0,0.0,2688.144833,56.003017,36000.0,0.0,,pass,pass
6414.0,high,mission_flight,36000.0,0.0,0.0,0.0,2687.5115,55.989823,36000.0,0.0,,pass,pass
6416.0,high,mission_flight,36000.0,0.0,0.0,0.0,2686.878167,55.976628,36000.0,0.0,,pass,pass
6418.0,high,mission_flight,36000.0,0.0,0.0,0.0,2686.244833,55.963434,36000.0,0.0,,pass,pass
6420.0,high,mission_flight,36000.0,0.0,0.0,0.0,2685.6115,55.95024,36000.0,0.0,,pass,pass
6422.0,high,mission_flight,36000.0,0.0,0.0,0.0,2684.978167,55.937045,36000.0,0.0,,pass,pass
6424.0,high,mission_flight,36000.0,0.0,0.0,0.0,2684.344833,55.923851,36000.0,0.0,,pass,pass
6426.0,high,mission_flight,36000.0,0.0,0.0,0.0,2683.7115,55.910656,36000.0,0.0,,pass,pass
6428.0,high,mission_flight,36000.0,0.0,0.0,0.0,2683.078167,55.897462,36000.0,0.0,,pass,pass
6430.0,high,mission_flight,36000.0,0.0,0.0,0.0,2682.444833,55.884267,36000.0,0.0,,pass,pass
6432.0,high,mission_flight,36000.0,0.0,0.0,0.0,2681.8115,55.871073,36000.0,0.0,,pass,pass
6434.0,high,mission_flight,36000.0,0.0,0.0,0.0,2681.178167,55.857878,36000.0,0.0,,pass,pass
6436.0,high,mission_flight,36000.0,0.0,0.0,0.0,2680.544833,55.844684,36000.0,0.0,,pass,pass
6438.0,high,mission_flight,36000.0,0.0,0.0,0.0,2679.9115,55.83149,36000.0,0.0,,pass,pass
6440.0,high,mission_flight,36000.0,0.0,0.0,0.0,2679.278167,55.818295,36000.0,0.0,,pass,pass
6442.0,high,mission_flight,36000.0,0.0,0.0,0.0,2678.644833,55.805101,36000.0,0.0,,pass,pass
6444.0,high,mission_flight,36000.0,0.0,0.0,0.0,2678.0115,55.791906,36000.0,0.0,,pass,pass
6446.0,high,mission_flight,36000.0,0.0,0.0,0.0,2677.378167,55.778712,36000.0,0.0,,pass,pass
6448.0,high,mission_flight,36000.0,0.0,0.0,0.0,2676.744833,55.765517,36000.0,0.0,,pass,pass
6450.0,high,mission_flight,36000.0,0.0,0.0,0.0,2676.1115,55.752323,36000.0,0.0,,pass,pass
6452.0,high,mission_flight,36000.0,0.0,0.0,0.0,2675.478167,55.739128,36000.0,0.0,,pass,pass
6454.0,high,mission_flight,36000.0,0.0,0.0,0.0,2674.844833,55.725934,36000.0,0.0,,pass,pass
6456.0,high,mission_flight,36000.0,0.0,0.0,0.0,2674.2115,55.71274,36000.0,0.0,,pass,pass
6458.0,high,mission_flight,36000.0,0.0,0.0,0.0,2673.578167,55.699545,36000.0,0.0,,pass,pass
6460.0,high,mission_flight,36000.0,0.0,0.0,0.0,2672.944833,55.686351,36000.0,0.0,,pass,pass
6462.0,high,mission_flight,36000.0,0.0,0.0,0.0,2672.3115,55.673156,36000.0,0.0,,pass,pass
6464.0,high,mission_flight,36000.0,0.0,0.0,0.0,2671.678167,55.659962,36000.0,0.0,,pass,pass
6466.0,high,mission_flight,36000.0,0.0,0.0,0.0,2671.044833,55.646767,36000.0,0.0,,pass,pass
6468.0,high,mission_flight,36000.0,0.0,0.0,0.0,2670.4115,55.633573,36000.0,0.0,,pass,pass
6470.0,high,mission_flight,36000.0,0.0,0.0,0.0,2669.778167,55.620378,36000.0,0.0,,pass,pass
6472.0,high,mission_flight,36000.0,0.0,0.0,0.0,2669.144833,55.607184,36000.0,0.0,,pass,pass
6474.0,high,mission_flight,36000.0,0.0,0.0,0.0,2668.5115,55.59399,36000.0,0.0,,pass,pass
6476.0,high,mission_flight,36000.0,0.0,0.0,0.0,2667.878167,55.580795,36000.0,0.0,,pass,pass
6478.0,high,mission_flight,36000.0,0.0,0.0,0.0,2667.244833,55.567601,36000.0,0.0,,pass,pass
6480.0,high,mission_flight,36000.0,0.0,0.0,0.0,2666.6115,55.554406,36000.0,0.0,,pass,pass
6482.0,high,mission_flight,36000.0,0.0,0.0,0.0,2665.978167,55.541212,36000.0,0.0,,pass,pass
6484.0,high,mission_flight,36000.0,0.0,0.0,0.0,2665.344833,55.528017,36000.0,0.0,,pass,pass
6486.0,high,mission_flight,36000.0,0.0,0.0,0.0,2664.7115,55.514823,36000.0,0.0,,pass,pass
6488.0,high,mission_flight,36000.0,0.0,0.0,0.0,2664.078167,55.501628,36000.0,0.0,,pass,pass
6490.0,high,mission_flight,36000.0,0.0,0.0,0.0,2663.444833,55.488434,36000.0,0.0,,pass,pass
6492.0,high,mission_flight,36000.0,0.0,0.0,0.0,2662.8115,55.47524,36000.0,0.0,,pass,pass
6494.0,high,mission_flight,36000.0,0.0,0.0,0.0,2662.178167,55.462045,36000.0,0.0,,pass,pass
6496.0,high,mission_flight,36000.0,0.0,0.0,0.0,2661.544833,55.448851,36000.0,0.0,,pass,pass
6498.0,high,mission_flight,36000.0,0.0,0.0,0.0,2660.9115,55.435656,36000.0,0.0,,pass,pass
6500.0,high,mission_flight,36000.0,0.0,0.0,0.0,2660.278167,55.422462,36000.0,0.0,,pass,pass
6502.0,high,mission_flight,36000.0,0.0,0.0,0.0,2659.644833,55.409267,36000.0,0.0,,pass,pass
6504.0,high,mission_flight,36000.0,0.0,0.0,0.0,2659.0115,55.396073,36000.0,0.0,,pass,pass
6506.0,high,mission_flight,36000.0,0.0,0.0,0.0,2658.378167,55.382878,36000.0,0.0,,pass,pass
6508.0,high,mission_flight,36000.0,0.0,0.0,0.0,2657.744833,55.369684,36000.0,0.0,,pass,pass
6510.0,high,mission_flight,36000.0,0.0,0.0,0.0,2657.1115,55.35649,36000.0,0.0,,pass,pass
6512.0,high,mission_flight,36000.0,0.0,0.0,0.0,2656.478167,55.343295,36000.0,0.0,,pass,pass
6514.0,high,mission_flight,36000.0,0.0,0.0,0.0,2655.844833,55.330101,36000.0,0.0,,pass,pass
6516.0,high,mission_flight,36000.0,0.0,0.0,0.0,2655.2115,55.316906,36000.0,0.0,,pass,pass
6518.0,high,mission_flight,36000.0,0.0,0.0,0.0,2654.578167,55.303712,36000.0,0.0,,pass,pass
6520.0,high,mission_flight,36000.0,0.0,0.0,0.0,2653.944833,55.290517,36000.0,0.0,,pass,pass
6522.0,high,mission_flight,36000.0,0.0,0.0,0.0,2653.3115,55.277323,36000.0,0.0,,pass,pass
6524.0,high,mission_flight,36000.0,0.0,0.0,0.0,2652.678167,55.264128,36000.0,0.0,,pass,pass
6526.0,high,mission_flight,36000.0,0.0,0.0,0.0,2652.044833,55.250934,36000.0,0.0,,pass,pass
6528.0,high,mission_flight,36000.0,0.0,0.0,0.0,2651.4115,55.23774,36000.0,0.0,,pass,pass
6530.0,high,mission_flight,36000.0,0.0,0.0,0.0,2650.778167,55.224545,36000.0,0.0,,pass,pass
6532.0,high,mission_flight,36000.0,0.0,0.0,0.0,2650.144833,55.211351,36000.0,0.0,,pass,pass
6534.0,high,mission_flight,36000.0,0.0,0.0,0.0,2649.5115,55.198156,36000.0,0.0,,pass,pass
6536.0,high,mission_flight,36000.0,0.0,0.0,0.0,2648.878167,55.184962,36000.0,0.0,,pass,pass
6538.0,high,mission_flight,36000.0,0.0,0.0,0.0,2648.244833,55.171767,36000.0,0.0,,pass,pass
6540.0,high,mission_flight,36000.0,0.0,0.0,0.0,2647.6115,55.158573,36000.0,0.0,,pass,pass
6542.0,high,mission_flight,36000.0,0.0,0.0,0.0,2646.978167,55.145378,36000.0,0.0,,pass,pass
6544.0,high,mission_flight,36000.0,0.0,0.0,0.0,2646.344833,55.132184,36000.0,0.0,,pass,pass
6546.0,high,mission_flight,36000.0,0.0,0.0,0.0,2645.7115,55.11899,36000.0,0.0,,pass,pass
6548.0,high,mission_flight,36000.0,0.0,0.0,0.0,2645.078167,55.105795,36000.0,0.0,,pass,pass
6550.0,high,mission_flight,36000.0,0.0,0.0,0.0,2644.444833,55.092601,36000.0,0.0,,pass,pass
6552.0,high,mission_flight,36000.0,0.0,0.0,0.0,2643.8115,55.079406,36000.0,0.0,,pass,pass
6554.0,high,mission_flight,36000.0,0.0,0.0,0.0,2643.178167,55.066212,36000.0,0.0,,pass,pass
6556.0,high,mission_flight,36000.0,0.0,0.0,0.0,2642.544833,55.053017,36000.0,0.0,,pass,pass
6558.0,high,mission_flight,36000.0,0.0,0.0,0.0,2641.9115,55.039823,36000.0,0.0,,pass,pass
6560.0,high,mission_flight,36000.0,0.0,0.0,0.0,2641.278167,55.026628,36000.0,0.0,,pass,pass
6562.0,high,mission_flight,36000.0,0.0,0.0,0.0,2640.644833,55.013434,36000.0,0.0,,pass,pass
6564.0,high,mission_flight,36000.0,0.0,0.0,0.0,2640.0115,55.00024,36000.0,0.0,,pass,pass
6566.0,high,mission_flight,36000.0,0.0,0.0,0.0,2639.378167,54.987045,36000.0,0.0,,pass,pass
6568.0,high,mission_flight,36000.0,0.0,0.0,0.0,2638.744833,54.973851,36000.0,0.0,,pass,pass
6570.0,high,mission_flight,36000.0,0.0,0.0,0.0,2638.1115,54.960656,36000.0,0.0,,pass,pass
6572.0,high,mission_flight,36000.0,0.0,0.0,0.0,2637.478167,54.947462,36000.0,0.0,,pass,pass
6574.0,high,mission_flight,36000.0,0.0,0.0,0.0,2636.844833,54.934267,36000.0,0.0,,pass,pass
6576.0,high,mission_flight,36000.0,0.0,0.0,0.0,2636.2115,54.921073,36000.0,0.0,,pass,pass
6578.0,high,mission_flight,36000.0,0.0,0.0,0.0,2635.578167,54.907878,36000.0,0.0,,pass,pass
6580.0,high,mission_flight,36000.0,0.0,0.0,0.0,2634.944833,54.894684,36000.0,0.0,,pass,pass
6582.0,high,mission_flight,36000.0,0.0,0.0,0.0,2634.3115,54.88149,36000.0,0.0,,pass,pass
6584.0,high,mission_flight,36000.0,0.0,0.0,0.0,2633.678167,54.868295,36000.0,0.0,,pass,pass
6586.0,high,mission_flight,36000.0,0.0,0.0,0.0,2633.044833,54.855101,36000.0,0.0,,pass,pass
6588.0,high,mission_flight,36000.0,0.0,0.0,0.0,2632.4115,54.841906,36000.0,0.0,,pass,pass
6590.0,high,mission_flight,36000.0,0.0,0.0,0.0,2631.778167,54.828712,36000.0,0.0,,pass,pass
6592.0,high,mission_flight,36000.0,0.0,0.0,0.0,2631.144833,54.815517,36000.0,0.0,,pass,pass
6594.0,high,mission_flight,36000.0,0.0,0.0,0.0,2630.5115,54.802323,36000.0,0.0,,pass,pass
6596.0,high,mission_flight,36000.0,0.0,0.0,0.0,2629.878167,54.789128,36000.0,0.0,,pass,pass
6598.0,high,mission_flight,36000.0,0.0,0.0,0.0,2629.244833,54.775934,36000.0,0.0,,pass,pass
6600.0,high,mission_flight,36000.0,0.0,0.0,0.0,2628.6115,54.76274,36000.0,0.0,,pass,pass
6602.0,high,mission_flight,36000.0,0.0,0.0,0.0,2627.978167,54.749545,36000.0,0.0,,pass,pass
6604.0,high,mission_flight,36000.0,0.0,0.0,0.0,2627.344833,54.736351,36000.0,0.0,,pass,pass
6606.0,high,mission_flight,36000.0,0.0,0.0,0.0,2626.7115,54.723156,36000.0,0.0,,pass,pass
6608.0,high,mission_flight,36000.0,0.0,0.0,0.0,2626.078167,54.709962,36000.0,0.0,,pass,pass
6610.0,high,mission_flight,36000.0,0.0,0.0,0.0,2625.444833,54.696767,36000.0,0.0,,pass,pass
6612.0,high,mission_flight,36000.0,0.0,0.0,0.0,2624.8115,54.683573,36000.0,0.0,,pass,pass
6614.0,high,mission_flight,36000.0,0.0,0.0,0.0,2624.178167,54.670378,36000.0,0.0,,pass,pass
6616.0,high,mission_flight,36000.0,0.0,0.0,0.0,2623.544833,54.657184,36000.0,0.0,,pass,pass
6618.0,high,mission_flight,36000.0,0.0,0.0,0.0,2622.9115,54.64399,36000.0,0.0,,pass,pass
6620.0,high,mission_flight,36000.0,0.0,0.0,0.0,2622.278167,54.630795,36000.0,0.0,,pass,pass
6622.0,high,mission_flight,36000.0,0.0,0.0,0.0,2621.644833,54.617601,36000.0,0.0,,pass,pass
6624.0,high,mission_flight,36000.0,0.0,0.0,0.0,2621.0115,54.604406,36000.0,0.0,,pass,pass
6626.0,high,mission_flight,36000.0,0.0,0.0,0.0,2620.378167,54.591212,36000.0,0.0,,pass,pass
6628.0,high,mission_flight,36000.0,0.0,0.0,0.0,2619.744833,54.578017,36000.0,0.0,,pass,pass
6630.0,high,mission_flight,36000.0,0.0,0.0,0.0,2619.1115,54.564823,36000.0,0.0,,pass,pass
6632.0,high,mission_flight,36000.0,0.0,0.0,0.0,2618.478167,54.551628,36000.0,0.0,,pass,pass
6634.0,high,mission_flight,36000.0,0.0,0.0,0.0,2617.844833,54.538434,36000.0,0.0,,pass,pass
6636.0,high,mission_flight,36000.0,0.0,0.0,0.0,2617.2115,54.52524,36000.0,0.0,,pass,pass
6638.0,high,mission_flight,36000.0,0.0,0.0,0.0,2616.578167,54.512045,36000.0,0.0,,pass,pass
6640.0,high,mission_flight,36000.0,0.0,0.0,0.0,2615.944833,54.498851,36000.0,0.0,,pass,pass
6642.0,high,mission_flight,36000.0,0.0,0.0,0.0,2615.3115,54.485656,36000.0,0.0,,pass,pass
6644.0,high,mission_flight,36000.0,0.0,0.0,0.0,2614.678167,54.472462,36000.0,0.0,,pass,pass
6646.0,high,mission_flight,36000.0,0.0,0.0,0.0,2614.044833,54.459267,36000.0,0.0,,pass,pass
6648.0,high,mission_flight,36000.0,0.0,0.0,0.0,2613.4115,54.446073,36000.0,0.0,,pass,pass
6650.0,high,mission_flight,36000.0,0.0,0.0,0.0,2612.778167,54.432878,36000.0,0.0,,pass,pass
6652.0,high,mission_flight,36000.0,0.0,0.0,0.0,2612.144833,54.419684,36000.0,0.0,,pass,pass
6654.0,high,mission_flight,36000.0,0.0,0.0,0.0,2611.5115,54.40649,36000.0,0.0,,pass,pass
6656.0,high,mission_flight,36000.0,0.0,0.0,0.0,2610.878167,54.393295,36000.0,0.0,,pass,pass
6658.0,high,mission_flight,36000.0,0.0,0.0,0.0,2610.244833,54.380101,36000.0,0.0,,pass,pass
6660.0,high,mission_flight,36000.0,0.0,0.0,0.0,2609.6115,54.366906,36000.0,0.0,,pass,pass
6662.0,high,mission_flight,36000.0,0.0,0.0,0.0,2608.978167,54.353712,36000.0,0.0,,pass,pass
6664.0,high,mission_flight,36000.0,0.0,0.0,0.0,2608.344833,54.340517,36000.0,0.0,,pass,pass
6666.0,high,mission_flight,36000.0,0.0,0.0,0.0,2607.7115,54.327323,36000.0,0.0,,pass,pass
6668.0,high,mission_flight,36000.0,0.0,0.0,0.0,2607.078167,54.314128,36000.0,0.0,,pass,pass
6670.0,high,mission_flight,36000.0,0.0,0.0,0.0,2606.444833,54.300934,36000.0,0.0,,pass,pass
6672.0,high,mission_flight,36000.0,0.0,0.0,0.0,2605.8115,54.28774,36000.0,0.0,,pass,pass
6674.0,high,mission_flight,36000.0,0.0,0.0,0.0,2605.178167,54.274545,36000.0,0.0,,pass,pass
6676.0,high,mission_flight,36000.0,0.0,0.0,0.0,2604.544833,54.261351,36000.0,0.0,,pass,pass
6678.0,high,mission_flight,36000.0,0.0,0.0,0.0,2603.9115,54.248156,36000.0,0.0,,pass,pass
6680.0,high,mission_flight,36000.0,0.0,0.0,0.0,2603.278167,54.234962,36000.0,0.0,,pass,pass
6682.0,high,mission_flight,36000.0,0.0,0.0,0.0,2602.644833,54.221767,36000.0,0.0,,pass,pass
6684.0,high,mission_flight,36000.0,0.0,0.0,0.0,2602.0115,54.208573,36000.0,0.0,,pass,pass
6686.0,high,mission_flight,36000.0,0.0,0.0,0.0,2601.378167,54.195378,36000.0,0.0,,pass,pass
6688.0,high,mission_flight,36000.0,0.0,0.0,0.0,2600.744833,54.182184,36000.0,0.0,,pass,pass
6690.0,high,mission_flight,36000.0,0.0,0.0,0.0,2600.1115,54.16899,36000.0,0.0,,pass,pass
6692.0,high,mission_flight,36000.0,0.0,0.0,0.0,2599.478167,54.155795,36000.0,0.0,,pass,pass
6694.0,high,mission_flight,36000.0,0.0,0.0,0.0,2598.844833,54.142601,36000.0,0.0,,pass,pass
6696.0,high,mission_flight,36000.0,0.0,0.0,0.0,2598.2115,54.129406,36000.0,0.0,,pass,pass
6698.0,high,mission_flight,36000.0,0.0,0.0,0.0,2597.578167,54.116212,36000.0,0.0,,pass,pass
6700.0,high,mission_flight,36000.0,0.0,0.0,0.0,2596.944833,54.103017,36000.0,0.0,,pass,pass
6702.0,high,mission_flight,36000.0,0.0,0.0,0.0,2596.3115,54.089823,36000.0,0.0,,pass,pass
6704.0,high,mission_flight,36000.0,0.0,0.0,0.0,2595.678167,54.076628,36000.0,0.0,,pass,pass
6706.0,high,mission_flight,36000.0,0.0,0.0,0.0,2595.044833,54.063434,36000.0,0.0,,pass,pass
6708.0,high,mission_flight,36000.0,0.0,0.0,0.0,2594.4115,54.05024,36000.0,0.0,,pass,pass
6710.0,high,mission_flight,36000.0,0.0,0.0,0.0,2593.778167,54.037045,36000.0,0.0,,pass,pass
6712.0,high,mission_flight,36000.0,0.0,0.0,0.0,2593.144833,54.023851,36000.0,0.0,,pass,pass
6714.0,high,mission_flight,36000.0,0.0,0.0,0.0,2592.5115,54.010656,36000.0,0.0,,pass,pass
6716.0,high,mission_flight,36000.0,0.0,0.0,0.0,2591.878167,53.997462,36000.0,0.0,,pass,pass
6718.0,high,mission_flight,36000.0,0.0,0.0,0.0,2591.244833,53.984267,36000.0,0.0,,pass,pass
6720.0,high,mission_flight,36000.0,0.0,0.0,0.0,2590.6115,53.971073,36000.0,0.0,,pass,pass
6722.0,high,mission_flight,36000.0,0.0,0.0,0.0,2589.978167,53.957878,36000.0,0.0,,pass,pass
6724.0,high,mission_flight,36000.0,0.0,0.0,0.0,2589.344833,53.944684,36000.0,0.0,,pass,pass
6726.0,high,mission_flight,36000.0,0.0,0.0,0.0,2588.7115,53.93149,36000.0,0.0,,pass,pass
6728.0,high,mission_flight,36000.0,0.0,0.0,0.0,2588.078167,53.918295,36000.0,0.0,,pass,pass
6730.0,high,mission_flight,36000.0,0.0,0.0,0.0,2587.444833,53.905101,36000.0,0.0,,pass,pass
6732.0,high,mission_flight,36000.0,0.0,0.0,0.0,2586.8115,53.891906,36000.0,0.0,,pass,pass
6734.0,high,mission_flight,36000.0,0.0,0.0,0.0,2586.178167,53.878712,36000.0,0.0,,pass,pass
6736.0,high,mission_flight,36000.0,0.0,0.0,0.0,2585.544833,53.865517,36000.0,0.0,,pass,pass
6738.0,high,mission_flight,36000.0,0.0,0.0,0.0,2584.9115,53.852323,36000.0,0.0,,pass,pass
6740.0,high,mission_flight,36000.0,0.0,0.0,0.0,2584.278167,53.839128,36000.0,0.0,,pass,pass
6742.0,high,mission_flight,36000.0,0.0,0.0,0.0,2583.644833,53.825934,36000.0,0.0,,pass,pass
6744.0,high,mission_flight,36000.0,0.0,0.0,0.0,2583.0115,53.81274,36000.0,0.0,,pass,pass
6746.0,high,mission_flight,36000.0,0.0,0.0,0.0,2582.378167,53.799545,36000.0,0.0,,pass,pass
6748.0,high,mission_flight,36000.0,0.0,0.0,0.0,2581.744833,53.786351,36000.0,0.0,,pass,pass
6750.0,high,mission_flight,36000.0,0.0,0.0,0.0,2581.1115,53.773156,36000.0,0.0,,pass,pass
6752.0,high,mission_flight,36000.0,0.0,0.0,0.0,2580.478167,53.759962,36000.0,0.0,,pass,pass
6754.0,high,mission_flight,36000.0,0.0,0.0,0.0,2579.844833,53.746767,36000.0,0.0,,pass,pass
6756.0,high,mission_flight,36000.0,0.0,0.0,0.0,2579.2115,53.733573,36000.0,0.0,,pass,pass
6758.0,high,mission_flight,36000.0,0.0,0.0,0.0,2578.578167,53.720378,36000.0,0.0,,pass,pass
6760.0,high,mission_flight,36000.0,0.0,0.0,0.0,2577.944833,53.707184,36000.0,0.0,,pass,pass
6762.0,high,mission_flight,36000.0,0.0,0.0,0.0,2577.3115,53.69399,36000.0,0.0,,pass,pass
6764.0,high,mission_flight,36000.0,0.0,0.0,0.0,2576.678167,53.680795,36000.0,0.0,,pass,pass
6766.0,high,mission_flight,36000.0,0.0,0.0,0.0,2576.044833,53.667601,36000.0,0.0,,pass,pass
6768.0,high,mission_flight,36000.0,0.0,0.0,0.0,2575.4115,53.654406,36000.0,0.0,,pass,pass
6770.0,high,mission_flight,36000.0,0.0,0.0,0.0,2574.778167,53.641212,36000.0,0.0,,pass,pass
6772.0,high,mission_flight,36000.0,0.0,0.0,0.0,2574.144833,53.628017,36000.0,0.0,,pass,pass
6774.0,high,mission_flight,36000.0,0.0,0.0,0.0,2573.5115,53.614823,36000.0,0.0,,pass,pass
6776.0,high,mission_flight,36000.0,0.0,0.0,0.0,2572.878167,53.601628,36000.0,0.0,,pass,pass
6778.0,high,mission_flight,36000.0,0.0,0.0,0.0,2572.244833,53.588434,36000.0,0.0,,pass,pass
6780.0,high,mission_flight,36000.0,0.0,0.0,0.0,2571.6115,53.57524,36000.0,0.0,,pass,pass
6782.0,high,mission_flight,36000.0,0.0,0.0,0.0,2570.978167,53.562045,36000.0,0.0,,pass,pass
6784.0,high,mission_flight,36000.0,0.0,0.0,0.0,2570.344833,53.548851,36000.0,0.0,,pass,pass
6786.0,high,mission_flight,36000.0,0.0,0.0,0.0,2569.7115,53.535656,36000.0,0.0,,pass,pass
6788.0,high,mission_flight,36000.0,0.0,0.0,0.0,2569.078167,53.522462,36000.0,0.0,,pass,pass
6790.0,high,mission_flight,36000.0,0.0,0.0,0.0,2568.444833,53.509267,36000.0,0.0,,pass,pass
6792.0,high,mission_flight,36000.0,0.0,0.0,0.0,2567.8115,53.496073,36000.0,0.0,,pass,pass
6794.0,high,mission_flight,36000.0,0.0,0.0,0.0,2567.178167,53.482878,36000.0,0.0,,pass,pass
6796.0,high,mission_flight,36000.0,0.0,0.0,0.0,2566.544833,53.469684,36000.0,0.0,,pass,pass
6798.0,high,mission_flight,36000.0,0.0,0.0,0.0,2565.9115,53.45649,36000.0,0.0,,pass,pass
6800.0,high,mission_flight,36000.0,0.0,0.0,0.0,2565.278167,53.443295,36000.0,0.0,,pass,pass
6802.0,high,mission_flight,36000.0,0.0,0.0,0.0,2564.644833,53.430101,36000.0,0.0,,pass,pass
6804.0,high,mission_flight,36000.0,0.0,0.0,0.0,2564.0115,53.416906,36000.0,0.0,,pass,pass
6806.0,high,mission_flight,36000.0,0.0,0.0,0.0,2563.378167,53.403712,36000.0,0.0,,pass,pass
6808.0,high,mission_flight,36000.0,0.0,0.0,0.0,2562.744833,53.390517,36000.0,0.0,,pass,pass
6810.0,high,mission_flight,36000.0,0.0,0.0,0.0,2562.1115,53.377323,36000.0,0.0,,pass,pass
6812.0,high,mission_flight,36000.0,0.0,0.0,0.0,2561.478167,53.364128,36000.0,0.0,,pass,pass
6814.0,high,mission_flight,36000.0,0.0,0.0,0.0,2560.844833,53.350934,36000.0,0.0,,pass,pass
6816.0,high,mission_flight,36000.0,0.0,0.0,0.0,2560.2115,53.33774,36000.0,0.0,,pass,pass
6818.0,high,mission_flight,36000.0,0.0,0.0,0.0,2559.578167,53.324545,36000.0,0.0,,pass,pass
6820.0,high,mission_flight,36000.0,0.0,0.0,0.0,2558.944833,53.311351,36000.0,0.0,,pass,pass
6822.0,high,mission_flight,36000.0,0.0,0.0,0.0,2558.3115,53.298156,36000.0,0.0,,pass,pass
6824.0,high,mission_flight,36000.0,0.0,0.0,0.0,2557.678167,53.284962,36000.0,0.0,,pass,pass
6826.0,high,mission_flight,36000.0,0.0,0.0,0.0,2557.044833,53.271767,36000.0,0.0,,pass,pass
6828.0,high,mission_flight,36000.0,0.0,0.0,0.0,2556.4115,53.258573,36000.0,0.0,,pass,pass
6830.0,high,mission_flight,36000.0,0.0,0.0,0.0,2555.778167,53.245378,36000.0,0.0,,pass,pass
6832.0,high,mission_flight,36000.0,0.0,0.0,0.0,2555.144833,53.232184,36000.0,0.0,,pass,pass
6834.0,high,mission_flight,36000.0,0.0,0.0,0.0,2554.5115,53.21899,36000.0,0.0,,pass,pass
6836.0,high,mission_flight,36000.0,0.0,0.0,0.0,2553.878167,53.205795,36000.0,0.0,,pass,pass
6838.0,high,mission_flight,36000.0,0.0,0.0,0.0,2553.244833,53.192601,36000.0,0.0,,pass,pass
6840.0,high,mission_flight,36000.0,0.0,0.0,0.0,2552.6115,53.179406,36000.0,0.0,,pass,pass
6842.0,high,mission_flight,36000.0,0.0,0.0,0.0,2551.978167,53.166212,36000.0,0.0,,pass,pass
6844.0,high,mission_flight,36000.0,0.0,0.0,0.0,2551.344833,53.153017,36000.0,0.0,,pass,pass
6846.0,high,mission_flight,36000.0,0.0,0.0,0.0,2550.7115,53.139823,36000.0,0.0,,pass,pass
6848.0,high,mission_flight,36000.0,0.0,0.0,0.0,2550.078167,53.126628,36000.0,0.0,,pass,pass
6850.0,high,mission_flight,36000.0,0.0,0.0,0.0,2549.444833,53.113434,36000.0,0.0,,pass,pass
6852.0,high,mission_flight,36000.0,0.0,0.0,0.0,2548.8115,53.10024,36000.0,0.0,,pass,pass
6854.0,high,mission_flight,36000.0,0.0,0.0,0.0,2548.178167,53.087045,36000.0,0.0,,pass,pass
6856.0,high,mission_flight,36000.0,0.0,0.0,0.0,2547.544833,53.073851,36000.0,0.0,,pass,pass
6858.0,high,mission_flight,36000.0,0.0,0.0,0.0,2546.9115,53.060656,36000.0,0.0,,pass,pass
6860.0,high,mission_flight,36000.0,0.0,0.0,0.0,2546.278167,53.047462,36000.0,0.0,,pass,pass
6862.0,high,mission_flight,36000.0,0.0,0.0,0.0,2545.644833,53.034267,36000.0,0.0,,pass,pass
6864.0,high,mission_flight,36000.0,0.0,0.0,0.0,2545.0115,53.021073,36000.0,0.0,,pass,pass
6866.0,high,mission_flight,36000.0,0.0,0.0,0.0,2544.378167,53.007878,36000.0,0.0,,pass,pass
6868.0,high,mission_flight,36000.0,0.0,0.0,0.0,2543.744833,52.994684,36000.0,0.0,,pass,pass
6870.0,high,mission_flight,36000.0,0.0,0.0,0.0,2543.1115,52.98149,36000.0,0.0,,pass,pass
6872.0,high,mission_flight,36000.0,0.0,0.0,0.0,2542.478167,52.968295,36000.0,0.0,,pass,pass
6874.0,high,mission_flight,36000.0,0.0,0.0,0.0,2541.844833,52.955101,36000.0,0.0,,pass,pass
6876.0,high,mission_flight,36000.0,0.0,0.0,0.0,2541.2115,52.941906,36000.0,0.0,,pass,pass
6878.0,high,mission_flight,36000.0,0.0,0.0,0.0,2540.578167,52.928712,36000.0,0.0,,pass,pass
6880.0,high,mission_flight,36000.0,0.0,0.0,0.0,2539.944833,52.915517,36000.0,0.0,,pass,pass
6882.0,high,mission_flight,36000.0,0.0,0.0,0.0,2539.3115,52.902323,36000.0,0.0,,pass,pass
6884.0,high,mission_flight,36000.0,0.0,0.0,0.0,2538.678167,52.889128,36000.0,0.0,,pass,pass
6886.0,high,mission_flight,36000.0,0.0,0.0,0.0,2538.044833,52.875934,36000.0,0.0,,pass,pass
6888.0,high,mission_flight,36000.0,0.0,0.0,0.0,2537.4115,52.86274,36000.0,0.0,,pass,pass
6890.0,high,mission_flight,36000.0,0.0,0.0,0.0,2536.778167,52.849545,36000.0,0.0,,pass,pass
6892.0,high,mission_flight,36000.0,0.0,0.0,0.0,2536.144833,52.836351,36000.0,0.0,,pass,pass
6894.0,high,mission_flight,36000.0,0.0,0.0,0.0,2535.5115,52.823156,36000.0,0.0,,pass,pass
6896.0,high,mission_flight,36000.0,0.0,0.0,0.0,2534.878167,52.809962,36000.0,0.0,,pass,pass
6898.0,high,mission_flight,36000.0,0.0,0.0,0.0,2534.244833,52.796767,36000.0,0.0,,pass,pass
6900.0,high,mission_flight,36000.0,0.0,0.0,0.0,2533.6115,52.783573,36000.0,0.0,,pass,pass
6902.0,high,mission_flight,36000.0,0.0,0.0,0.0,2532.978167,52.770378,36000.0,0.0,,pass,pass
6904.0,high,mission_flight,36000.0,0.0,0.0,0.0,2532.344833,52.757184,36000.0,0.0,,pass,pass
6906.0,high,mission_flight,36000.0,0.0,0.0,0.0,2531.7115,52.74399,36000.0,0.0,,pass,pass
6908.0,high,mission_flight,36000.0,0.0,0.0,0.0,2531.078167,52.730795,36000.0,0.0,,pass,pass
6910.0,high,mission_flight,36000.0,0.0,0.0,0.0,2530.444833,52.717601,36000.0,0.0,,pass,pass
6912.0,high,mission_flight,36000.0,0.0,0.0,0.0,2529.8115,52.704406,36000.0,0.0,,pass,pass
6914.0,high,mission_flight,36000.0,0.0,0.0,0.0,2529.178167,52.691212,36000.0,0.0,,pass,pass
6916.0,high,mission_flight,36000.0,0.0,0.0,0.0,2528.544833,52.678017,36000.0,0.0,,pass,pass
6918.0,high,mission_flight,36000.0,0.0,0.0,0.0,2527.9115,52.664823,36000.0,0.0,,pass,pass
6920.0,high,mission_flight,36000.0,0.0,0.0,0.0,2527.278167,52.651628,36000.0,0.0,,pass,pass
6922.0,high,mission_flight,36000.0,0.0,0.0,0.0,2526.644833,52.638434,36000.0,0.0,,pass,pass
6924.0,high,mission_flight,36000.0,0.0,0.0,0.0,2526.0115,52.62524,36000.0,0.0,,pass,pass
6926.0,high,mission_flight,36000.0,0.0,0.0,0.0,2525.378167,52.612045,36000.0,0.0,,pass,pass
6928.0,high,mission_flight,36000.0,0.0,0.0,0.0,2524.744833,52.598851,36000.0,0.0,,pass,pass
6930.0,high,mission_flight,36000.0,0.0,0.0,0.0,2524.1115,52.585656,36000.0,0.0,,pass,pass
6932.0,high,mission_flight,36000.0,0.0,0.0,0.0,2523.478167,52.572462,36000.0,0.0,,pass,pass
6934.0,high,mission_flight,36000.0,0.0,0.0,0.0,2522.844833,52.559267,36000.0,0.0,,pass,pass
6936.0,high,mission_flight,36000.0,0.0,0.0,0.0,2522.2115,52.546073,36000.0,0.0,,pass,pass
6938.0,high,mission_flight,36000.0,0.0,0.0,0.0,2521.578167,52.532878,36000.0,0.0,,pass,pass
6940.0,high,mission_flight,36000.0,0.0,0.0,0.0,2520.944833,52.519684,36000.0,0.0,,pass,pass
6942.0,high,mission_flight,36000.0,0.0,0.0,0.0,2520.3115,52.50649,36000.0,0.0,,pass,pass
6944.0,high,mission_flight,36000.0,0.0,0.0,0.0,2519.678167,52.493295,36000.0,0.0,,pass,pass
6946.0,high,mission_flight,36000.0,0.0,0.0,0.0,2519.044833,52.480101,36000.0,0.0,,pass,pass
6948.0,high,mission_flight,36000.0,0.0,0.0,0.0,2518.4115,52.466906,36000.0,0.0,,pass,pass
6950.0,high,mission_flight,36000.0,0.0,0.0,0.0,2517.778167,52.453712,36000.0,0.0,,pass,pass
6952.0,high,mission_flight,36000.0,0.0,0.0,0.0,2517.144833,52.440517,36000.0,0.0,,pass,pass
6954.0,high,mission_flight,36000.0,0.0,0.0,0.0,2516.5115,52.427323,36000.0,0.0,,pass,pass
6956.0,high,mission_flight,36000.0,0.0,0.0,0.0,2515.878167,52.414128,36000.0,0.0,,pass,pass
6958.0,high,mission_flight,36000.0,0.0,0.0,0.0,2515.244833,52.400934,36000.0,0.0,,pass,pass
6960.0,high,mission_flight,36000.0,0.0,0.0,0.0,2514.6115,52.38774,36000.0,0.0,,pass,pass
6962.0,high,mission_flight,36000.0,0.0,0.0,0.0,2513.978167,52.374545,36000.0,0.0,,pass,pass
6964.0,high,mission_flight,36000.0,0.0,0.0,0.0,2513.344833,52.361351,36000.0,0.0,,pass,pass
6966.0,high,mission_flight,36000.0,0.0,0.0,0.0,2512.7115,52.348156,36000.0,0.0,,pass,pass
6968.0,high,mission_flight,36000.0,0.0,0.0,0.0,2512.078167,52.334962,36000.0,0.0,,pass,pass
6970.0,high,mission_flight,36000.0,0.0,0.0,0.0,2511.444833,52.321767,36000.0,0.0,,pass,pass
6972.0,high,mission_flight,36000.0,0.0,0.0,0.0,2510.8115,52.308573,36000.0,0.0,,pass,pass
6974.0,high,mission_flight,36000.0,0.0,0.0,0.0,2510.178167,52.295378,36000.0,0.0,,pass,pass
6976.0,high,mission_flight,36000.0,0.0,0.0,0.0,2509.544833,52.282184,36000.0,0.0,,pass,pass
6978.0,high,mission_flight,36000.0,0.0,0.0,0.0,2508.9115,52.26899,36000.0,0.0,,pass,pass
6980.0,high,mission_flight,36000.0,0.0,0.0,0.0,2508.278167,52.255795,36000.0,0.0,,pass,pass
6982.0,high,mission_flight,36000.0,0.0,0.0,0.0,2507.644833,52.242601,36000.0,0.0,,pass,pass
6984.0,high,mission_flight,36000.0,0.0,0.0,0.0,2507.0115,52.229406,36000.0,0.0,,pass,pass
6986.0,high,mission_flight,36000.0,0.0,0.0,0.0,2506.378167,52.216212,36000.0,0.0,,pass,pass
6988.0,high,mission_flight,36000.0,0.0,0.0,0.0,2505.744833,52.203017,36000.0,0.0,,pass,pass
6990.0,high,mission_flight,36000.0,0.0,0.0,0.0,2505.1115,52.189823,36000.0,0.0,,pass,pass
6992.0,high,mission_flight,36000.0,0.0,0.0,0.0,2504.478167,52.176628,36000.0,0.0,,pass,pass
6994.0,high,mission_flight,36000.0,0.0,0.0,0.0,2503.844833,52.163434,36000.0,0.0,,pass,pass
6996.0,high,mission_flight,36000.0,0.0,0.0,0.0,2503.2115,52.15024,36000.0,0.0,,pass,pass
6998.0,high,mission_flight,36000.0,0.0,0.0,0.0,2502.578167,52.137045,36000.0,0.0,,pass,pass
7000.0,high,mission_flight,36000.0,0.0,0.0,0.0,2501.944833,52.123851,36000.0,0.0,,pass,pass
7002.0,high,mission_flight,36000.0,0.0,0.0,0.0,2501.3115,52.110656,36000.0,0.0,,pass,pass
7004.0,high,mission_flight,36000.0,0.0,0.0,0.0,2500.678167,52.097462,36000.0,0.0,,pass,pass
7006.0,high,mission_flight,36000.0,0.0,0.0,0.0,2500.044833,52.084267,36000.0,0.0,,pass,pass
7008.0,high,mission_flight,36000.0,0.0,0.0,0.0,2499.4115,52.071073,36000.0,0.0,,pass,pass
7010.0,high,mission_flight,36000.0,0.0,0.0,0.0,2498.778167,52.057878,36000.0,0.0,,pass,pass
7012.0,high,mission_flight,36000.0,0.0,0.0,0.0,2498.144833,52.044684,36000.0,0.0,,pass,pass
7014.0,high,mission_flight,36000.0,0.0,0.0,0.0,2497.5115,52.03149,36000.0,0.0,,pass,pass
7016.0,high,mission_flight,36000.0,0.0,0.0,0.0,2496.878167,52.018295,36000.0,0.0,,pass,pass
7018.0,high,mission_flight,36000.0,0.0,0.0,0.0,2496.244833,52.005101,36000.0,0.0,,pass,pass
7020.0,high,mission_flight,36000.0,0.0,0.0,0.0,2495.6115,51.991906,36000.0,0.0,,pass,pass
7022.0,high,mission_flight,36000.0,0.0,0.0,0.0,2494.978167,51.978712,36000.0,0.0,,pass,pass
7024.0,high,mission_flight,36000.0,0.0,0.0,0.0,2494.344833,51.965517,36000.0,0.0,,pass,pass
7026.0,high,mission_flight,36000.0,0.0,0.0,0.0,2493.7115,51.952323,36000.0,0.0,,pass,pass
7028.0,high,mission_flight,36000.0,0.0,0.0,0.0,2493.078167,51.939128,36000.0,0.0,,pass,pass
7030.0,high,mission_flight,36000.0,0.0,0.0,0.0,2492.444833,51.925934,36000.0,0.0,,pass,pass
7032.0,high,mission_flight,36000.0,0.0,0.0,0.0,2491.8115,51.91274,36000.0,0.0,,pass,pass
7034.0,high,mission_flight,36000.0,0.0,0.0,0.0,2491.178167,51.899545,36000.0,0.0,,pass,pass
7036.0,high,mission_flight,36000.0,0.0,0.0,0.0,2490.544833,51.886351,36000.0,0.0,,pass,pass
7038.0,high,mission_flight,36000.0,0.0,0.0,0.0,2489.9115,51.873156,36000.0,0.0,,pass,pass
7040.0,high,mission_flight,36000.0,0.0,0.0,0.0,2489.278167,51.859962,36000.0,0.0,,pass,pass
7042.0,high,mission_flight,36000.0,0.0,0.0,0.0,2488.644833,51.846767,36000.0,0.0,,pass,pass
7044.0,high,mission_flight,36000.0,0.0,0.0,0.0,2488.0115,51.833573,36000.0,0.0,,pass,pass
7046.0,high,mission_flight,36000.0,0.0,0.0,0.0,2487.378167,51.820378,36000.0,0.0,,pass,pass
7048.0,high,mission_flight,36000.0,0.0,0.0,0.0,2486.744833,51.807184,36000.0,0.0,,pass,pass
7050.0,high,mission_flight,36000.0,0.0,0.0,0.0,2486.1115,51.79399,36000.0,0.0,,pass,pass
7052.0,high,mission_flight,36000.0,0.0,0.0,0.0,2485.478167,51.780795,36000.0,0.0,,pass,pass
7054.0,high,mission_flight,36000.0,0.0,0.0,0.0,2484.844833,51.767601,36000.0,0.0,,pass,pass
7056.0,high,mission_flight,36000.0,0.0,0.0,0.0,2484.2115,51.754406,36000.0,0.0,,pass,pass
7058.0,high,mission_flight,36000.0,0.0,0.0,0.0,2483.578167,51.741212,36000.0,0.0,,pass,pass
7060.0,high,mission_flight,36000.0,0.0,0.0,0.0,2482.944833,51.728017,36000.0,0.0,,pass,pass
7062.0,high,mission_flight,36000.0,0.0,0.0,0.0,2482.3115,51.714823,36000.0,0.0,,pass,pass
7064.0,high,mission_flight,36000.0,0.0,0.0,0.0,2481.678167,51.701628,36000.0,0.0,,pass,pass
7066.0,high,mission_flight,36000.0,0.0,0.0,0.0,2481.044833,51.688434,36000.0,0.0,,pass,pass
7068.0,high,mission_flight,36000.0,0.0,0.0,0.0,2480.4115,51.67524,36000.0,0.0,,pass,pass
7070.0,high,mission_flight,36000.0,0.0,0.0,0.0,2479.778167,51.662045,36000.0,0.0,,pass,pass
7072.0,high,mission_flight,36000.0,0.0,0.0,0.0,2479.144833,51.648851,36000.0,0.0,,pass,pass
7074.0,high,mission_flight,36000.0,0.0,0.0,0.0,2478.5115,51.635656,36000.0,0.0,,pass,pass
7076.0,high,mission_flight,36000.0,0.0,0.0,0.0,2477.878167,51.622462,36000.0,0.0,,pass,pass
7078.0,high,mission_flight,36000.0,0.0,0.0,0.0,2477.244833,51.609267,36000.0,0.0,,pass,pass
7080.0,high,mission_flight,36000.0,0.0,0.0,0.0,2476.6115,51.596073,36000.0,0.0,,pass,pass
7082.0,high,mission_flight,36000.0,0.0,0.0,0.0,2475.978167,51.582878,36000.0,0.0,,pass,pass
7084.0,high,mission_flight,36000.0,0.0,0.0,0.0,2475.344833,51.569684,36000.0,0.0,,pass,pass
7086.0,high,mission_flight,36000.0,0.0,0.0,0.0,2474.7115,51.55649,36000.0,0.0,,pass,pass
7088.0,high,mission_flight,36000.0,0.0,0.0,0.0,2474.078167,51.543295,36000.0,0.0,,pass,pass
7090.0,high,mission_flight,36000.0,0.0,0.0,0.0,2473.444833,51.530101,36000.0,0.0,,pass,pass
7092.0,high,mission_flight,36000.0,0.0,0.0,0.0,2472.8115,51.516906,36000.0,0.0,,pass,pass
7094.0,high,mission_flight,36000.0,0.0,0.0,0.0,2472.178167,51.503712,36000.0,0.0,,pass,pass
7096.0,high,mission_flight,36000.0,0.0,0.0,0.0,2471.544833,51.490517,36000.0,0.0,,pass,pass
7098.0,high,mission_flight,36000.0,0.0,0.0,0.0,2470.9115,51.477323,36000.0,0.0,,pass,pass
7100.0,high,mission_flight,36000.0,0.0,0.0,0.0,2470.278167,51.464128,36000.0,0.0,,pass,pass
7102.0,high,mission_flight,36000.0,0.0,0.0,0.0,2469.644833,51.450934,36000.0,0.0,,pass,pass
7104.0,high,mission_flight,36000.0,0.0,0.0,0.0,2469.0115,51.43774,36000.0,0.0,,pass,pass
7106.0,high,mission_flight,36000.0,0.0,0.0,0.0,2468.378167,51.424545,36000.0,0.0,,pass,pass
7108.0,high,mission_flight,36000.0,0.0,0.0,0.0,2467.744833,51.411351,36000.0,0.0,,pass,pass
7110.0,high,mission_flight,36000.0,0.0,0.0,0.0,2467.1115,51.398156,36000.0,0.0,,pass,pass
7112.0,high,mission_flight,36000.0,0.0,0.0,0.0,2466.478167,51.384962,36000.0,0.0,,pass,pass
7114.0,high,mission_flight,36000.0,0.0,0.0,0.0,2465.844833,51.371767,36000.0,0.0,,pass,pass
7116.0,high,mission_flight,36000.0,0.0,0.0,0.0,2465.2115,51.358573,36000.0,0.0,,pass,pass
7118.0,high,mission_flight,36000.0,0.0,0.0,0.0,2464.578167,51.345378,36000.0,0.0,,pass,pass
7120.0,high,mission_flight,36000.0,0.0,0.0,0.0,2463.944833,51.332184,36000.0,0.0,,pass,pass
7122.0,high,mission_flight,36000.0,0.0,0.0,0.0,2463.3115,51.31899,36000.0,0.0,,pass,pass
7124.0,high,mission_flight,36000.0,0.0,0.0,0.0,2462.678167,51.305795,36000.0,0.0,,pass,pass
7126.0,high,mission_flight,36000.0,0.0,0.0,0.0,2462.044833,51.292601,36000.0,0.0,,pass,pass
7128.0,high,mission_flight,36000.0,0.0,0.0,0.0,2461.4115,51.279406,36000.0,0.0,,pass,pass
7130.0,high,mission_flight,36000.0,0.0,0.0,0.0,2460.778167,51.266212,36000.0,0.0,,pass,pass
7132.0,high,mission_flight,36000.0,0.0,0.0,0.0,2460.144833,51.253017,36000.0,0.0,,pass,pass
7134.0,high,mission_flight,36000.0,0.0,0.0,0.0,2459.5115,51.239823,36000.0,0.0,,pass,pass
7136.0,high,mission_flight,36000.0,0.0,0.0,0.0,2458.878167,51.226628,36000.0,0.0,,pass,pass
7138.0,high,mission_flight,36000.0,0.0,0.0,0.0,2458.244833,51.213434,36000.0,0.0,,pass,pass
7140.0,high,mission_flight,36000.0,0.0,0.0,0.0,2457.6115,51.20024,36000.0,0.0,,pass,pass
7142.0,high,mission_flight,36000.0,0.0,0.0,0.0,2456.978167,51.187045,36000.0,0.0,,pass,pass
7144.0,high,mission_flight,36000.0,0.0,0.0,0.0,2456.344833,51.173851,36000.0,0.0,,pass,pass
7146.0,high,mission_flight,36000.0,0.0,0.0,0.0,2455.7115,51.160656,36000.0,0.0,,pass,pass
7148.0,high,mission_flight,36000.0,0.0,0.0,0.0,2455.078167,51.147462,36000.0,0.0,,pass,pass
7150.0,high,mission_flight,36000.0,0.0,0.0,0.0,2454.444833,51.134267,36000.0,0.0,,pass,pass
7152.0,high,mission_flight,36000.0,0.0,0.0,0.0,2453.8115,51.121073,36000.0,0.0,,pass,pass
7154.0,high,mission_flight,36000.0,0.0,0.0,0.0,2453.178167,51.107878,36000.0,0.0,,pass,pass
7156.0,high,mission_flight,36000.0,0.0,0.0,0.0,2452.544833,51.094684,36000.0,0.0,,pass,pass
7158.0,high,mission_flight,36000.0,0.0,0.0,0.0,2451.9115,51.08149,36000.0,0.0,,pass,pass
7160.0,high,mission_flight,36000.0,0.0,0.0,0.0,2451.278167,51.068295,36000.0,0.0,,pass,pass
7162.0,high,mission_flight,36000.0,0.0,0.0,0.0,2450.644833,51.055101,36000.0,0.0,,pass,pass
7164.0,high,mission_flight,36000.0,0.0,0.0,0.0,2450.0115,51.041906,36000.0,0.0,,pass,pass
7166.0,high,mission_flight,36000.0,0.0,0.0,0.0,2449.378167,51.028712,36000.0,0.0,,pass,pass
7168.0,high,mission_flight,36000.0,0.0,0.0,0.0,2448.744833,51.015517,36000.0,0.0,,pass,pass
7170.0,high,mission_flight,36000.0,0.0,0.0,0.0,2448.1115,51.002323,36000.0,0.0,,pass,pass
7172.0,high,mission_flight,36000.0,0.0,0.0,0.0,2447.478167,50.989128,36000.0,0.0,,pass,pass
7174.0,high,mission_flight,36000.0,0.0,0.0,0.0,2446.844833,50.975934,36000.0,0.0,,pass,pass
7176.0,high,mission_flight,36000.0,0.0,0.0,0.0,2446.2115,50.96274,36000.0,0.0,,pass,pass
7178.0,high,mission_flight,36000.0,0.0,0.0,0.0,2445.578167,50.949545,36000.0,0.0,,pass,pass
7180.0,high,mission_flight,36000.0,0.0,0.0,0.0,2444.944833,50.936351,36000.0,0.0,,pass,pass
7182.0,high,mission_flight,36000.0,0.0,0.0,0.0,2444.3115,50.923156,36000.0,0.0,,pass,pass
7184.0,high,mission_flight,36000.0,0.0,0.0,0.0,2443.678167,50.909962,36000.0,0.0,,pass,pass
7186.0,high,mission_flight,36000.0,0.0,0.0,0.0,2443.044833,50.896767,36000.0,0.0,,pass,pass
7188.0,high,mission_flight,36000.0,0.0,0.0,0.0,2442.4115,50.883573,36000.0,0.0,,pass,pass
7190.0,high,mission_flight,36000.0,0.0,0.0,0.0,2441.778167,50.870378,36000.0,0.0,,pass,pass
7192.0,high,mission_flight,36000.0,0.0,0.0,0.0,2441.144833,50.857184,36000.0,0.0,,pass,pass
7194.0,high,mission_flight,36000.0,0.0,0.0,0.0,2440.5115,50.84399,36000.0,0.0,,pass,pass
7196.0,high,mission_flight,36000.0,0.0,0.0,0.0,2439.878167,50.830795,36000.0,0.0,,pass,pass
7198.0,high,mission_flight,36000.0,0.0,0.0,0.0,2439.244833,50.817601,36000.0,0.0,,pass,pass
7200.0,high,mission_flight,36000.0,0.0,0.0,0.0,2438.6115,50.804406,36000.0,0.0,,pass,pass
7202.0,high,mission_flight,36000.0,0.0,0.0,0.0,2437.978167,50.791212,36000.0,0.0,,pass,pass
7204.0,high,mission_flight,36000.0,0.0,0.0,0.0,2437.344833,50.778017,36000.0,0.0,,pass,pass
7206.0,high,mission_flight,36000.0,0.0,0.0,0.0,2436.7115,50.764823,36000.0,0.0,,pass,pass
7208.0,high,mission_flight,36000.0,0.0,0.0,0.0,2436.078167,50.751628,36000.0,0.0,,pass,pass
7210.0,high,mission_flight,36000.0,0.0,0.0,0.0,2435.444833,50.738434,36000.0,0.0,,pass,pass
7212.0,high,mission_flight,36000.0,0.0,0.0,0.0,2434.8115,50.72524,36000.0,0.0,,pass,pass
7214.0,high,mission_flight,36000.0,0.0,0.0,0.0,2434.178167,50.712045,36000.0,0.0,,pass,pass
7216.0,high,mission_flight,36000.0,0.0,0.0,0.0,2433.544833,50.698851,36000.0,0.0,,pass,pass
7218.0,high,mission_flight,36000.0,0.0,0.0,0.0,2432.9115,50.685656,36000.0,0.0,,pass,pass
7220.0,high,mission_flight,36000.0,0.0,0.0,0.0,2432.278167,50.672462,36000.0,0.0,,pass,pass
7222.0,high,mission_flight,36000.0,0.0,0.0,0.0,2431.644833,50.659267,36000.0,0.0,,pass,pass
7224.0,high,mission_flight,36000.0,0.0,0.0,0.0,2431.0115,50.646073,36000.0,0.0,,pass,pass
7226.0,high,mission_flight,36000.0,0.0,0.0,0.0,2430.378167,50.632878,36000.0,0.0,,pass,pass
7228.0,high,mission_flight,36000.0,0.0,0.0,0.0,2429.744833,50.619684,36000.0,0.0,,pass,pass
7230.0,high,mission_flight,36000.0,0.0,0.0,0.0,2429.1115,50.60649,36000.0,0.0,,pass,pass
7232.0,high,mission_flight,36000.0,0.0,0.0,0.0,2428.478167,50.593295,36000.0,0.0,,pass,pass
7234.0,high,mission_flight,36000.0,0.0,0.0,0.0,2427.844833,50.580101,36000.0,0.0,,pass,pass
7236.0,high,mission_flight,36000.0,0.0,0.0,0.0,2427.2115,50.566906,36000.0,0.0,,pass,pass
7238.0,high,mission_flight,36000.0,0.0,0.0,0.0,2426.578167,50.553712,36000.0,0.0,,pass,pass
7240.0,high,mission_flight,36000.0,0.0,0.0,0.0,2425.944833,50.540517,36000.0,0.0,,pass,pass
7242.0,high,mission_flight,36000.0,0.0,0.0,0.0,2425.3115,50.527323,36000.0,0.0,,pass,pass
7244.0,high,mission_flight,36000.0,0.0,0.0,0.0,2424.678167,50.514128,36000.0,0.0,,pass,pass
7246.0,high,mission_flight,36000.0,0.0,0.0,0.0,2424.044833,50.500934,36000.0,0.0,,pass,pass
7248.0,high,mission_flight,36000.0,0.0,0.0,0.0,2423.4115,50.48774,36000.0,0.0,,pass,pass
7250.0,high,mission_flight,36000.0,0.0,0.0,0.0,2422.778167,50.474545,36000.0,0.0,,pass,pass
7252.0,high,mission_flight,36000.0,0.0,0.0,0.0,2422.144833,50.461351,36000.0,0.0,,pass,pass
7254.0,high,mission_flight,36000.0,0.0,0.0,0.0,2421.5115,50.448156,36000.0,0.0,,pass,pass
7256.0,high,mission_flight,36000.0,0.0,0.0,0.0,2420.878167,50.434962,36000.0,0.0,,pass,pass
7258.0,high,mission_flight,36000.0,0.0,0.0,0.0,2420.244833,50.421767,36000.0,0.0,,pass,pass
7260.0,high,mission_flight,36000.0,0.0,0.0,0.0,2419.6115,50.408573,36000.0,0.0,,pass,pass
7262.0,high,mission_flight,36000.0,0.0,0.0,0.0,2418.978167,50.395378,36000.0,0.0,,pass,pass
7264.0,high,mission_flight,36000.0,0.0,0.0,0.0,2418.344833,50.382184,36000.0,0.0,,pass,pass
7266.0,high,mission_flight,36000.0,0.0,0.0,0.0,2417.7115,50.36899,36000.0,0.0,,pass,pass
7268.0,high,mission_flight,36000.0,0.0,0.0,0.0,2417.078167,50.355795,36000.0,0.0,,pass,pass
7270.0,high,mission_flight,36000.0,0.0,0.0,0.0,2416.444833,50.342601,36000.0,0.0,,pass,pass
7272.0,high,mission_flight,36000.0,0.0,0.0,0.0,2415.8115,50.329406,36000.0,0.0,,pass,pass
7274.0,high,mission_flight,36000.0,0.0,0.0,0.0,2415.178167,50.316212,36000.0,0.0,,pass,pass
7276.0,high,mission_flight,36000.0,0.0,0.0,0.0,2414.544833,50.303017,36000.0,0.0,,pass,pass
7278.0,high,mission_flight,36000.0,0.0,0.0,0.0,2413.9115,50.289823,36000.0,0.0,,pass,pass
7280.0,high,mission_flight,36000.0,0.0,0.0,0.0,2413.278167,50.276628,36000.0,0.0,,pass,pass
7282.0,high,mission_flight,36000.0,0.0,0.0,0.0,2412.644833,50.263434,36000.0,0.0,,pass,pass
7284.0,high,mission_flight,36000.0,0.0,0.0,0.0,2412.0115,50.25024,36000.0,0.0,,pass,pass
7286.0,high,mission_flight,36000.0,0.0,0.0,0.0,2411.378167,50.237045,36000.0,0.0,,pass,pass
7288.0,high,mission_flight,36000.0,0.0,0.0,0.0,2410.744833,50.223851,36000.0,0.0,,pass,pass
7290.0,high,mission_flight,36000.0,0.0,0.0,0.0,2410.1115,50.210656,36000.0,0.0,,pass,pass
7292.0,high,mission_flight,36000.0,0.0,0.0,0.0,2409.478167,50.197462,36000.0,0.0,,pass,pass
7294.0,high,mission_flight,36000.0,0.0,0.0,0.0,2408.844833,50.184267,36000.0,0.0,,pass,pass
7296.0,high,mission_flight,36000.0,0.0,0.0,0.0,2408.2115,50.171073,36000.0,0.0,,pass,pass
7298.0,high,mission_flight,36000.0,0.0,0.0,0.0,2407.578167,50.157878,36000.0,0.0,,pass,pass
7300.0,high,mission_flight,36000.0,0.0,0.0,0.0,2406.944833,50.144684,36000.0,0.0,,pass,pass
7302.0,high,mission_flight,36000.0,0.0,0.0,0.0,2406.3115,50.13149,36000.0,0.0,,pass,pass
7304.0,high,mission_flight,36000.0,0.0,0.0,0.0,2405.678167,50.118295,36000.0,0.0,,pass,pass
7306.0,high,mission_flight,36000.0,0.0,0.0,0.0,2405.044833,50.105101,36000.0,0.0,,pass,pass
7308.0,high,mission_flight,36000.0,0.0,0.0,0.0,2404.4115,50.091906,36000.0,0.0,,pass,pass
7310.0,high,mission_flight,36000.0,0.0,0.0,0.0,2403.778167,50.078712,36000.0,0.0,,pass,pass
7312.0,high,mission_flight,36000.0,0.0,0.0,0.0,2403.144833,50.065517,36000.0,0.0,,pass,pass
7314.0,high,mission_flight,36000.0,0.0,0.0,0.0,2402.5115,50.052323,36000.0,0.0,,pass,pass
7316.0,high,mission_flight,36000.0,0.0,0.0,0.0,2401.878167,50.039128,36000.0,0.0,,pass,pass
7318.0,high,mission_flight,36000.0,0.0,0.0,0.0,2401.244833,50.025934,36000.0,0.0,,pass,pass
7320.0,high,mission_flight,36000.0,0.0,0.0,0.0,2400.6115,50.01274,36000.0,0.0,,pass,pass
7322.0,high,mission_flight,36000.0,0.0,0.0,0.0,2399.978167,49.999545,36000.0,0.0,,pass,pass
7324.0,high,mission_flight,36000.0,0.0,0.0,0.0,2399.344833,49.986351,36000.0,0.0,,pass,pass
7326.0,high,mission_flight,36000.0,0.0,0.0,0.0,2398.7115,49.973156,36000.0,0.0,,pass,pass
7328.0,high,mission_flight,36000.0,0.0,0.0,0.0,2398.078167,49.959962,36000.0,0.0,,pass,pass
7330.0,high,mission_flight,36000.0,0.0,0.0,0.0,2397.444833,49.946767,36000.0,0.0,,pass,pass
7332.0,high,mission_flight,36000.0,0.0,0.0,0.0,2396.8115,49.933573,36000.0,0.0,,pass,pass
7334.0,high,mission_flight,36000.0,0.0,0.0,0.0,2396.178167,49.920378,36000.0,0.0,,pass,pass
7336.0,high,mission_flight,36000.0,0.0,0.0,0.0,2395.544833,49.907184,36000.0,0.0,,pass,pass
7338.0,high,mission_flight,36000.0,0.0,0.0,0.0,2394.9115,49.89399,36000.0,0.0,,pass,pass
7340.0,high,mission_flight,36000.0,0.0,0.0,0.0,2394.278167,49.880795,36000.0,0.0,,pass,pass
7342.0,high,mission_flight,36000.0,0.0,0.0,0.0,2393.644833,49.867601,36000.0,0.0,,pass,pass
7344.0,high,mission_flight,36000.0,0.0,0.0,0.0,2393.0115,49.854406,36000.0,0.0,,pass,pass
7346.0,high,mission_flight,36000.0,0.0,0.0,0.0,2392.378167,49.841212,36000.0,0.0,,pass,pass
7348.0,high,mission_flight,36000.0,0.0,0.0,0.0,2391.744833,49.828017,36000.0,0.0,,pass,pass
7350.0,high,mission_flight,36000.0,0.0,0.0,0.0,2391.1115,49.814823,36000.0,0.0,,pass,pass
7352.0,high,mission_flight,36000.0,0.0,0.0,0.0,2390.478167,49.801628,36000.0,0.0,,pass,pass
7354.0,high,mission_flight,36000.0,0.0,0.0,0.0,2389.844833,49.788434,36000.0,0.0,,pass,pass
7356.0,high,mission_flight,36000.0,0.0,0.0,0.0,2389.2115,49.77524,36000.0,0.0,,pass,pass
7358.0,high,mission_flight,36000.0,0.0,0.0,0.0,2388.578167,49.762045,36000.0,0.0,,pass,pass
7360.0,high,mission_flight,36000.0,0.0,0.0,0.0,2387.944833,49.748851,36000.0,0.0,,pass,pass
7362.0,high,mission_flight,36000.0,0.0,0.0,0.0,2387.3115,49.735656,36000.0,0.0,,pass,pass
7364.0,high,mission_flight,36000.0,0.0,0.0,0.0,2386.678167,49.722462,36000.0,0.0,,pass,pass
7366.0,high,mission_flight,36000.0,0.0,0.0,0.0,2386.044833,49.709267,36000.0,0.0,,pass,pass
7368.0,high,mission_flight,36000.0,0.0,0.0,0.0,2385.4115,49.696073,36000.0,0.0,,pass,pass
7370.0,high,mission_flight,36000.0,0.0,0.0,0.0,2384.778167,49.682878,36000.0,0.0,,pass,pass
7372.0,high,mission_flight,36000.0,0.0,0.0,0.0,2384.144833,49.669684,36000.0,0.0,,pass,pass
7374.0,high,mission_flight,36000.0,0.0,0.0,0.0,2383.5115,49.65649,36000.0,0.0,,pass,pass
7376.0,high,mission_flight,36000.0,0.0,0.0,0.0,2382.878167,49.643295,36000.0,0.0,,pass,pass
7378.0,high,mission_flight,36000.0,0.0,0.0,0.0,2382.244833,49.630101,36000.0,0.0,,pass,pass
7380.0,high,mission_flight,36000.0,0.0,0.0,0.0,2381.6115,49.616906,36000.0,0.0,,pass,pass
7382.0,high,mission_flight,36000.0,0.0,0.0,0.0,2380.978167,49.603712,36000.0,0.0,,pass,pass
7384.0,high,mission_flight,36000.0,0.0,0.0,0.0,2380.344833,49.590517,36000.0,0.0,,pass,pass
7386.0,high,mission_flight,36000.0,0.0,0.0,0.0,2379.7115,49.577323,36000.0,0.0,,pass,pass
7388.0,high,mission_flight,36000.0,0.0,0.0,0.0,2379.078167,49.564128,36000.0,0.0,,pass,pass
7390.0,high,mission_flight,36000.0,0.0,0.0,0.0,2378.444833,49.550934,36000.0,0.0,,pass,pass
7392.0,high,mission_flight,36000.0,0.0,0.0,0.0,2377.8115,49.53774,36000.0,0.0,,pass,pass
7394.0,high,mission_flight,36000.0,0.0,0.0,0.0,2377.178167,49.524545,36000.0,0.0,,pass,pass
7396.0,high,mission_flight,36000.0,0.0,0.0,0.0,2376.544833,49.511351,36000.0,0.0,,pass,pass
7398.0,high,mission_flight,36000.0,0.0,0.0,0.0,2375.9115,49.498156,36000.0,0.0,,pass,pass
7400.0,high,mission_flight,36000.0,0.0,0.0,0.0,2375.278167,49.484962,36000.0,0.0,,pass,pass
7402.0,high,mission_flight,36000.0,0.0,0.0,0.0,2374.644833,49.471767,36000.0,0.0,,pass,pass
7404.0,high,mission_flight,36000.0,0.0,0.0,0.0,2374.0115,49.458573,36000.0,0.0,,pass,pass
7406.0,high,mission_flight,36000.0,0.0,0.0,0.0,2373.378167,49.445378,36000.0,0.0,,pass,pass
7408.0,high,mission_flight,36000.0,0.0,0.0,0.0,2372.744833,49.432184,36000.0,0.0,,pass,pass
7410.0,high,mission_flight,36000.0,0.0,0.0,0.0,2372.1115,49.41899,36000.0,0.0,,pass,pass
7412.0,high,mission_flight,36000.0,0.0,0.0,0.0,2371.478167,49.405795,36000.0,0.0,,pass,pass
7414.0,high,mission_flight,36000.0,0.0,0.0,0.0,2370.844833,49.392601,36000.0,0.0,,pass,pass
7416.0,high,mission_flight,36000.0,0.0,0.0,0.0,2370.2115,49.379406,36000.0,0.0,,pass,pass
7418.0,high,mission_flight,36000.0,0.0,0.0,0.0,2369.578167,49.366212,36000.0,0.0,,pass,pass
7420.0,high,mission_flight,36000.0,0.0,0.0,0.0,2368.944833,49.353017,36000.0,0.0,,pass,pass
7422.0,high,mission_flight,36000.0,0.0,0.0,0.0,2368.3115,49.339823,36000.0,0.0,,pass,pass
7424.0,high,mission_flight,36000.0,0.0,0.0,0.0,2367.678167,49.326628,36000.0,0.0,,pass,pass
7426.0,high,mission_flight,36000.0,0.0,0.0,0.0,2367.044833,49.313434,36000.0,0.0,,pass,pass
7428.0,high,mission_flight,36000.0,0.0,0.0,0.0,2366.4115,49.30024,36000.0,0.0,,pass,pass
7430.0,high,mission_flight,36000.0,0.0,0.0,0.0,2365.778167,49.287045,36000.0,0.0,,pass,pass
7432.0,high,mission_flight,36000.0,0.0,0.0,0.0,2365.144833,49.273851,36000.0,0.0,,pass,pass
7434.0,high,mission_flight,36000.0,0.0,0.0,0.0,2364.5115,49.260656,36000.0,0.0,,pass,pass
7436.0,high,mission_flight,36000.0,0.0,0.0,0.0,2363.878167,49.247462,36000.0,0.0,,pass,pass
7438.0,high,mission_flight,36000.0,0.0,0.0,0.0,2363.244833,49.234267,36000.0,0.0,,pass,pass
7440.0,high,mission_flight,36000.0,0.0,0.0,0.0,2362.6115,49.221073,36000.0,0.0,,pass,pass
7442.0,high,mission_flight,36000.0,0.0,0.0,0.0,2361.978167,49.207878,36000.0,0.0,,pass,pass
7444.0,high,mission_flight,36000.0,0.0,0.0,0.0,2361.344833,49.194684,36000.0,0.0,,pass,pass
7446.0,high,mission_flight,36000.0,0.0,0.0,0.0,2360.7115,49.18149,36000.0,0.0,,pass,pass
7448.0,high,mission_flight,36000.0,0.0,0.0,0.0,2360.078167,49.168295,36000.0,0.0,,pass,pass
7450.0,high,mission_flight,36000.0,0.0,0.0,0.0,2359.444833,49.155101,36000.0,0.0,,pass,pass
7452.0,high,mission_flight,36000.0,0.0,0.0,0.0,2358.8115,49.141906,36000.0,0.0,,pass,pass
7454.0,high,mission_flight,36000.0,0.0,0.0,0.0,2358.178167,49.128712,36000.0,0.0,,pass,pass
7456.0,high,mission_flight,36000.0,0.0,0.0,0.0,2357.544833,49.115517,36000.0,0.0,,pass,pass
7458.0,high,mission_flight,36000.0,0.0,0.0,0.0,2356.9115,49.102323,36000.0,0.0,,pass,pass
7460.0,high,mission_flight,36000.0,0.0,0.0,0.0,2356.278167,49.089128,36000.0,0.0,,pass,pass
7462.0,high,mission_flight,36000.0,0.0,0.0,0.0,2355.644833,49.075934,36000.0,0.0,,pass,pass
7464.0,high,mission_flight,36000.0,0.0,0.0,0.0,2355.0115,49.06274,36000.0,0.0,,pass,pass
7466.0,high,mission_flight,36000.0,0.0,0.0,0.0,2354.378167,49.049545,36000.0,0.0,,pass,pass
7468.0,high,mission_flight,36000.0,0.0,0.0,0.0,2353.744833,49.036351,36000.0,0.0,,pass,pass
7470.0,high,mission_flight,36000.0,0.0,0.0,0.0,2353.1115,49.023156,36000.0,0.0,,pass,pass
7472.0,high,mission_flight,36000.0,0.0,0.0,0.0,2352.478167,49.009962,36000.0,0.0,,pass,pass
7474.0,high,mission_flight,36000.0,0.0,0.0,0.0,2351.844833,48.996767,36000.0,0.0,,pass,pass
7476.0,high,mission_flight,36000.0,0.0,0.0,0.0,2351.2115,48.983573,36000.0,0.0,,pass,pass
7478.0,high,mission_flight,36000.0,0.0,0.0,0.0,2350.578167,48.970378,36000.0,0.0,,pass,pass
7480.0,high,mission_flight,36000.0,0.0,0.0,0.0,2349.944833,48.957184,36000.0,0.0,,pass,pass
7482.0,high,mission_flight,36000.0,0.0,0.0,0.0,2349.3115,48.94399,36000.0,0.0,,pass,pass
7484.0,high,mission_flight,36000.0,0.0,0.0,0.0,2348.678167,48.930795,36000.0,0.0,,pass,pass
7486.0,high,mission_flight,36000.0,0.0,0.0,0.0,2348.044833,48.917601,36000.0,0.0,,pass,pass
7488.0,high,mission_flight,36000.0,0.0,0.0,0.0,2347.4115,48.904406,36000.0,0.0,,pass,pass
7490.0,high,mission_flight,36000.0,0.0,0.0,0.0,2346.778167,48.891212,36000.0,0.0,,pass,pass
7492.0,high,mission_flight,36000.0,0.0,0.0,0.0,2346.144833,48.878017,36000.0,0.0,,pass,pass
7494.0,high,mission_flight,36000.0,0.0,0.0,0.0,2345.5115,48.864823,36000.0,0.0,,pass,pass
7496.0,high,mission_flight,36000.0,0.0,0.0,0.0,2344.878167,48.851628,36000.0,0.0,,pass,pass
7498.0,high,mission_flight,36000.0,0.0,0.0,0.0,2344.244833,48.838434,36000.0,0.0,,pass,pass
7500.0,high,mission_flight,36000.0,0.0,0.0,0.0,2343.6115,48.82524,36000.0,0.0,,pass,pass
7502.0,high,mission_flight,36000.0,0.0,0.0,0.0,2342.978167,48.812045,36000.0,0.0,,pass,pass
7504.0,high,mission_flight,36000.0,0.0,0.0,0.0,2342.344833,48.798851,36000.0,0.0,,pass,pass
7506.0,high,mission_flight,36000.0,0.0,0.0,0.0,2341.7115,48.785656,36000.0,0.0,,pass,pass
7508.0,high,mission_flight,36000.0,0.0,0.0,0.0,2341.078167,48.772462,36000.0,0.0,,pass,pass
7510.0,high,mission_flight,36000.0,0.0,0.0,0.0,2340.444833,48.759267,36000.0,0.0,,pass,pass
7512.0,high,mission_flight,36000.0,0.0,0.0,0.0,2339.8115,48.746073,36000.0,0.0,,pass,pass
7514.0,high,mission_flight,36000.0,0.0,0.0,0.0,2339.178167,48.732878,36000.0,0.0,,pass,pass
7516.0,high,mission_flight,36000.0,0.0,0.0,0.0,2338.544833,48.719684,36000.0,0.0,,pass,pass
7518.0,high,mission_flight,36000.0,0.0,0.0,0.0,2337.9115,48.70649,36000.0,0.0,,pass,pass
7520.0,high,mission_flight,36000.0,0.0,0.0,0.0,2337.278167,48.693295,36000.0,0.0,,pass,pass
7522.0,high,mission_flight,36000.0,0.0,0.0,0.0,2336.644833,48.680101,36000.0,0.0,,pass,pass
7524.0,high,mission_flight,36000.0,0.0,0.0,0.0,2336.0115,48.666906,36000.0,0.0,,pass,pass
7526.0,high,mission_flight,36000.0,0.0,0.0,0.0,2335.378167,48.653712,36000.0,0.0,,pass,pass
7528.0,high,mission_flight,36000.0,0.0,0.0,0.0,2334.744833,48.640517,36000.0,0.0,,pass,pass
7530.0,high,mission_flight,36000.0,0.0,0.0,0.0,2334.1115,48.627323,36000.0,0.0,,pass,pass
7532.0,high,mission_flight,36000.0,0.0,0.0,0.0,2333.478167,48.614128,36000.0,0.0,,pass,pass
7534.0,high,mission_flight,36000.0,0.0,0.0,0.0,2332.844833,48.600934,36000.0,0.0,,pass,pass
7536.0,high,mission_flight,36000.0,0.0,0.0,0.0,2332.2115,48.58774,36000.0,0.0,,pass,pass
7538.0,high,mission_flight,36000.0,0.0,0.0,0.0,2331.578167,48.574545,36000.0,0.0,,pass,pass
7540.0,high,mission_flight,36000.0,0.0,0.0,0.0,2330.944833,48.561351,36000.0,0.0,,pass,pass
7542.0,high,mission_flight,36000.0,0.0,0.0,0.0,2330.3115,48.548156,36000.0,0.0,,pass,pass
7544.0,high,mission_flight,36000.0,0.0,0.0,0.0,2329.678167,48.534962,36000.0,0.0,,pass,pass
7546.0,high,mission_flight,36000.0,0.0,0.0,0.0,2329.044833,48.521767,36000.0,0.0,,pass,pass
7548.0,high,mission_flight,36000.0,0.0,0.0,0.0,2328.4115,48.508573,36000.0,0.0,,pass,pass
7550.0,high,mission_flight,36000.0,0.0,0.0,0.0,2327.778167,48.495378,36000.0,0.0,,pass,pass
7552.0,high,mission_flight,36000.0,0.0,0.0,0.0,2327.144833,48.482184,36000.0,0.0,,pass,pass
7554.0,high,mission_flight,36000.0,0.0,0.0,0.0,2326.5115,48.46899,36000.0,0.0,,pass,pass
7556.0,high,mission_flight,36000.0,0.0,0.0,0.0,2325.878167,48.455795,36000.0,0.0,,pass,pass
7558.0,high,mission_flight,36000.0,0.0,0.0,0.0,2325.244833,48.442601,36000.0,0.0,,pass,pass
7560.0,high,mission_flight,36000.0,0.0,0.0,0.0,2324.6115,48.429406,36000.0,0.0,,pass,pass
7562.0,high,mission_flight,36000.0,0.0,0.0,0.0,2323.978167,48.416212,36000.0,0.0,,pass,pass
7564.0,high,mission_flight,36000.0,0.0,0.0,0.0,2323.344833,48.403017,36000.0,0.0,,pass,pass
7566.0,high,mission_flight,36000.0,0.0,0.0,0.0,2322.7115,48.389823,36000.0,0.0,,pass,pass
7568.0,high,mission_flight,36000.0,0.0,0.0,0.0,2322.078167,48.376628,36000.0,0.0,,pass,pass
7570.0,high,mission_flight,36000.0,0.0,0.0,0.0,2321.444833,48.363434,36000.0,0.0,,pass,pass
7572.0,high,mission_flight,36000.0,0.0,0.0,0.0,2320.8115,48.35024,36000.0,0.0,,pass,pass
7574.0,high,mission_flight,36000.0,0.0,0.0,0.0,2320.178167,48.337045,36000.0,0.0,,pass,pass
7576.0,high,mission_flight,36000.0,0.0,0.0,0.0,2319.544833,48.323851,36000.0,0.0,,pass,pass
7578.0,high,mission_flight,36000.0,0.0,0.0,0.0,2318.9115,48.310656,36000.0,0.0,,pass,pass
7580.0,high,mission_flight,36000.0,0.0,0.0,0.0,2318.278167,48.297462,36000.0,0.0,,pass,pass
7582.0,high,mission_flight,36000.0,0.0,0.0,0.0,2317.644833,48.284267,36000.0,0.0,,pass,pass
7584.0,high,mission_flight,36000.0,0.0,0.0,0.0,2317.0115,48.271073,36000.0,0.0,,pass,pass
7586.0,high,mission_flight,36000.0,0.0,0.0,0.0,2316.378167,48.257878,36000.0,0.0,,pass,pass
7588.0,high,mission_flight,36000.0,0.0,0.0,0.0,2315.744833,48.244684,36000.0,0.0,,pass,pass
7590.0,high,mission_flight,36000.0,0.0,0.0,0.0,2315.1115,48.23149,36000.0,0.0,,pass,pass
7592.0,high,mission_flight,36000.0,0.0,0.0,0.0,2314.478167,48.218295,36000.0,0.0,,pass,pass
7594.0,high,mission_flight,36000.0,0.0,0.0,0.0,2313.844833,48.205101,36000.0,0.0,,pass,pass
7596.0,high,mission_flight,36000.0,0.0,0.0,0.0,2313.2115,48.191906,36000.0,0.0,,pass,pass
7598.0,high,mission_flight,36000.0,0.0,0.0,0.0,2312.578167,48.178712,36000.0,0.0,,pass,pass
7600.0,high,mission_flight,36000.0,0.0,0.0,0.0,2311.944833,48.165517,36000.0,0.0,,pass,pass
7602.0,high,mission_flight,36000.0,0.0,0.0,0.0,2311.3115,48.152323,36000.0,0.0,,pass,pass
7604.0,high,mission_flight,36000.0,0.0,0.0,0.0,2310.678167,48.139128,36000.0,0.0,,pass,pass
7606.0,high,mission_flight,36000.0,0.0,0.0,0.0,2310.044833,48.125934,36000.0,0.0,,pass,pass
7608.0,high,mission_flight,36000.0,0.0,0.0,0.0,2309.4115,48.11274,36000.0,0.0,,pass,pass
7610.0,high,mission_flight,36000.0,0.0,0.0,0.0,2308.778167,48.099545,36000.0,0.0,,pass,pass
7612.0,high,mission_flight,36000.0,0.0,0.0,0.0,2308.144833,48.086351,36000.0,0.0,,pass,pass
7614.0,high,mission_flight,36000.0,0.0,0.0,0.0,2307.5115,48.073156,36000.0,0.0,,pass,pass
7616.0,high,mission_flight,36000.0,0.0,0.0,0.0,2306.878167,48.059962,36000.0,0.0,,pass,pass
7618.0,high,mission_flight,36000.0,0.0,0.0,0.0,2306.244833,48.046767,36000.0,0.0,,pass,pass
7620.0,high,mission_flight,36000.0,0.0,0.0,0.0,2305.6115,48.033573,36000.0,0.0,,pass,pass
7622.0,high,mission_flight,36000.0,0.0,0.0,0.0,2304.978167,48.020378,36000.0,0.0,,pass,pass
7624.0,high,mission_flight,36000.0,0.0,0.0,0.0,2304.344833,48.007184,36000.0,0.0,,pass,pass
7626.0,high,mission_flight,36000.0,0.0,0.0,0.0,2303.7115,47.99399,36000.0,0.0,,pass,pass
7628.0,high,mission_flight,36000.0,0.0,0.0,0.0,2303.078167,47.980795,36000.0,0.0,,pass,pass
7630.0,high,mission_flight,36000.0,0.0,0.0,0.0,2302.444833,47.967601,36000.0,0.0,,pass,pass
7632.0,high,mission_flight,36000.0,0.0,0.0,0.0,2301.8115,47.954406,36000.0,0.0,,pass,pass
7634.0,high,mission_flight,36000.0,0.0,0.0,0.0,2301.178167,47.941212,36000.0,0.0,,pass,pass
7636.0,high,mission_flight,36000.0,0.0,0.0,0.0,2300.544833,47.928017,36000.0,0.0,,pass,pass
7638.0,high,mission_flight,36000.0,0.0,0.0,0.0,2299.9115,47.914823,36000.0,0.0,,pass,pass
7640.0,high,mission_flight,36000.0,0.0,0.0,0.0,2299.278167,47.901628,36000.0,0.0,,pass,pass
7642.0,high,mission_flight,36000.0,0.0,0.0,0.0,2298.644833,47.888434,36000.0,0.0,,pass,pass
7644.0,high,mission_flight,36000.0,0.0,0.0,0.0,2298.0115,47.87524,36000.0,0.0,,pass,pass
7646.0,high,mission_flight,36000.0,0.0,0.0,0.0,2297.378167,47.862045,36000.0,0.0,,pass,pass
7648.0,high,mission_flight,36000.0,0.0,0.0,0.0,2296.744833,47.848851,36000.0,0.0,,pass,pass
7650.0,high,mission_flight,36000.0,0.0,0.0,0.0,2296.1115,47.835656,36000.0,0.0,,pass,pass
7652.0,high,mission_flight,36000.0,0.0,0.0,0.0,2295.478167,47.822462,36000.0,0.0,,pass,pass
7654.0,high,mission_flight,36000.0,0.0,0.0,0.0,2294.844833,47.809267,36000.0,0.0,,pass,pass
7656.0,high,mission_flight,36000.0,0.0,0.0,0.0,2294.2115,47.796073,36000.0,0.0,,pass,pass
7658.0,high,mission_flight,36000.0,0.0,0.0,0.0,2293.578167,47.782878,36000.0,0.0,,pass,pass
7660.0,high,mission_flight,36000.0,0.0,0.0,0.0,2292.944833,47.769684,36000.0,0.0,,pass,pass
7662.0,high,mission_flight,36000.0,0.0,0.0,0.0,2292.3115,47.75649,36000.0,0.0,,pass,pass
7664.0,high,mission_flight,36000.0,0.0,0.0,0.0,2291.678167,47.743295,36000.0,0.0,,pass,pass
7666.0,high,mission_flight,36000.0,0.0,0.0,0.0,2291.044833,47.730101,36000.0,0.0,,pass,pass
7668.0,high,mission_flight,36000.0,0.0,0.0,0.0,2290.4115,47.716906,36000.0,0.0,,pass,pass
7670.0,high,mission_flight,36000.0,0.0,0.0,0.0,2289.778167,47.703712,36000.0,0.0,,pass,pass
7672.0,high,mission_flight,36000.0,0.0,0.0,0.0,2289.144833,47.690517,36000.0,0.0,,pass,pass
7674.0,high,mission_flight,36000.0,0.0,0.0,0.0,2288.5115,47.677323,36000.0,0.0,,pass,pass
7676.0,high,mission_flight,36000.0,0.0,0.0,0.0,2287.878167,47.664128,36000.0,0.0,,pass,pass
7678.0,high,mission_flight,36000.0,0.0,0.0,0.0,2287.244833,47.650934,36000.0,0.0,,pass,pass
7680.0,high,mission_flight,36000.0,0.0,0.0,0.0,2286.6115,47.63774,36000.0,0.0,,pass,pass
7682.0,high,mission_flight,36000.0,0.0,0.0,0.0,2285.978167,47.624545,36000.0,0.0,,pass,pass
7684.0,high,mission_flight,36000.0,0.0,0.0,0.0,2285.344833,47.611351,36000.0,0.0,,pass,pass
7686.0,high,mission_flight,36000.0,0.0,0.0,0.0,2284.7115,47.598156,36000.0,0.0,,pass,pass
7688.0,high,mission_flight,36000.0,0.0,0.0,0.0,2284.078167,47.584962,36000.0,0.0,,pass,pass
7690.0,high,mission_flight,36000.0,0.0,0.0,0.0,2283.444833,47.571767,36000.0,0.0,,pass,pass
7692.0,high,mission_flight,36000.0,0.0,0.0,0.0,2282.8115,47.558573,36000.0,0.0,,pass,pass
7694.0,high,mission_flight,36000.0,0.0,0.0,0.0,2282.178167,47.545378,36000.0,0.0,,pass,pass
7696.0,high,mission_flight,36000.0,0.0,0.0,0.0,2281.544833,47.532184,36000.0,0.0,,pass,pass
7698.0,high,mission_flight,36000.0,0.0,0.0,0.0,2280.9115,47.51899,36000.0,0.0,,pass,pass
7700.0,high,mission_flight,36000.0,0.0,0.0,0.0,2280.278167,47.505795,36000.0,0.0,,pass,pass
7702.0,high,mission_flight,36000.0,0.0,0.0,0.0,2279.644833,47.492601,36000.0,0.0,,pass,pass
7704.0,high,mission_flight,36000.0,0.0,0.0,0.0,2279.0115,47.479406,36000.0,0.0,,pass,pass
7706.0,high,mission_flight,36000.0,0.0,0.0,0.0,2278.378167,47.466212,36000.0,0.0,,pass,pass
7708.0,high,mission_flight,36000.0,0.0,0.0,0.0,2277.744833,47.453017,36000.0,0.0,,pass,pass
7710.0,high,mission_flight,36000.0,0.0,0.0,0.0,2277.1115,47.439823,36000.0,0.0,,pass,pass
7712.0,high,mission_flight,36000.0,0.0,0.0,0.0,2276.478167,47.426628,36000.0,0.0,,pass,pass
7714.0,high,mission_flight,36000.0,0.0,0.0,0.0,2275.844833,47.413434,36000.0,0.0,,pass,pass
7716.0,high,mission_flight,36000.0,0.0,0.0,0.0,2275.2115,47.40024,36000.0,0.0,,pass,pass
7718.0,high,mission_flight,36000.0,0.0,0.0,0.0,2274.578167,47.387045,36000.0,0.0,,pass,pass
7720.0,high,mission_flight,36000.0,0.0,0.0,0.0,2273.944833,47.373851,36000.0,0.0,,pass,pass
7722.0,high,mission_flight,36000.0,0.0,0.0,0.0,2273.3115,47.360656,36000.0,0.0,,pass,pass
7724.0,high,mission_flight,36000.0,0.0,0.0,0.0,2272.678167,47.347462,36000.0,0.0,,pass,pass
7726.0,high,mission_flight,36000.0,0.0,0.0,0.0,2272.044833,47.334267,36000.0,0.0,,pass,pass
7728.0,high,mission_flight,36000.0,0.0,0.0,0.0,2271.4115,47.321073,36000.0,0.0,,pass,pass
7730.0,high,mission_flight,36000.0,0.0,0.0,0.0,2270.778167,47.307878,36000.0,0.0,,pass,pass
7732.0,high,mission_flight,36000.0,0.0,0.0,0.0,2270.144833,47.294684,36000.0,0.0,,pass,pass
7734.0,high,mission_flight,36000.0,0.0,0.0,0.0,2269.5115,47.28149,36000.0,0.0,,pass,pass
7736.0,high,mission_flight,36000.0,0.0,0.0,0.0,2268.878167,47.268295,36000.0,0.0,,pass,pass
7738.0,high,mission_flight,36000.0,0.0,0.0,0.0,2268.244833,47.255101,36000.0,0.0,,pass,pass
7740.0,high,mission_flight,36000.0,0.0,0.0,0.0,2267.6115,47.241906,36000.0,0.0,,pass,pass
7742.0,high,mission_flight,36000.0,0.0,0.0,0.0,2266.978167,47.228712,36000.0,0.0,,pass,pass
7744.0,high,mission_flight,36000.0,0.0,0.0,0.0,2266.344833,47.215517,36000.0,0.0,,pass,pass
7746.0,high,mission_flight,36000.0,0.0,0.0,0.0,2265.7115,47.202323,36000.0,0.0,,pass,pass
7748.0,high,mission_flight,36000.0,0.0,0.0,0.0,2265.078167,47.189128,36000.0,0.0,,pass,pass
7750.0,high,mission_flight,36000.0,0.0,0.0,0.0,2264.444833,47.175934,36000.0,0.0,,pass,pass
7752.0,high,mission_flight,36000.0,0.0,0.0,0.0,2263.8115,47.16274,36000.0,0.0,,pass,pass
7754.0,high,mission_flight,36000.0,0.0,0.0,0.0,2263.178167,47.149545,36000.0,0.0,,pass,pass
7756.0,high,mission_flight,36000.0,0.0,0.0,0.0,2262.544833,47.136351,36000.0,0.0,,pass,pass
7758.0,high,mission_flight,36000.0,0.0,0.0,0.0,2261.9115,47.123156,36000.0,0.0,,pass,pass
7760.0,high,mission_flight,36000.0,0.0,0.0,0.0,2261.278167,47.109962,36000.0,0.0,,pass,pass
7762.0,high,mission_flight,36000.0,0.0,0.0,0.0,2260.644833,47.096767,36000.0,0.0,,pass,pass
7764.0,high,mission_flight,36000.0,0.0,0.0,0.0,2260.0115,47.083573,36000.0,0.0,,pass,pass
7766.0,high,mission_flight,36000.0,0.0,0.0,0.0,2259.378167,47.070378,36000.0,0.0,,pass,pass
7768.0,high,mission_flight,36000.0,0.0,0.0,0.0,2258.744833,47.057184,36000.0,0.0,,pass,pass
7770.0,high,mission_flight,36000.0,0.0,0.0,0.0,2258.1115,47.04399,36000.0,0.0,,pass,pass
7772.0,high,mission_flight,36000.0,0.0,0.0,0.0,2257.478167,47.030795,36000.0,0.0,,pass,pass
7774.0,high,mission_flight,36000.0,0.0,0.0,0.0,2256.844833,47.017601,36000.0,0.0,,pass,pass
7776.0,high,mission_flight,36000.0,0.0,0.0,0.0,2256.2115,47.004406,36000.0,0.0,,pass,pass
7778.0,high,mission_flight,36000.0,0.0,0.0,0.0,2255.578167,46.991212,36000.0,0.0,,pass,pass
7780.0,high,mission_flight,36000.0,0.0,0.0,0.0,2254.944833,46.978017,36000.0,0.0,,pass,pass
7782.0,high,mission_flight,36000.0,0.0,0.0,0.0,2254.3115,46.964823,36000.0,0.0,,pass,pass
7784.0,high,mission_flight,36000.0,0.0,0.0,0.0,2253.678167,46.951628,36000.0,0.0,,pass,pass
7786.0,high,mission_flight,36000.0,0.0,0.0,0.0,2253.044833,46.938434,36000.0,0.0,,pass,pass
7788.0,high,mission_flight,36000.0,0.0,0.0,0.0,2252.4115,46.92524,36000.0,0.0,,pass,pass
7790.0,high,mission_flight,36000.0,0.0,0.0,0.0,2251.778167,46.912045,36000.0,0.0,,pass,pass
7792.0,high,mission_flight,36000.0,0.0,0.0,0.0,2251.144833,46.898851,36000.0,0.0,,pass,pass
7794.0,high,mission_flight,36000.0,0.0,0.0,0.0,2250.5115,46.885656,36000.0,0.0,,pass,pass
7796.0,high,mission_flight,36000.0,0.0,0.0,0.0,2249.878167,46.872462,36000.0,0.0,,pass,pass
7798.0,high,mission_flight,36000.0,0.0,0.0,0.0,2249.244833,46.859267,36000.0,0.0,,pass,pass
7800.0,high,mission_flight,36000.0,0.0,0.0,0.0,2248.6115,46.846073,36000.0,0.0,,pass,pass
7802.0,high,mission_flight,36000.0,0.0,0.0,0.0,2247.978167,46.832878,36000.0,0.0,,pass,pass
7804.0,high,mission_flight,36000.0,0.0,0.0,0.0,2247.344833,46.819684,36000.0,0.0,,pass,pass
7806.0,high,mission_flight,36000.0,0.0,0.0,0.0,2246.7115,46.80649,36000.0,0.0,,pass,pass
7808.0,high,mission_flight,36000.0,0.0,0.0,0.0,2246.078167,46.793295,36000.0,0.0,,pass,pass
7810.0,high,mission_flight,36000.0,0.0,0.0,0.0,2245.444833,46.780101,36000.0,0.0,,pass,pass
7812.0,high,mission_flight,36000.0,0.0,0.0,0.0,2244.8115,46.766906,36000.0,0.0,,pass,pass
7814.0,high,mission_flight,36000.0,0.0,0.0,0.0,2244.178167,46.753712,36000.0,0.0,,pass,pass
7816.0,high,mission_flight,36000.0,0.0,0.0,0.0,2243.544833,46.740517,36000.0,0.0,,pass,pass
7818.0,high,mission_flight,36000.0,0.0,0.0,0.0,2242.9115,46.727323,36000.0,0.0,,pass,pass
7820.0,high,mission_flight,36000.0,0.0,0.0,0.0,2242.278167,46.714128,36000.0,0.0,,pass,pass
7822.0,high,mission_flight,36000.0,0.0,0.0,0.0,2241.644833,46.700934,36000.0,0.0,,pass,pass
7824.0,high,mission_flight,36000.0,0.0,0.0,0.0,2241.0115,46.68774,36000.0,0.0,,pass,pass
7826.0,high,mission_flight,36000.0,0.0,0.0,0.0,2240.378167,46.674545,36000.0,0.0,,pass,pass
7828.0,high,mission_flight,36000.0,0.0,0.0,0.0,2239.744833,46.661351,36000.0,0.0,,pass,pass
7830.0,high,mission_flight,36000.0,0.0,0.0,0.0,2239.1115,46.648156,36000.0,0.0,,pass,pass
7832.0,high,mission_flight,36000.0,0.0,0.0,0.0,2238.478167,46.634962,36000.0,0.0,,pass,pass
7834.0,high,mission_flight,36000.0,0.0,0.0,0.0,2237.844833,46.621767,36000.0,0.0,,pass,pass
7836.0,high,mission_flight,36000.0,0.0,0.0,0.0,2237.2115,46.608573,36000.0,0.0,,pass,pass
7838.0,high,mission_flight,36000.0,0.0,0.0,0.0,2236.578167,46.595378,36000.0,0.0,,pass,pass
7840.0,high,mission_flight,36000.0,0.0,0.0,0.0,2235.944833,46.582184,36000.0,0.0,,pass,pass
7842.0,high,mission_flight,36000.0,0.0,0.0,0.0,2235.3115,46.56899,36000.0,0.0,,pass,pass
7844.0,high,mission_flight,36000.0,0.0,0.0,0.0,2234.678167,46.555795,36000.0,0.0,,pass,pass
7846.0,high,mission_flight,36000.0,0.0,0.0,0.0,2234.044833,46.542601,36000.0,0.0,,pass,pass
7848.0,high,mission_flight,36000.0,0.0,0.0,0.0,2233.4115,46.529406,36000.0,0.0,,pass,pass
7850.0,high,mission_flight,36000.0,0.0,0.0,0.0,2232.778167,46.516212,36000.0,0.0,,pass,pass
7852.0,high,mission_flight,36000.0,0.0,0.0,0.0,2232.144833,46.503017,36000.0,0.0,,pass,pass
7854.0,high,mission_flight,36000.0,0.0,0.0,0.0,2231.5115,46.489823,36000.0,0.0,,pass,pass
7856.0,high,mission_flight,36000.0,0.0,0.0,0.0,2230.878167,46.476628,36000.0,0.0,,pass,pass
7858.0,high,mission_flight,36000.0,0.0,0.0,0.0,2230.244833,46.463434,36000.0,0.0,,pass,pass
7860.0,high,mission_flight,36000.0,0.0,0.0,0.0,2229.6115,46.45024,36000.0,0.0,,pass,pass
7862.0,high,mission_flight,36000.0,0.0,0.0,0.0,2228.978167,46.437045,36000.0,0.0,,pass,pass
7864.0,high,mission_flight,36000.0,0.0,0.0,0.0,2228.344833,46.423851,36000.0,0.0,,pass,pass
7866.0,high,mission_flight,36000.0,0.0,0.0,0.0,2227.7115,46.410656,36000.0,0.0,,pass,pass
7868.0,high,mission_flight,36000.0,0.0,0.0,0.0,2227.078167,46.397462,36000.0,0.0,,pass,pass
7870.0,high,mission_flight,36000.0,0.0,0.0,0.0,2226.444833,46.384267,36000.0,0.0,,pass,pass
7872.0,high,mission_flight,36000.0,0.0,0.0,0.0,2225.8115,46.371073,36000.0,0.0,,pass,pass
7874.0,high,mission_flight,36000.0,0.0,0.0,0.0,2225.178167,46.357878,36000.0,0.0,,pass,pass
7876.0,high,mission_flight,36000.0,0.0,0.0,0.0,2224.544833,46.344684,36000.0,0.0,,pass,pass
7878.0,high,mission_flight,36000.0,0.0,0.0,0.0,2223.9115,46.33149,36000.0,0.0,,pass,pass
7880.0,high,mission_flight,36000.0,0.0,0.0,0.0,2223.278167,46.318295,36000.0,0.0,,pass,pass
7882.0,high,mission_flight,36000.0,0.0,0.0,0.0,2222.644833,46.305101,36000.0,0.0,,pass,pass
7884.0,high,mission_flight,36000.0,0.0,0.0,0.0,2222.0115,46.291906,36000.0,0.0,,pass,pass
7886.0,high,mission_flight,36000.0,0.0,0.0,0.0,2221.378167,46.278712,36000.0,0.0,,pass,pass
7888.0,high,mission_flight,36000.0,0.0,0.0,0.0,2220.744833,46.265517,36000.0,0.0,,pass,pass
7890.0,high,mission_flight,36000.0,0.0,0.0,0.0,2220.1115,46.252323,36000.0,0.0,,pass,pass
7892.0,high,mission_flight,36000.0,0.0,0.0,0.0,2219.478167,46.239128,36000.0,0.0,,pass,pass
7894.0,high,mission_flight,36000.0,0.0,0.0,0.0,2218.844833,46.225934,36000.0,0.0,,pass,pass
7896.0,high,mission_flight,36000.0,0.0,0.0,0.0,2218.2115,46.21274,36000.0,0.0,,pass,pass
7898.0,high,mission_flight,36000.0,0.0,0.0,0.0,2217.578167,46.199545,36000.0,0.0,,pass,pass
7900.0,high,mission_flight,36000.0,0.0,0.0,0.0,2216.944833,46.186351,36000.0,0.0,,pass,pass
7902.0,high,mission_flight,36000.0,0.0,0.0,0.0,2216.3115,46.173156,36000.0,0.0,,pass,pass
7904.0,high,mission_flight,36000.0,0.0,0.0,0.0,2215.678167,46.159962,36000.0,0.0,,pass,pass
7906.0,high,mission_flight,36000.0,0.0,0.0,0.0,2215.044833,46.146767,36000.0,0.0,,pass,pass
7908.0,high,mission_flight,36000.0,0.0,0.0,0.0,2214.4115,46.133573,36000.0,0.0,,pass,pass
7910.0,high,mission_flight,36000.0,0.0,0.0,0.0,2213.778167,46.120378,36000.0,0.0,,pass,pass
7912.0,high,mission_flight,36000.0,0.0,0.0,0.0,2213.144833,46.107184,36000.0,0.0,,pass,pass
7914.0,high,mission_flight,36000.0,0.0,0.0,0.0,2212.5115,46.09399,36000.0,0.0,,pass,pass
7916.0,high,mission_flight,36000.0,0.0,0.0,0.0,2211.878167,46.080795,36000.0,0.0,,pass,pass
7918.0,high,mission_flight,36000.0,0.0,0.0,0.0,2211.244833,46.067601,36000.0,0.0,,pass,pass
7920.0,high,mission_flight,36000.0,0.0,0.0,0.0,2210.6115,46.054406,36000.0,0.0,,pass,pass
7922.0,high,mission_flight,36000.0,0.0,0.0,0.0,2209.978167,46.041212,36000.0,0.0,,pass,pass
7924.0,high,mission_flight,36000.0,0.0,0.0,0.0,2209.344833,46.028017,36000.0,0.0,,pass,pass
7926.0,high,mission_flight,36000.0,0.0,0.0,0.0,2208.7115,46.014823,36000.0,0.0,,pass,pass
7928.0,high,mission_flight,36000.0,0.0,0.0,0.0,2208.078167,46.001628,36000.0,0.0,,pass,pass
7930.0,high,mission_flight,36000.0,0.0,0.0,0.0,2207.444833,45.988434,36000.0,0.0,,pass,pass
7932.0,high,mission_flight,36000.0,0.0,0.0,0.0,2206.8115,45.97524,36000.0,0.0,,pass,pass
7934.0,high,mission_flight,36000.0,0.0,0.0,0.0,2206.178167,45.962045,36000.0,0.0,,pass,pass
7936.0,high,mission_flight,36000.0,0.0,0.0,0.0,2205.544833,45.948851,36000.0,0.0,,pass,pass
7938.0,high,mission_flight,36000.0,0.0,0.0,0.0,2204.9115,45.935656,36000.0,0.0,,pass,pass
7940.0,high,mission_flight,36000.0,0.0,0.0,0.0,2204.278167,45.922462,36000.0,0.0,,pass,pass
7942.0,high,mission_flight,36000.0,0.0,0.0,0.0,2203.644833,45.909267,36000.0,0.0,,pass,pass
7944.0,high,mission_flight,36000.0,0.0,0.0,0.0,2203.0115,45.896073,36000.0,0.0,,pass,pass
7946.0,high,mission_flight,36000.0,0.0,0.0,0.0,2202.378167,45.882878,36000.0,0.0,,pass,pass
7948.0,high,mission_flight,36000.0,0.0,0.0,0.0,2201.744833,45.869684,36000.0,0.0,,pass,pass
7950.0,high,mission_flight,36000.0,0.0,0.0,0.0,2201.1115,45.85649,36000.0,0.0,,pass,pass
7952.0,high,mission_flight,36000.0,0.0,0.0,0.0,2200.478167,45.843295,36000.0,0.0,,pass,pass
7954.0,high,mission_flight,36000.0,0.0,0.0,0.0,2199.844833,45.830101,36000.0,0.0,,pass,pass
7956.0,high,mission_flight,36000.0,0.0,0.0,0.0,2199.2115,45.816906,36000.0,0.0,,pass,pass
7958.0,high,mission_flight,36000.0,0.0,0.0,0.0,2198.578167,45.803712,36000.0,0.0,,pass,pass
7960.0,high,mission_flight,36000.0,0.0,0.0,0.0,2197.944833,45.790517,36000.0,0.0,,pass,pass
7962.0,high,mission_flight,36000.0,0.0,0.0,0.0,2197.3115,45.777323,36000.0,0.0,,pass,pass
7964.0,high,mission_flight,36000.0,0.0,0.0,0.0,2196.678167,45.764128,36000.0,0.0,,pass,pass
7966.0,high,mission_flight,36000.0,0.0,0.0,0.0,2196.044833,45.750934,36000.0,0.0,,pass,pass
7968.0,high,mission_flight,36000.0,0.0,0.0,0.0,2195.4115,45.73774,36000.0,0.0,,pass,pass
7970.0,high,mission_flight,36000.0,0.0,0.0,0.0,2194.778167,45.724545,36000.0,0.0,,pass,pass
7972.0,high,mission_flight,36000.0,0.0,0.0,0.0,2194.144833,45.711351,36000.0,0.0,,pass,pass
7974.0,high,mission_flight,36000.0,0.0,0.0,0.0,2193.5115,45.698156,36000.0,0.0,,pass,pass
7976.0,high,mission_flight,36000.0,0.0,0.0,0.0,2192.878167,45.684962,36000.0,0.0,,pass,pass
7978.0,high,mission_flight,36000.0,0.0,0.0,0.0,2192.244833,45.671767,36000.0,0.0,,pass,pass
7980.0,high,mission_flight,36000.0,0.0,0.0,0.0,2191.6115,45.658573,36000.0,0.0,,pass,pass
7982.0,high,mission_flight,36000.0,0.0,0.0,0.0,2190.978167,45.645378,36000.0,0.0,,pass,pass
7984.0,high,mission_flight,36000.0,0.0,0.0,0.0,2190.344833,45.632184,36000.0,0.0,,pass,pass
7986.0,high,mission_flight,36000.0,0.0,0.0,0.0,2189.7115,45.61899,36000.0,0.0,,pass,pass
7988.0,high,mission_flight,36000.0,0.0,0.0,0.0,2189.078167,45.605795,36000.0,0.0,,pass,pass
7990.0,high,mission_flight,36000.0,0.0,0.0,0.0,2188.444833,45.592601,36000.0,0.0,,pass,pass
7992.0,high,mission_flight,36000.0,0.0,0.0,0.0,2187.8115,45.579406,36000.0,0.0,,pass,pass
7994.0,high,mission_flight,36000.0,0.0,0.0,0.0,2187.178167,45.566212,36000.0,0.0,,pass,pass
7996.0,high,mission_flight,36000.0,0.0,0.0,0.0,2186.544833,45.553017,36000.0,0.0,,pass,pass
7998.0,high,mission_flight,36000.0,0.0,0.0,0.0,2185.9115,45.539823,36000.0,0.0,,pass,pass
8000.0,high,mission_flight,36000.0,0.0,0.0,0.0,2185.278167,45.526628,36000.0,0.0,,pass,pass
8002.0,high,mission_flight,36000.0,0.0,0.0,0.0,2184.644833,45.513434,36000.0,0.0,,pass,pass
8004.0,high,mission_flight,36000.0,0.0,0.0,0.0,2184.0115,45.50024,36000.0,0.0,,pass,pass
8006.0,high,mission_flight,36000.0,0.0,0.0,0.0,2183.378167,45.487045,36000.0,0.0,,pass,pass
8008.0,high,mission_flight,36000.0,0.0,0.0,0.0,2182.744833,45.473851,36000.0,0.0,,pass,pass
8010.0,high,mission_flight,36000.0,0.0,0.0,0.0,2182.1115,45.460656,36000.0,0.0,,pass,pass
8012.0,high,mission_flight,36000.0,0.0,0.0,0.0,2181.478167,45.447462,36000.0,0.0,,pass,pass
8014.0,high,mission_flight,36000.0,0.0,0.0,0.0,2180.844833,45.434267,36000.0,0.0,,pass,pass
8016.0,high,mission_flight,36000.0,0.0,0.0,0.0,2180.2115,45.421073,36000.0,0.0,,pass,pass
8018.0,high,mission_flight,36000.0,0.0,0.0,0.0,2179.578167,45.407878,36000.0,0.0,,pass,pass
8020.0,high,mission_flight,36000.0,0.0,0.0,0.0,2178.944833,45.394684,36000.0,0.0,,pass,pass
8022.0,high,mission_flight,36000.0,0.0,0.0,0.0,2178.3115,45.38149,36000.0,0.0,,pass,pass
8024.0,high,mission_flight,36000.0,0.0,0.0,0.0,2177.678167,45.368295,36000.0,0.0,,pass,pass
8026.0,high,mission_flight,36000.0,0.0,0.0,0.0,2177.044833,45.355101,36000.0,0.0,,pass,pass
8028.0,high,mission_flight,36000.0,0.0,0.0,0.0,2176.4115,45.341906,36000.0,0.0,,pass,pass
8030.0,high,mission_flight,36000.0,0.0,0.0,0.0,2175.778167,45.328712,36000.0,0.0,,pass,pass
8032.0,high,mission_flight,36000.0,0.0,0.0,0.0,2175.144833,45.315517,36000.0,0.0,,pass,pass
8034.0,high,mission_flight,36000.0,0.0,0.0,0.0,2174.5115,45.302323,36000.0,0.0,,pass,pass
8036.0,high,mission_flight,36000.0,0.0,0.0,0.0,2173.878167,45.289128,36000.0,0.0,,pass,pass
8038.0,high,mission_flight,36000.0,0.0,0.0,0.0,2173.244833,45.275934,36000.0,0.0,,pass,pass
8040.0,high,mission_flight,36000.0,0.0,0.0,0.0,2172.6115,45.26274,36000.0,0.0,,pass,pass
8042.0,high,mission_flight,36000.0,0.0,0.0,0.0,2171.978167,45.249545,36000.0,0.0,,pass,pass
8044.0,high,mission_flight,36000.0,0.0,0.0,0.0,2171.344833,45.236351,36000.0,0.0,,pass,pass
8046.0,high,mission_flight,36000.0,0.0,0.0,0.0,2170.7115,45.223156,36000.0,0.0,,pass,pass
8048.0,high,mission_flight,36000.0,0.0,0.0,0.0,2170.078167,45.209962,36000.0,0.0,,pass,pass
8050.0,high,mission_flight,36000.0,0.0,0.0,0.0,2169.444833,45.196767,36000.0,0.0,,pass,pass
8052.0,high,mission_flight,36000.0,0.0,0.0,0.0,2168.8115,45.183573,36000.0,0.0,,pass,pass
8054.0,high,mission_flight,36000.0,0.0,0.0,0.0,2168.178167,45.170378,36000.0,0.0,,pass,pass
8056.0,high,mission_flight,36000.0,0.0,0.0,0.0,2167.544833,45.157184,36000.0,0.0,,pass,pass
8058.0,high,mission_flight,36000.0,0.0,0.0,0.0,2166.9115,45.14399,36000.0,0.0,,pass,pass
8060.0,high,mission_flight,36000.0,0.0,0.0,0.0,2166.278167,45.130795,36000.0,0.0,,pass,pass
8062.0,high,mission_flight,36000.0,0.0,0.0,0.0,2165.644833,45.117601,36000.0,0.0,,pass,pass
8064.0,high,mission_flight,36000.0,0.0,0.0,0.0,2165.0115,45.104406,36000.0,0.0,,pass,pass
8066.0,high,mission_flight,36000.0,0.0,0.0,0.0,2164.378167,45.091212,36000.0,0.0,,pass,pass
8068.0,high,mission_flight,36000.0,0.0,0.0,0.0,2163.744833,45.078017,36000.0,0.0,,pass,pass
8070.0,high,mission_flight,36000.0,0.0,0.0,0.0,2163.1115,45.064823,36000.0,0.0,,pass,pass
8072.0,high,mission_flight,36000.0,0.0,0.0,0.0,2162.478167,45.051628,36000.0,0.0,,pass,pass
8074.0,high,mission_flight,36000.0,0.0,0.0,0.0,2161.844833,45.038434,36000.0,0.0,,pass,pass
8076.0,high,mission_flight,36000.0,0.0,0.0,0.0,2161.2115,45.02524,36000.0,0.0,,pass,pass
8078.0,high,mission_flight,36000.0,0.0,0.0,0.0,2160.578167,45.012045,36000.0,0.0,,pass,pass
8080.0,high,mission_flight,36000.0,0.0,0.0,0.0,2159.944833,44.998851,36000.0,0.0,,pass,pass
8082.0,high,mission_flight,36000.0,0.0,0.0,0.0,2159.3115,44.985656,36000.0,0.0,,pass,pass
8084.0,high,mission_flight,36000.0,0.0,0.0,0.0,2158.678167,44.972462,36000.0,0.0,,pass,pass
8086.0,high,mission_flight,36000.0,0.0,0.0,0.0,2158.044833,44.959267,36000.0,0.0,,pass,pass
8088.0,high,mission_flight,36000.0,0.0,0.0,0.0,2157.4115,44.946073,36000.0,0.0,,pass,pass
8090.0,high,mission_flight,36000.0,0.0,0.0,0.0,2156.778167,44.932878,36000.0,0.0,,pass,pass
8092.0,high,mission_flight,36000.0,0.0,0.0,0.0,2156.144833,44.919684,36000.0,0.0,,pass,pass
8094.0,high,mission_flight,36000.0,0.0,0.0,0.0,2155.5115,44.90649,36000.0,0.0,,pass,pass
8096.0,high,mission_flight,36000.0,0.0,0.0,0.0,2154.878167,44.893295,36000.0,0.0,,pass,pass
8098.0,high,mission_flight,36000.0,0.0,0.0,0.0,2154.244833,44.880101,36000.0,0.0,,pass,pass
8100.0,high,mission_flight,36000.0,0.0,0.0,0.0,2153.6115,44.866906,36000.0,0.0,,pass,pass
8102.0,high,mission_flight,36000.0,0.0,0.0,0.0,2152.978167,44.853712,36000.0,0.0,,pass,pass
8104.0,high,mission_flight,36000.0,0.0,0.0,0.0,2152.344833,44.840517,36000.0,0.0,,pass,pass
8106.0,high,mission_flight,36000.0,0.0,0.0,0.0,2151.7115,44.827323,36000.0,0.0,,pass,pass
8108.0,high,mission_flight,36000.0,0.0,0.0,0.0,2151.078167,44.814128,36000.0,0.0,,pass,pass
8110.0,high,mission_flight,36000.0,0.0,0.0,0.0,2150.444833,44.800934,36000.0,0.0,,pass,pass
8112.0,high,mission_flight,36000.0,0.0,0.0,0.0,2149.8115,44.78774,36000.0,0.0,,pass,pass
8114.0,high,mission_flight,36000.0,0.0,0.0,0.0,2149.178167,44.774545,36000.0,0.0,,pass,pass
8116.0,high,mission_flight,36000.0,0.0,0.0,0.0,2148.544833,44.761351,36000.0,0.0,,pass,pass
8118.0,high,mission_flight,36000.0,0.0,0.0,0.0,2147.9115,44.748156,36000.0,0.0,,pass,pass
8120.0,high,mission_flight,36000.0,0.0,0.0,0.0,2147.278167,44.734962,36000.0,0.0,,pass,pass
8122.0,high,mission_flight,36000.0,0.0,0.0,0.0,2146.644833,44.721767,36000.0,0.0,,pass,pass
8124.0,high,mission_flight,36000.0,0.0,0.0,0.0,2146.0115,44.708573,36000.0,0.0,,pass,pass
8126.0,high,mission_flight,36000.0,0.0,0.0,0.0,2145.378167,44.695378,36000.0,0.0,,pass,pass
8128.0,high,mission_flight,36000.0,0.0,0.0,0.0,2144.744833,44.682184,36000.0,0.0,,pass,pass
8130.0,high,mission_flight,36000.0,0.0,0.0,0.0,2144.1115,44.66899,36000.0,0.0,,pass,pass
8132.0,high,mission_flight,36000.0,0.0,0.0,0.0,2143.478167,44.655795,36000.0,0.0,,pass,pass
8134.0,high,mission_flight,36000.0,0.0,0.0,0.0,2142.844833,44.642601,36000.0,0.0,,pass,pass
8136.0,high,mission_flight,36000.0,0.0,0.0,0.0,2142.2115,44.629406,36000.0,0.0,,pass,pass
8138.0,high,mission_flight,36000.0,0.0,0.0,0.0,2141.578167,44.616212,36000.0,0.0,,pass,pass
8140.0,high,mission_flight,36000.0,0.0,0.0,0.0,2140.944833,44.603017,36000.0,0.0,,pass,pass
8142.0,high,mission_flight,36000.0,0.0,0.0,0.0,2140.3115,44.589823,36000.0,0.0,,pass,pass
8144.0,high,mission_flight,36000.0,0.0,0.0,0.0,2139.678167,44.576628,36000.0,0.0,,pass,pass
8146.0,high,mission_flight,36000.0,0.0,0.0,0.0,2139.044833,44.563434,36000.0,0.0,,pass,pass
8148.0,high,mission_flight,36000.0,0.0,0.0,0.0,2138.4115,44.55024,36000.0,0.0,,pass,pass
8150.0,high,mission_flight,36000.0,0.0,0.0,0.0,2137.778167,44.537045,36000.0,0.0,,pass,pass
8152.0,high,mission_flight,36000.0,0.0,0.0,0.0,2137.144833,44.523851,36000.0,0.0,,pass,pass
8154.0,high,mission_flight,36000.0,0.0,0.0,0.0,2136.5115,44.510656,36000.0,0.0,,pass,pass
8156.0,high,mission_flight,36000.0,0.0,0.0,0.0,2135.878167,44.497462,36000.0,0.0,,pass,pass
8158.0,high,mission_flight,36000.0,0.0,0.0,0.0,2135.244833,44.484267,36000.0,0.0,,pass,pass
8160.0,high,mission_flight,36000.0,0.0,0.0,0.0,2134.6115,44.471073,36000.0,0.0,,pass,pass
8162.0,high,mission_flight,36000.0,0.0,0.0,0.0,2133.978167,44.457878,36000.0,0.0,,pass,pass
8164.0,high,mission_flight,36000.0,0.0,0.0,0.0,2133.344833,44.444684,36000.0,0.0,,pass,pass
8166.0,high,mission_flight,36000.0,0.0,0.0,0.0,2132.7115,44.43149,36000.0,0.0,,pass,pass
8168.0,high,mission_flight,36000.0,0.0,0.0,0.0,2132.078167,44.418295,36000.0,0.0,,pass,pass
8170.0,high,mission_flight,36000.0,0.0,0.0,0.0,2131.444833,44.405101,36000.0,0.0,,pass,pass
8172.0,high,mission_flight,36000.0,0.0,0.0,0.0,2130.8115,44.391906,36000.0,0.0,,pass,pass
8174.0,high,mission_flight,36000.0,0.0,0.0,0.0,2130.178167,44.378712,36000.0,0.0,,pass,pass
8176.0,high,mission_flight,36000.0,0.0,0.0,0.0,2129.544833,44.365517,36000.0,0.0,,pass,pass
8178.0,high,mission_flight,36000.0,0.0,0.0,0.0,2128.9115,44.352323,36000.0,0.0,,pass,pass
8180.0,high,mission_flight,36000.0,0.0,0.0,0.0,2128.278167,44.339128,36000.0,0.0,,pass,pass
8182.0,high,mission_flight,36000.0,0.0,0.0,0.0,2127.644833,44.325934,36000.0,0.0,,pass,pass
8184.0,high,mission_flight,36000.0,0.0,0.0,0.0,2127.0115,44.31274,36000.0,0.0,,pass,pass
8186.0,high,mission_flight,36000.0,0.0,0.0,0.0,2126.378167,44.299545,36000.0,0.0,,pass,pass
8188.0,high,mission_flight,36000.0,0.0,0.0,0.0,2125.744833,44.286351,36000.0,0.0,,pass,pass
8190.0,high,mission_flight,36000.0,0.0,0.0,0.0,2125.1115,44.273156,36000.0,0.0,,pass,pass
8192.0,high,mission_flight,36000.0,0.0,0.0,0.0,2124.478167,44.259962,36000.0,0.0,,pass,pass
8194.0,high,mission_flight,36000.0,0.0,0.0,0.0,2123.844833,44.246767,36000.0,0.0,,pass,pass
8196.0,high,mission_flight,36000.0,0.0,0.0,0.0,2123.2115,44.233573,36000.0,0.0,,pass,pass
8198.0,high,mission_flight,36000.0,0.0,0.0,0.0,2122.578167,44.220378,36000.0,0.0,,pass,pass
8200.0,high,mission_flight,36000.0,0.0,0.0,0.0,2121.944833,44.207184,36000.0,0.0,,pass,pass
8202.0,high,mission_flight,36000.0,0.0,0.0,0.0,2121.3115,44.19399,36000.0,0.0,,pass,pass
8204.0,high,mission_flight,36000.0,0.0,0.0,0.0,2120.678167,44.180795,36000.0,0.0,,pass,pass
8206.0,high,mission_flight,36000.0,0.0,0.0,0.0,2120.044833,44.167601,36000.0,0.0,,pass,pass
8208.0,high,mission_flight,36000.0,0.0,0.0,0.0,2119.4115,44.154406,36000.0,0.0,,pass,pass
8210.0,high,mission_flight,36000.0,0.0,0.0,0.0,2118.778167,44.141212,36000.0,0.0,,pass,pass
8212.0,high,mission_flight,36000.0,0.0,0.0,0.0,2118.144833,44.128017,36000.0,0.0,,pass,pass
8214.0,high,mission_flight,36000.0,0.0,0.0,0.0,2117.5115,44.114823,36000.0,0.0,,pass,pass
8216.0,high,mission_flight,36000.0,0.0,0.0,0.0,2116.878167,44.101628,36000.0,0.0,,pass,pass
8218.0,high,mission_flight,36000.0,0.0,0.0,0.0,2116.244833,44.088434,36000.0,0.0,,pass,pass
8220.0,high,mission_flight,36000.0,0.0,0.0,0.0,2115.6115,44.07524,36000.0,0.0,,pass,pass
8222.0,high,mission_flight,36000.0,0.0,0.0,0.0,2114.978167,44.062045,36000.0,0.0,,pass,pass
8224.0,high,mission_flight,36000.0,0.0,0.0,0.0,2114.344833,44.048851,36000.0,0.0,,pass,pass
8226.0,high,mission_flight,36000.0,0.0,0.0,0.0,2113.7115,44.035656,36000.0,0.0,,pass,pass
8228.0,high,mission_flight,36000.0,0.0,0.0,0.0,2113.078167,44.022462,36000.0,0.0,,pass,pass
8230.0,high,mission_flight,36000.0,0.0,0.0,0.0,2112.444833,44.009267,36000.0,0.0,,pass,pass
8232.0,high,mission_flight,36000.0,0.0,0.0,0.0,2111.8115,43.996073,36000.0,0.0,,pass,pass
8234.0,high,mission_flight,36000.0,0.0,0.0,0.0,2111.178167,43.982878,36000.0,0.0,,pass,pass
8236.0,high,mission_flight,36000.0,0.0,0.0,0.0,2110.544833,43.969684,36000.0,0.0,,pass,pass
8238.0,high,mission_flight,36000.0,0.0,0.0,0.0,2109.9115,43.95649,36000.0,0.0,,pass,pass
8240.0,high,mission_flight,36000.0,0.0,0.0,0.0,2109.278167,43.943295,36000.0,0.0,,pass,pass
8242.0,high,mission_flight,36000.0,0.0,0.0,0.0,2108.644833,43.930101,36000.0,0.0,,pass,pass
8244.0,high,mission_flight,36000.0,0.0,0.0,0.0,2108.0115,43.916906,36000.0,0.0,,pass,pass
8246.0,high,mission_flight,36000.0,0.0,0.0,0.0,2107.378167,43.903712,36000.0,0.0,,pass,pass
8248.0,high,mission_flight,36000.0,0.0,0.0,0.0,2106.744833,43.890517,36000.0,0.0,,pass,pass
8250.0,high,mission_flight,36000.0,0.0,0.0,0.0,2106.1115,43.877323,36000.0,0.0,,pass,pass
8252.0,high,mission_flight,36000.0,0.0,0.0,0.0,2105.478167,43.864128,36000.0,0.0,,pass,pass
8254.0,high,mission_flight,36000.0,0.0,0.0,0.0,2104.844833,43.850934,36000.0,0.0,,pass,pass
8256.0,high,mission_flight,36000.0,0.0,0.0,0.0,2104.2115,43.83774,36000.0,0.0,,pass,pass
8258.0,high,mission_flight,36000.0,0.0,0.0,0.0,2103.578167,43.824545,36000.0,0.0,,pass,pass
8260.0,high,mission_flight,36000.0,0.0,0.0,0.0,2102.944833,43.811351,36000.0,0.0,,pass,pass
8262.0,high,mission_flight,36000.0,0.0,0.0,0.0,2102.3115,43.798156,36000.0,0.0,,pass,pass
8264.0,high,mission_flight,36000.0,0.0,0.0,0.0,2101.678167,43.784962,36000.0,0.0,,pass,pass
8266.0,high,mission_flight,36000.0,0.0,0.0,0.0,2101.044833,43.771767,36000.0,0.0,,pass,pass
8268.0,high,mission_flight,36000.0,0.0,0.0,0.0,2100.4115,43.758573,36000.0,0.0,,pass,pass
8270.0,high,mission_flight,36000.0,0.0,0.0,0.0,2099.778167,43.745378,36000.0,0.0,,pass,pass
8272.0,high,mission_flight,36000.0,0.0,0.0,0.0,2099.144833,43.732184,36000.0,0.0,,pass,pass
8274.0,high,mission_flight,36000.0,0.0,0.0,0.0,2098.5115,43.71899,36000.0,0.0,,pass,pass
8276.0,high,mission_flight,36000.0,0.0,0.0,0.0,2097.878167,43.705795,36000.0,0.0,,pass,pass
8278.0,high,mission_flight,36000.0,0.0,0.0,0.0,2097.244833,43.692601,36000.0,0.0,,pass,pass
8280.0,high,mission_flight,36000.0,0.0,0.0,0.0,2096.6115,43.679406,36000.0,0.0,,pass,pass
8282.0,high,mission_flight,36000.0,0.0,0.0,0.0,2095.978167,43.666212,36000.0,0.0,,pass,pass
8284.0,high,mission_flight,36000.0,0.0,0.0,0.0,2095.344833,43.653017,36000.0,0.0,,pass,pass
8286.0,high,mission_flight,36000.0,0.0,0.0,0.0,2094.7115,43.639823,36000.0,0.0,,pass,pass
8288.0,high,mission_flight,36000.0,0.0,0.0,0.0,2094.078167,43.626628,36000.0,0.0,,pass,pass
8290.0,high,mission_flight,36000.0,0.0,0.0,0.0,2093.444833,43.613434,36000.0,0.0,,pass,pass
8292.0,high,mission_flight,36000.0,0.0,0.0,0.0,2092.8115,43.60024,36000.0,0.0,,pass,pass
8294.0,high,mission_flight,36000.0,0.0,0.0,0.0,2092.178167,43.587045,36000.0,0.0,,pass,pass
8296.0,high,mission_flight,36000.0,0.0,0.0,0.0,2091.544833,43.573851,36000.0,0.0,,pass,pass
8298.0,high,mission_flight,36000.0,0.0,0.0,0.0,2090.9115,43.560656,36000.0,0.0,,pass,pass
8300.0,high,mission_flight,36000.0,0.0,0.0,0.0,2090.278167,43.547462,36000.0,0.0,,pass,pass
8302.0,high,mission_flight,36000.0,0.0,0.0,0.0,2089.644833,43.534267,36000.0,0.0,,pass,pass
8304.0,high,mission_flight,36000.0,0.0,0.0,0.0,2089.0115,43.521073,36000.0,0.0,,pass,pass
8306.0,high,mission_flight,36000.0,0.0,0.0,0.0,2088.378167,43.507878,36000.0,0.0,,pass,pass
8308.0,high,mission_flight,36000.0,0.0,0.0,0.0,2087.744833,43.494684,36000.0,0.0,,pass,pass
8310.0,high,mission_flight,36000.0,0.0,0.0,0.0,2087.1115,43.48149,36000.0,0.0,,pass,pass
8312.0,high,mission_flight,36000.0,0.0,0.0,0.0,2086.478167,43.468295,36000.0,0.0,,pass,pass
8314.0,high,mission_flight,36000.0,0.0,0.0,0.0,2085.844833,43.455101,36000.0,0.0,,pass,pass
8316.0,high,mission_flight,36000.0,0.0,0.0,0.0,2085.2115,43.441906,36000.0,0.0,,pass,pass
8318.0,high,mission_flight,36000.0,0.0,0.0,0.0,2084.578167,43.428712,36000.0,0.0,,pass,pass
8320.0,high,mission_flight,36000.0,0.0,0.0,0.0,2083.944833,43.415517,36000.0,0.0,,pass,pass
8322.0,high,mission_flight,36000.0,0.0,0.0,0.0,2083.3115,43.402323,36000.0,0.0,,pass,pass
8324.0,high,mission_flight,36000.0,0.0,0.0,0.0,2082.678167,43.389128,36000.0,0.0,,pass,pass
8326.0,high,mission_flight,36000.0,0.0,0.0,0.0,2082.044833,43.375934,36000.0,0.0,,pass,pass
8328.0,high,mission_flight,36000.0,0.0,0.0,0.0,2081.4115,43.36274,36000.0,0.0,,pass,pass
8330.0,high,mission_flight,36000.0,0.0,0.0,0.0,2080.778167,43.349545,36000.0,0.0,,pass,pass
8332.0,high,mission_flight,36000.0,0.0,0.0,0.0,2080.144833,43.336351,36000.0,0.0,,pass,pass
8334.0,high,mission_flight,36000.0,0.0,0.0,0.0,2079.5115,43.323156,36000.0,0.0,,pass,pass
8336.0,high,mission_flight,36000.0,0.0,0.0,0.0,2078.878167,43.309962,36000.0,0.0,,pass,pass
8338.0,high,mission_flight,36000.0,0.0,0.0,0.0,2078.244833,43.296767,36000.0,0.0,,pass,pass
8340.0,high,mission_flight,36000.0,0.0,0.0,0.0,2077.6115,43.283573,36000.0,0.0,,pass,pass
8342.0,high,mission_flight,36000.0,0.0,0.0,0.0,2076.978167,43.270378,36000.0,0.0,,pass,pass
8344.0,high,mission_flight,36000.0,0.0,0.0,0.0,2076.344833,43.257184,36000.0,0.0,,pass,pass
8346.0,high,mission_flight,36000.0,0.0,0.0,0.0,2075.7115,43.24399,36000.0,0.0,,pass,pass
8348.0,high,mission_flight,36000.0,0.0,0.0,0.0,2075.078167,43.230795,36000.0,0.0,,pass,pass
8350.0,high,mission_flight,36000.0,0.0,0.0,0.0,2074.444833,43.217601,36000.0,0.0,,pass,pass
8352.0,high,mission_flight,36000.0,0.0,0.0,0.0,2073.8115,43.204406,36000.0,0.0,,pass,pass
8354.0,high,mission_flight,36000.0,0.0,0.0,0.0,2073.178167,43.191212,36000.0,0.0,,pass,pass
8356.0,high,mission_flight,36000.0,0.0,0.0,0.0,2072.544833,43.178017,36000.0,0.0,,pass,pass
8358.0,high,mission_flight,36000.0,0.0,0.0,0.0,2071.9115,43.164823,36000.0,0.0,,pass,pass
8360.0,high,mission_flight,36000.0,0.0,0.0,0.0,2071.278167,43.151628,36000.0,0.0,,pass,pass
8362.0,high,mission_flight,36000.0,0.0,0.0,0.0,2070.644833,43.138434,36000.0,0.0,,pass,pass
8364.0,high,mission_flight,36000.0,0.0,0.0,0.0,2070.0115,43.12524,36000.0,0.0,,pass,pass
8366.0,high,mission_flight,36000.0,0.0,0.0,0.0,2069.378167,43.112045,36000.0,0.0,,pass,pass
8368.0,high,mission_flight,36000.0,0.0,0.0,0.0,2068.744833,43.098851,36000.0,0.0,,pass,pass
8370.0,high,mission_flight,36000.0,0.0,0.0,0.0,2068.1115,43.085656,36000.0,0.0,,pass,pass
8372.0,high,mission_flight,36000.0,0.0,0.0,0.0,2067.478167,43.072462,36000.0,0.0,,pass,pass
8374.0,high,mission_flight,36000.0,0.0,0.0,0.0,2066.844833,43.059267,36000.0,0.0,,pass,pass
8376.0,high,mission_flight,36000.0,0.0,0.0,0.0,2066.2115,43.046073,36000.0,0.0,,pass,pass
8378.0,high,mission_flight,36000.0,0.0,0.0,0.0,2065.578167,43.032878,36000.0,0.0,,pass,pass
8380.0,high,mission_flight,36000.0,0.0,0.0,0.0,2064.944833,43.019684,36000.0,0.0,,pass,pass
8382.0,high,mission_flight,36000.0,0.0,0.0,0.0,2064.3115,43.00649,36000.0,0.0,,pass,pass
8384.0,high,mission_flight,36000.0,0.0,0.0,0.0,2063.678167,42.993295,36000.0,0.0,,pass,pass
8386.0,high,mission_flight,36000.0,0.0,0.0,0.0,2063.044833,42.980101,36000.0,0.0,,pass,pass
8388.0,high,mission_flight,36000.0,0.0,0.0,0.0,2062.4115,42.966906,36000.0,0.0,,pass,pass
8390.0,high,mission_flight,36000.0,0.0,0.0,0.0,2061.778167,42.953712,36000.0,0.0,,pass,pass
8392.0,high,mission_flight,36000.0,0.0,0.0,0.0,2061.144833,42.940517,36000.0,0.0,,pass,pass
8394.0,high,mission_flight,36000.0,0.0,0.0,0.0,2060.5115,42.927323,36000.0,0.0,,pass,pass
8396.0,high,mission_flight,36000.0,0.0,0.0,0.0,2059.878167,42.914128,36000.0,0.0,,pass,pass
8398.0,high,mission_flight,36000.0,0.0,0.0,0.0,2059.244833,42.900934,36000.0,0.0,,pass,pass
8400.0,high,mission_flight,36000.0,0.0,0.0,0.0,2058.6115,42.88774,36000.0,0.0,,pass,pass
8402.0,high,mission_flight,36000.0,0.0,0.0,0.0,2057.978167,42.874545,36000.0,0.0,,pass,pass
8404.0,high,mission_flight,36000.0,0.0,0.0,0.0,2057.344833,42.861351,36000.0,0.0,,pass,pass
8406.0,high,mission_flight,36000.0,0.0,0.0,0.0,2056.7115,42.848156,36000.0,0.0,,pass,pass
8408.0,high,mission_flight,36000.0,0.0,0.0,0.0,2056.078167,42.834962,36000.0,0.0,,pass,pass
8410.0,high,mission_flight,36000.0,0.0,0.0,0.0,2055.444833,42.821767,36000.0,0.0,,pass,pass
8412.0,high,mission_flight,36000.0,0.0,0.0,0.0,2054.8115,42.808573,36000.0,0.0,,pass,pass
8414.0,high,mission_flight,36000.0,0.0,0.0,0.0,2054.178167,42.795378,36000.0,0.0,,pass,pass
8416.0,high,mission_flight,36000.0,0.0,0.0,0.0,2053.544833,42.782184,36000.0,0.0,,pass,pass
8418.0,high,mission_flight,36000.0,0.0,0.0,0.0,2052.9115,42.76899,36000.0,0.0,,pass,pass
8420.0,high,mission_flight,36000.0,0.0,0.0,0.0,2052.278167,42.755795,36000.0,0.0,,pass,pass
8422.0,high,mission_flight,36000.0,0.0,0.0,0.0,2051.644833,42.742601,36000.0,0.0,,pass,pass
8424.0,high,mission_flight,36000.0,0.0,0.0,0.0,2051.0115,42.729406,36000.0,0.0,,pass,pass
8426.0,high,mission_flight,36000.0,0.0,0.0,0.0,2050.378167,42.716212,36000.0,0.0,,pass,pass
8428.0,high,mission_flight,36000.0,0.0,0.0,0.0,2049.744833,42.703017,36000.0,0.0,,pass,pass
8430.0,high,mission_flight,36000.0,0.0,0.0,0.0,2049.1115,42.689823,36000.0,0.0,,pass,pass
8432.0,high,mission_flight,36000.0,0.0,0.0,0.0,2048.478167,42.676628,36000.0,0.0,,pass,pass
8434.0,high,mission_flight,36000.0,0.0,0.0,0.0,2047.844833,42.663434,36000.0,0.0,,pass,pass
8436.0,high,mission_flight,36000.0,0.0,0.0,0.0,2047.2115,42.65024,36000.0,0.0,,pass,pass
8438.0,high,mission_flight,36000.0,0.0,0.0,0.0,2046.578167,42.637045,36000.0,0.0,,pass,pass
8440.0,high,mission_flight,36000.0,0.0,0.0,0.0,2045.944833,42.623851,36000.0,0.0,,pass,pass
8442.0,high,mission_flight,36000.0,0.0,0.0,0.0,2045.3115,42.610656,36000.0,0.0,,pass,pass
8444.0,high,mission_flight,36000.0,0.0,0.0,0.0,2044.678167,42.597462,36000.0,0.0,,pass,pass
8446.0,high,mission_flight,36000.0,0.0,0.0,0.0,2044.044833,42.584267,36000.0,0.0,,pass,pass
8448.0,high,mission_flight,36000.0,0.0,0.0,0.0,2043.4115,42.571073,36000.0,0.0,,pass,pass
8450.0,high,mission_flight,36000.0,0.0,0.0,0.0,2042.778167,42.557878,36000.0,0.0,,pass,pass
8452.0,high,mission_flight,36000.0,0.0,0.0,0.0,2042.144833,42.544684,36000.0,0.0,,pass,pass
8454.0,high,mission_flight,36000.0,0.0,0.0,0.0,2041.5115,42.53149,36000.0,0.0,,pass,pass
8456.0,high,mission_flight,36000.0,0.0,0.0,0.0,2040.878167,42.518295,36000.0,0.0,,pass,pass
8458.0,high,mission_flight,36000.0,0.0,0.0,0.0,2040.244833,42.505101,36000.0,0.0,,pass,pass
8460.0,high,mission_flight,36000.0,0.0,0.0,0.0,2039.6115,42.491906,36000.0,0.0,,pass,pass
8462.0,high,mission_flight,36000.0,0.0,0.0,0.0,2038.978167,42.478712,36000.0,0.0,,pass,pass
8464.0,high,mission_flight,36000.0,0.0,0.0,0.0,2038.344833,42.465517,36000.0,0.0,,pass,pass
8466.0,high,mission_flight,36000.0,0.0,0.0,0.0,2037.7115,42.452323,36000.0,0.0,,pass,pass
8468.0,high,mission_flight,36000.0,0.0,0.0,0.0,2037.078167,42.439128,36000.0,0.0,,pass,pass
8470.0,high,mission_flight,36000.0,0.0,0.0,0.0,2036.444833,42.425934,36000.0,0.0,,pass,pass
8472.0,high,mission_flight,36000.0,0.0,0.0,0.0,2035.8115,42.41274,36000.0,0.0,,pass,pass
8474.0,high,mission_flight,36000.0,0.0,0.0,0.0,2035.178167,42.399545,36000.0,0.0,,pass,pass
8476.0,high,mission_flight,36000.0,0.0,0.0,0.0,2034.544833,42.386351,36000.0,0.0,,pass,pass
8478.0,high,mission_flight,36000.0,0.0,0.0,0.0,2033.9115,42.373156,36000.0,0.0,,pass,pass
8480.0,high,mission_flight,36000.0,0.0,0.0,0.0,2033.278167,42.359962,36000.0,0.0,,pass,pass
8482.0,high,mission_flight,36000.0,0.0,0.0,0.0,2032.644833,42.346767,36000.0,0.0,,pass,pass
8484.0,high,mission_flight,36000.0,0.0,0.0,0.0,2032.0115,42.333573,36000.0,0.0,,pass,pass
8486.0,high,mission_flight,36000.0,0.0,0.0,0.0,2031.378167,42.320378,36000.0,0.0,,pass,pass
8488.0,high,mission_flight,36000.0,0.0,0.0,0.0,2030.744833,42.307184,36000.0,0.0,,pass,pass
8490.0,high,mission_flight,36000.0,0.0,0.0,0.0,2030.1115,42.29399,36000.0,0.0,,pass,pass
8492.0,high,mission_flight,36000.0,0.0,0.0,0.0,2029.478167,42.280795,36000.0,0.0,,pass,pass
8494.0,high,mission_flight,36000.0,0.0,0.0,0.0,2028.844833,42.267601,36000.0,0.0,,pass,pass
8496.0,high,mission_flight,36000.0,0.0,0.0,0.0,2028.2115,42.254406,36000.0,0.0,,pass,pass
8498.0,high,mission_flight,36000.0,0.0,0.0,0.0,2027.578167,42.241212,36000.0,0.0,,pass,pass
8500.0,high,mission_flight,36000.0,0.0,0.0,0.0,2026.944833,42.228017,36000.0,0.0,,pass,pass
8502.0,high,mission_flight,36000.0,0.0,0.0,0.0,2026.3115,42.214823,36000.0,0.0,,pass,pass
8504.0,high,mission_flight,36000.0,0.0,0.0,0.0,2025.678167,42.201628,36000.0,0.0,,pass,pass
8506.0,high,mission_flight,36000.0,0.0,0.0,0.0,2025.044833,42.188434,36000.0,0.0,,pass,pass
8508.0,high,mission_flight,36000.0,0.0,0.0,0.0,2024.4115,42.17524,36000.0,0.0,,pass,pass
8510.0,high,mission_flight,36000.0,0.0,0.0,0.0,2023.778167,42.162045,36000.0,0.0,,pass,pass
8512.0,high,mission_flight,36000.0,0.0,0.0,0.0,2023.144833,42.148851,36000.0,0.0,,pass,pass
8514.0,high,mission_flight,36000.0,0.0,0.0,0.0,2022.5115,42.135656,36000.0,0.0,,pass,pass
8516.0,high,mission_flight,36000.0,0.0,0.0,0.0,2021.878167,42.122462,36000.0,0.0,,pass,pass
8518.0,high,mission_flight,36000.0,0.0,0.0,0.0,2021.244833,42.109267,36000.0,0.0,,pass,pass
8520.0,high,mission_flight,36000.0,0.0,0.0,0.0,2020.6115,42.096073,36000.0,0.0,,pass,pass
8522.0,high,mission_flight,36000.0,0.0,0.0,0.0,2019.978167,42.082878,36000.0,0.0,,pass,pass
8524.0,high,mission_flight,36000.0,0.0,0.0,0.0,2019.344833,42.069684,36000.0,0.0,,pass,pass
8526.0,high,mission_flight,36000.0,0.0,0.0,0.0,2018.7115,42.05649,36000.0,0.0,,pass,pass
8528.0,high,mission_flight,36000.0,0.0,0.0,0.0,2018.078167,42.043295,36000.0,0.0,,pass,pass
8530.0,high,mission_flight,36000.0,0.0,0.0,0.0,2017.444833,42.030101,36000.0,0.0,,pass,pass
8532.0,high,mission_flight,36000.0,0.0,0.0,0.0,2016.8115,42.016906,36000.0,0.0,,pass,pass
8534.0,high,mission_flight,36000.0,0.0,0.0,0.0,2016.178167,42.003712,36000.0,0.0,,pass,pass
8536.0,high,mission_flight,36000.0,0.0,0.0,0.0,2015.544833,41.990517,36000.0,0.0,,pass,pass
8538.0,high,mission_flight,36000.0,0.0,0.0,0.0,2014.9115,41.977323,36000.0,0.0,,pass,pass
8540.0,high,mission_flight,36000.0,0.0,0.0,0.0,2014.278167,41.964128,36000.0,0.0,,pass,pass
8542.0,high,mission_flight,36000.0,0.0,0.0,0.0,2013.644833,41.950934,36000.0,0.0,,pass,pass
8544.0,high,mission_flight,36000.0,0.0,0.0,0.0,2013.0115,41.93774,36000.0,0.0,,pass,pass
8546.0,high,mission_flight,36000.0,0.0,0.0,0.0,2012.378167,41.924545,36000.0,0.0,,pass,pass
8548.0,high,mission_flight,36000.0,0.0,0.0,0.0,2011.744833,41.911351,36000.0,0.0,,pass,pass
8550.0,high,mission_flight,36000.0,0.0,0.0,0.0,2011.1115,41.898156,36000.0,0.0,,pass,pass
8552.0,high,mission_flight,36000.0,0.0,0.0,0.0,2010.478167,41.884962,36000.0,0.0,,pass,pass
8554.0,high,mission_flight,36000.0,0.0,0.0,0.0,2009.844833,41.871767,36000.0,0.0,,pass,pass
8556.0,high,mission_flight,36000.0,0.0,0.0,0.0,2009.2115,41.858573,36000.0,0.0,,pass,pass
8558.0,high,mission_flight,36000.0,0.0,0.0,0.0,2008.578167,41.845378,36000.0,0.0,,pass,pass
8560.0,high,mission_flight,36000.0,0.0,0.0,0.0,2007.944833,41.832184,36000.0,0.0,,pass,pass
8562.0,high,mission_flight,36000.0,0.0,0.0,0.0,2007.3115,41.81899,36000.0,0.0,,pass,pass
8564.0,high,mission_flight,36000.0,0.0,0.0,0.0,2006.678167,41.805795,36000.0,0.0,,pass,pass
8566.0,high,mission_flight,36000.0,0.0,0.0,0.0,2006.044833,41.792601,36000.0,0.0,,pass,pass
8568.0,high,mission_flight,36000.0,0.0,0.0,0.0,2005.4115,41.779406,36000.0,0.0,,pass,pass
8570.0,high,mission_flight,36000.0,0.0,0.0,0.0,2004.778167,41.766212,36000.0,0.0,,pass,pass
8572.0,high,mission_flight,36000.0,0.0,0.0,0.0,2004.144833,41.753017,36000.0,0.0,,pass,pass
8574.0,high,mission_flight,36000.0,0.0,0.0,0.0,2003.5115,41.739823,36000.0,0.0,,pass,pass
8576.0,high,mission_flight,36000.0,0.0,0.0,0.0,2002.878167,41.726628,36000.0,0.0,,pass,pass
8578.0,high,mission_flight,36000.0,0.0,0.0,0.0,2002.244833,41.713434,36000.0,0.0,,pass,pass
8580.0,high,mission_flight,36000.0,0.0,0.0,0.0,2001.6115,41.70024,36000.0,0.0,,pass,pass
8582.0,high,mission_flight,36000.0,0.0,0.0,0.0,2000.978167,41.687045,36000.0,0.0,,pass,pass
8584.0,high,mission_flight,36000.0,0.0,0.0,0.0,2000.344833,41.673851,36000.0,0.0,,pass,pass
8586.0,high,mission_flight,36000.0,0.0,0.0,0.0,1999.7115,41.660656,36000.0,0.0,,pass,pass
8588.0,high,mission_flight,36000.0,0.0,0.0,0.0,1999.078167,41.647462,36000.0,0.0,,pass,pass
8590.0,high,mission_flight,36000.0,0.0,0.0,0.0,1998.444833,41.634267,36000.0,0.0,,pass,pass
8592.0,high,mission_flight,36000.0,0.0,0.0,0.0,1997.8115,41.621073,36000.0,0.0,,pass,pass
8594.0,high,mission_flight,36000.0,0.0,0.0,0.0,1997.178167,41.607878,36000.0,0.0,,pass,pass
8596.0,high,mission_flight,36000.0,0.0,0.0,0.0,1996.544833,41.594684,36000.0,0.0,,pass,pass
8598.0,high,mission_flight,36000.0,0.0,0.0,0.0,1995.9115,41.58149,36000.0,0.0,,pass,pass
8600.0,high,mission_flight,36000.0,0.0,0.0,0.0,1995.278167,41.568295,36000.0,0.0,,pass,pass
8602.0,high,mission_flight,36000.0,0.0,0.0,0.0,1994.644833,41.555101,36000.0,0.0,,pass,pass
8604.0,high,mission_flight,36000.0,0.0,0.0,0.0,1994.0115,41.541906,36000.0,0.0,,pass,pass
8606.0,high,mission_flight,36000.0,0.0,0.0,0.0,1993.378167,41.528712,36000.0,0.0,,pass,pass
8608.0,high,mission_flight,36000.0,0.0,0.0,0.0,1992.744833,41.515517,36000.0,0.0,,pass,pass
8610.0,high,mission_flight,36000.0,0.0,0.0,0.0,1992.1115,41.502323,36000.0,0.0,,pass,pass
8612.0,high,mission_flight,36000.0,0.0,0.0,0.0,1991.478167,41.489128,36000.0,0.0,,pass,pass
8614.0,high,mission_flight,36000.0,0.0,0.0,0.0,1990.844833,41.475934,36000.0,0.0,,pass,pass
8616.0,high,mission_flight,36000.0,0.0,0.0,0.0,1990.2115,41.46274,36000.0,0.0,,pass,pass
8618.0,high,mission_flight,36000.0,0.0,0.0,0.0,1989.578167,41.449545,36000.0,0.0,,pass,pass
8620.0,high,mission_flight,36000.0,0.0,0.0,0.0,1988.944833,41.436351,36000.0,0.0,,pass,pass
8622.0,high,mission_flight,36000.0,0.0,0.0,0.0,1988.3115,41.423156,36000.0,0.0,,pass,pass
8624.0,high,mission_flight,36000.0,0.0,0.0,0.0,1987.678167,41.409962,36000.0,0.0,,pass,pass
8626.0,high,mission_flight,36000.0,0.0,0.0,0.0,1987.044833,41.396767,36000.0,0.0,,pass,pass
8628.0,high,mission_flight,36000.0,0.0,0.0,0.0,1986.4115,41.383573,36000.0,0.0,,pass,pass
8630.0,high,mission_flight,36000.0,0.0,0.0,0.0,1985.778167,41.370378,36000.0,0.0,,pass,pass
8632.0,high,mission_flight,36000.0,0.0,0.0,0.0,1985.144833,41.357184,36000.0,0.0,,pass,pass
8634.0,high,mission_flight,36000.0,0.0,0.0,0.0,1984.5115,41.34399,36000.0,0.0,,pass,pass
8636.0,high,mission_flight,36000.0,0.0,0.0,0.0,1983.878167,41.330795,36000.0,0.0,,pass,pass
8638.0,high,mission_flight,36000.0,0.0,0.0,0.0,1983.244833,41.317601,36000.0,0.0,,pass,pass
8640.0,high,mission_flight,36000.0,0.0,0.0,0.0,1982.6115,41.304406,36000.0,0.0,,pass,pass
8642.0,high,mission_flight,36000.0,0.0,0.0,0.0,1981.978167,41.291212,36000.0,0.0,,pass,pass
8644.0,high,mission_flight,36000.0,0.0,0.0,0.0,1981.344833,41.278017,36000.0,0.0,,pass,pass
8646.0,high,mission_flight,36000.0,0.0,0.0,0.0,1980.7115,41.264823,36000.0,0.0,,pass,pass
8648.0,high,mission_flight,36000.0,0.0,0.0,0.0,1980.078167,41.251628,36000.0,0.0,,pass,pass
8650.0,high,mission_flight,36000.0,0.0,0.0,0.0,1979.444833,41.238434,36000.0,0.0,,pass,pass
8652.0,high,mission_flight,36000.0,0.0,0.0,0.0,1978.8115,41.22524,36000.0,0.0,,pass,pass
8654.0,high,mission_flight,36000.0,0.0,0.0,0.0,1978.178167,41.212045,36000.0,0.0,,pass,pass
8656.0,high,mission_flight,36000.0,0.0,0.0,0.0,1977.544833,41.198851,36000.0,0.0,,pass,pass
8658.0,high,mission_flight,36000.0,0.0,0.0,0.0,1976.9115,41.185656,36000.0,0.0,,pass,pass
8660.0,high,mission_flight,36000.0,0.0,0.0,0.0,1976.278167,41.172462,36000.0,0.0,,pass,pass
8662.0,high,mission_flight,36000.0,0.0,0.0,0.0,1975.644833,41.159267,36000.0,0.0,,pass,pass
8664.0,high,mission_flight,36000.0,0.0,0.0,0.0,1975.0115,41.146073,36000.0,0.0,,pass,pass
8666.0,high,mission_flight,36000.0,0.0,0.0,0.0,1974.378167,41.132878,36000.0,0.0,,pass,pass
8668.0,high,mission_flight,36000.0,0.0,0.0,0.0,1973.744833,41.119684,36000.0,0.0,,pass,pass
8670.0,high,mission_flight,36000.0,0.0,0.0,0.0,1973.1115,41.10649,36000.0,0.0,,pass,pass
8672.0,high,mission_flight,36000.0,0.0,0.0,0.0,1972.478167,41.093295,36000.0,0.0,,pass,pass
8674.0,high,mission_flight,36000.0,0.0,0.0,0.0,1971.844833,41.080101,36000.0,0.0,,pass,pass
8676.0,high,mission_flight,36000.0,0.0,0.0,0.0,1971.2115,41.066906,36000.0,0.0,,pass,pass
8678.0,high,mission_flight,36000.0,0.0,0.0,0.0,1970.578167,41.053712,36000.0,0.0,,pass,pass
8680.0,high,mission_flight,36000.0,0.0,0.0,0.0,1969.944833,41.040517,36000.0,0.0,,pass,pass
8682.0,high,mission_flight,36000.0,0.0,0.0,0.0,1969.3115,41.027323,36000.0,0.0,,pass,pass
8684.0,high,mission_flight,36000.0,0.0,0.0,0.0,1968.678167,41.014128,36000.0,0.0,,pass,pass
8686.0,high,mission_flight,36000.0,0.0,0.0,0.0,1968.044833,41.000934,36000.0,0.0,,pass,pass
8688.0,high,mission_flight,36000.0,0.0,0.0,0.0,1967.4115,40.98774,36000.0,0.0,,pass,pass
8690.0,high,mission_flight,36000.0,0.0,0.0,0.0,1966.778167,40.974545,36000.0,0.0,,pass,pass
8692.0,high,mission_flight,36000.0,0.0,0.0,0.0,1966.144833,40.961351,36000.0,0.0,,pass,pass
8694.0,high,mission_flight,36000.0,0.0,0.0,0.0,1965.5115,40.948156,36000.0,0.0,,pass,pass
8696.0,high,mission_flight,36000.0,0.0,0.0,0.0,1964.878167,40.934962,36000.0,0.0,,pass,pass
8698.0,high,mission_flight,36000.0,0.0,0.0,0.0,1964.244833,40.921767,36000.0,0.0,,pass,pass
8700.0,high,mission_flight,36000.0,0.0,0.0,0.0,1963.6115,40.908573,36000.0,0.0,,pass,pass
8702.0,high,mission_flight,36000.0,0.0,0.0,0.0,1962.978167,40.895378,36000.0,0.0,,pass,pass
8704.0,high,mission_flight,36000.0,0.0,0.0,0.0,1962.344833,40.882184,36000.0,0.0,,pass,pass
8706.0,high,mission_flight,36000.0,0.0,0.0,0.0,1961.7115,40.86899,36000.0,0.0,,pass,pass
8708.0,high,mission_flight,36000.0,0.0,0.0,0.0,1961.078167,40.855795,36000.0,0.0,,pass,pass
8710.0,high,mission_flight,36000.0,0.0,0.0,0.0,1960.444833,40.842601,36000.0,0.0,,pass,pass
8712.0,high,mission_flight,36000.0,0.0,0.0,0.0,1959.8115,40.829406,36000.0,0.0,,pass,pass
8714.0,high,mission_flight,36000.0,0.0,0.0,0.0,1959.178167,40.816212,36000.0,0.0,,pass,pass
8716.0,high,mission_flight,36000.0,0.0,0.0,0.0,1958.544833,40.803017,36000.0,0.0,,pass,pass
8718.0,high,mission_flight,36000.0,0.0,0.0,0.0,1957.9115,40.789823,36000.0,0.0,,pass,pass
8720.0,high,mission_flight,36000.0,0.0,0.0,0.0,1957.278167,40.776628,36000.0,0.0,,pass,pass
8722.0,high,mission_flight,36000.0,0.0,0.0,0.0,1956.644833,40.763434,36000.0,0.0,,pass,pass
8724.0,high,mission_flight,36000.0,0.0,0.0,0.0,1956.0115,40.75024,36000.0,0.0,,pass,pass
8726.0,high,mission_flight,36000.0,0.0,0.0,0.0,1955.378167,40.737045,36000.0,0.0,,pass,pass
8728.0,high,mission_flight,36000.0,0.0,0.0,0.0,1954.744833,40.723851,36000.0,0.0,,pass,pass
8730.0,high,mission_flight,36000.0,0.0,0.0,0.0,1954.1115,40.710656,36000.0,0.0,,pass,pass
8732.0,high,mission_flight,36000.0,0.0,0.0,0.0,1953.478167,40.697462,36000.0,0.0,,pass,pass
8734.0,high,mission_flight,36000.0,0.0,0.0,0.0,1952.844833,40.684267,36000.0,0.0,,pass,pass
8736.0,high,mission_flight,36000.0,0.0,0.0,0.0,1952.2115,40.671073,36000.0,0.0,,pass,pass
8738.0,high,mission_flight,36000.0,0.0,0.0,0.0,1951.578167,40.657878,36000.0,0.0,,pass,pass
8740.0,high,mission_flight,36000.0,0.0,0.0,0.0,1950.944833,40.644684,36000.0,0.0,,pass,pass
8742.0,high,mission_flight,36000.0,0.0,0.0,0.0,1950.3115,40.63149,36000.0,0.0,,pass,pass
8744.0,high,mission_flight,36000.0,0.0,0.0,0.0,1949.678167,40.618295,36000.0,0.0,,pass,pass
8746.0,high,mission_flight,36000.0,0.0,0.0,0.0,1949.044833,40.605101,36000.0,0.0,,pass,pass
8748.0,high,mission_flight,36000.0,0.0,0.0,0.0,1948.4115,40.591906,36000.0,0.0,,pass,pass
8750.0,high,mission_flight,36000.0,0.0,0.0,0.0,1947.778167,40.578712,36000.0,0.0,,pass,pass
8752.0,high,mission_flight,36000.0,0.0,0.0,0.0,1947.144833,40.565517,36000.0,0.0,,pass,pass
8754.0,high,mission_flight,36000.0,0.0,0.0,0.0,1946.5115,40.552323,36000.0,0.0,,pass,pass
8756.0,high,mission_flight,36000.0,0.0,0.0,0.0,1945.878167,40.539128,36000.0,0.0,,pass,pass
8758.0,high,mission_flight,36000.0,0.0,0.0,0.0,1945.244833,40.525934,36000.0,0.0,,pass,pass
8760.0,high,mission_flight,36000.0,0.0,0.0,0.0,1944.6115,40.51274,36000.0,0.0,,pass,pass
8762.0,high,mission_flight,36000.0,0.0,0.0,0.0,1943.978167,40.499545,36000.0,0.0,,pass,pass
8764.0,high,mission_flight,36000.0,0.0,0.0,0.0,1943.344833,40.486351,36000.0,0.0,,pass,pass
8766.0,high,mission_flight,36000.0,0.0,0.0,0.0,1942.7115,40.473156,36000.0,0.0,,pass,pass
8768.0,high,mission_flight,36000.0,0.0,0.0,0.0,1942.078167,40.459962,36000.0,0.0,,pass,pass
8770.0,high,mission_flight,36000.0,0.0,0.0,0.0,1941.444833,40.446767,36000.0,0.0,,pass,pass
8772.0,high,mission_flight,36000.0,0.0,0.0,0.0,1940.8115,40.433573,36000.0,0.0,,pass,pass
8774.0,high,mission_flight,36000.0,0.0,0.0,0.0,1940.178167,40.420378,36000.0,0.0,,pass,pass
8776.0,high,mission_flight,36000.0,0.0,0.0,0.0,1939.544833,40.407184,36000.0,0.0,,pass,pass
8778.0,high,mission_flight,36000.0,0.0,0.0,0.0,1938.9115,40.39399,36000.0,0.0,,pass,pass
8780.0,high,mission_flight,36000.0,0.0,0.0,0.0,1938.278167,40.380795,36000.0,0.0,,pass,pass
8782.0,high,mission_flight,36000.0,0.0,0.0,0.0,1937.644833,40.367601,36000.0,0.0,,pass,pass
8784.0,high,mission_flight,36000.0,0.0,0.0,0.0,1937.0115,40.354406,36000.0,0.0,,pass,pass
8786.0,high,mission_flight,36000.0,0.0,0.0,0.0,1936.378167,40.341212,36000.0,0.0,,pass,pass
8788.0,high,mission_flight,36000.0,0.0,0.0,0.0,1935.744833,40.328017,36000.0,0.0,,pass,pass
8790.0,high,mission_flight,36000.0,0.0,0.0,0.0,1935.1115,40.314823,36000.0,0.0,,pass,pass
8792.0,high,mission_flight,36000.0,0.0,0.0,0.0,1934.478167,40.301628,36000.0,0.0,,pass,pass
8794.0,high,mission_flight,36000.0,0.0,0.0,0.0,1933.844833,40.288434,36000.0,0.0,,pass,pass
8796.0,high,mission_flight,36000.0,0.0,0.0,0.0,1933.2115,40.27524,36000.0,0.0,,pass,pass
8798.0,high,mission_flight,36000.0,0.0,0.0,0.0,1932.578167,40.262045,36000.0,0.0,,pass,pass
8800.0,high,mission_flight,36000.0,0.0,0.0,0.0,1931.944833,40.248851,36000.0,0.0,,pass,pass
8802.0,high,mission_flight,36000.0,0.0,0.0,0.0,1931.3115,40.235656,36000.0,0.0,,pass,pass
8804.0,high,mission_flight,36000.0,0.0,0.0,0.0,1930.678167,40.222462,36000.0,0.0,,pass,pass
8806.0,high,mission_flight,36000.0,0.0,0.0,0.0,1930.044833,40.209267,36000.0,0.0,,pass,pass
8808.0,high,mission_flight,36000.0,0.0,0.0,0.0,1929.4115,40.196073,36000.0,0.0,,pass,pass
8810.0,high,mission_flight,36000.0,0.0,0.0,0.0,1928.778167,40.182878,36000.0,0.0,,pass,pass
8812.0,high,mission_flight,36000.0,0.0,0.0,0.0,1928.144833,40.169684,36000.0,0.0,,pass,pass
8814.0,high,mission_flight,36000.0,0.0,0.0,0.0,1927.5115,40.15649,36000.0,0.0,,pass,pass
8816.0,high,mission_flight,36000.0,0.0,0.0,0.0,1926.878167,40.143295,36000.0,0.0,,pass,pass
8818.0,high,mission_flight,36000.0,0.0,0.0,0.0,1926.244833,40.130101,36000.0,0.0,,pass,pass
8820.0,high,mission_flight,36000.0,0.0,0.0,0.0,1925.6115,40.116906,36000.0,0.0,,pass,pass
8822.0,high,mission_flight,36000.0,0.0,0.0,0.0,1924.978167,40.103712,36000.0,0.0,,pass,pass
8824.0,high,mission_flight,36000.0,0.0,0.0,0.0,1924.344833,40.090517,36000.0,0.0,,pass,pass
8826.0,high,mission_flight,36000.0,0.0,0.0,0.0,1923.7115,40.077323,36000.0,0.0,,pass,pass
8828.0,high,mission_flight,36000.0,0.0,0.0,0.0,1923.078167,40.064128,36000.0,0.0,,pass,pass
8830.0,high,mission_flight,36000.0,0.0,0.0,0.0,1922.444833,40.050934,36000.0,0.0,,pass,pass
8832.0,high,mission_flight,36000.0,0.0,0.0,0.0,1921.8115,40.03774,36000.0,0.0,,pass,pass
8834.0,high,mission_flight,36000.0,0.0,0.0,0.0,1921.178167,40.024545,36000.0,0.0,,pass,pass
8836.0,high,mission_flight,36000.0,0.0,0.0,0.0,1920.544833,40.011351,36000.0,0.0,,pass,pass
8838.0,high,mission_flight,36000.0,0.0,0.0,0.0,1919.9115,39.998156,36000.0,0.0,,pass,pass
8840.0,high,mission_flight,36000.0,0.0,0.0,0.0,1919.278167,39.984962,36000.0,0.0,,pass,pass
8842.0,high,mission_flight,36000.0,0.0,0.0,0.0,1918.644833,39.971767,36000.0,0.0,,pass,pass
8844.0,high,mission_flight,36000.0,0.0,0.0,0.0,1918.0115,39.958573,36000.0,0.0,,pass,pass
8846.0,high,mission_flight,36000.0,0.0,0.0,0.0,1917.378167,39.945378,36000.0,0.0,,pass,pass
8848.0,high,mission_flight,36000.0,0.0,0.0,0.0,1916.744833,39.932184,36000.0,0.0,,pass,pass
8850.0,high,mission_flight,36000.0,0.0,0.0,0.0,1916.1115,39.91899,36000.0,0.0,,pass,pass
8852.0,high,mission_flight,36000.0,0.0,0.0,0.0,1915.478167,39.905795,36000.0,0.0,,pass,pass
8854.0,high,mission_flight,36000.0,0.0,0.0,0.0,1914.844833,39.892601,36000.0,0.0,,pass,pass
8856.0,high,mission_flight,36000.0,0.0,0.0,0.0,1914.2115,39.879406,36000.0,0.0,,pass,pass
8858.0,high,mission_flight,36000.0,0.0,0.0,0.0,1913.578167,39.866212,36000.0,0.0,,pass,pass
8860.0,high,mission_flight,36000.0,0.0,0.0,0.0,1912.944833,39.853017,36000.0,0.0,,pass,pass
8862.0,high,mission_flight,36000.0,0.0,0.0,0.0,1912.3115,39.839823,36000.0,0.0,,pass,pass
8864.0,high,mission_flight,36000.0,0.0,0.0,0.0,1911.678167,39.826628,36000.0,0.0,,pass,pass
8866.0,high,mission_flight,36000.0,0.0,0.0,0.0,1911.044833,39.813434,36000.0,0.0,,pass,pass
8868.0,high,mission_flight,36000.0,0.0,0.0,0.0,1910.4115,39.80024,36000.0,0.0,,pass,pass
8870.0,high,mission_flight,36000.0,0.0,0.0,0.0,1909.778167,39.787045,36000.0,0.0,,pass,pass
8872.0,high,mission_flight,36000.0,0.0,0.0,0.0,1909.144833,39.773851,36000.0,0.0,,pass,pass
8874.0,high,mission_flight,36000.0,0.0,0.0,0.0,1908.5115,39.760656,36000.0,0.0,,pass,pass
8876.0,high,mission_flight,36000.0,0.0,0.0,0.0,1907.878167,39.747462,36000.0,0.0,,pass,pass
8878.0,high,mission_flight,36000.0,0.0,0.0,0.0,1907.244833,39.734267,36000.0,0.0,,pass,pass
8880.0,high,mission_flight,36000.0,0.0,0.0,0.0,1906.6115,39.721073,36000.0,0.0,,pass,pass
8882.0,high,mission_flight,36000.0,0.0,0.0,0.0,1905.978167,39.707878,36000.0,0.0,,pass,pass
8884.0,high,mission_flight,36000.0,0.0,0.0,0.0,1905.344833,39.694684,36000.0,0.0,,pass,pass
8886.0,high,mission_flight,36000.0,0.0,0.0,0.0,1904.7115,39.68149,36000.0,0.0,,pass,pass
8888.0,high,mission_flight,36000.0,0.0,0.0,0.0,1904.078167,39.668295,36000.0,0.0,,pass,pass
8890.0,high,mission_flight,36000.0,0.0,0.0,0.0,1903.444833,39.655101,36000.0,0.0,,pass,pass
8892.0,high,mission_flight,36000.0,0.0,0.0,0.0,1902.8115,39.641906,36000.0,0.0,,pass,pass
8894.0,high,mission_flight,36000.0,0.0,0.0,0.0,1902.178167,39.628712,36000.0,0.0,,pass,pass
8896.0,high,mission_flight,36000.0,0.0,0.0,0.0,1901.544833,39.615517,36000.0,0.0,,pass,pass
8898.0,high,mission_flight,36000.0,0.0,0.0,0.0,1900.9115,39.602323,36000.0,0.0,,pass,pass
8900.0,high,mission_flight,36000.0,0.0,0.0,0.0,1900.278167,39.589128,36000.0,0.0,,pass,pass
8902.0,high,mission_flight,36000.0,0.0,0.0,0.0,1899.644833,39.575934,36000.0,0.0,,pass,pass
8904.0,high,mission_flight,36000.0,0.0,0.0,0.0,1899.0115,39.56274,36000.0,0.0,,pass,pass
8906.0,high,mission_flight,36000.0,0.0,0.0,0.0,1898.378167,39.549545,36000.0,0.0,,pass,pass
8908.0,high,mission_flight,36000.0,0.0,0.0,0.0,1897.744833,39.536351,36000.0,0.0,,pass,pass
8910.0,high,mission_flight,36000.0,0.0,0.0,0.0,1897.1115,39.523156,36000.0,0.0,,pass,pass
8912.0,high,mission_flight,36000.0,0.0,0.0,0.0,1896.478167,39.509962,36000.0,0.0,,pass,pass
8914.0,high,mission_flight,36000.0,0.0,0.0,0.0,1895.844833,39.496767,36000.0,0.0,,pass,pass
8916.0,high,mission_flight,36000.0,0.0,0.0,0.0,1895.2115,39.483573,36000.0,0.0,,pass,pass
8918.0,high,mission_flight,36000.0,0.0,0.0,0.0,1894.578167,39.470378,36000.0,0.0,,pass,pass
8920.0,high,mission_flight,36000.0,0.0,0.0,0.0,1893.944833,39.457184,36000.0,0.0,,pass,pass
8922.0,high,mission_flight,36000.0,0.0,0.0,0.0,1893.3115,39.44399,36000.0,0.0,,pass,pass
8924.0,high,mission_flight,36000.0,0.0,0.0,0.0,1892.678167,39.430795,36000.0,0.0,,pass,pass
8926.0,high,mission_flight,36000.0,0.0,0.0,0.0,1892.044833,39.417601,36000.0,0.0,,pass,pass
8928.0,high,mission_flight,36000.0,0.0,0.0,0.0,1891.4115,39.404406,36000.0,0.0,,pass,pass
8930.0,high,mission_flight,36000.0,0.0,0.0,0.0,1890.778167,39.391212,36000.0,0.0,,pass,pass
8932.0,high,mission_flight,36000.0,0.0,0.0,0.0,1890.144833,39.378017,36000.0,0.0,,pass,pass
8934.0,high,mission_flight,36000.0,0.0,0.0,0.0,1889.5115,39.364823,36000.0,0.0,,pass,pass
8936.0,high,mission_flight,36000.0,0.0,0.0,0.0,1888.878167,39.351628,36000.0,0.0,,pass,pass
8938.0,high,mission_flight,36000.0,0.0,0.0,0.0,1888.244833,39.338434,36000.0,0.0,,pass,pass
8940.0,high,mission_flight,36000.0,0.0,0.0,0.0,1887.6115,39.32524,36000.0,0.0,,pass,pass
8942.0,high,mission_flight,36000.0,0.0,0.0,0.0,1886.978167,39.312045,36000.0,0.0,,pass,pass
8944.0,high,mission_flight,36000.0,0.0,0.0,0.0,1886.344833,39.298851,36000.0,0.0,,pass,pass
8946.0,high,mission_flight,36000.0,0.0,0.0,0.0,1885.7115,39.285656,36000.0,0.0,,pass,pass
8948.0,high,mission_flight,36000.0,0.0,0.0,0.0,1885.078167,39.272462,36000.0,0.0,,pass,pass
8950.0,high,mission_flight,36000.0,0.0,0.0,0.0,1884.444833,39.259267,36000.0,0.0,,pass,pass
8952.0,high,mission_flight,36000.0,0.0,0.0,0.0,1883.8115,39.246073,36000.0,0.0,,pass,pass
8954.0,high,mission_flight,36000.0,0.0,0.0,0.0,1883.178167,39.232878,36000.0,0.0,,pass,pass
8956.0,high,mission_flight,36000.0,0.0,0.0,0.0,1882.544833,39.219684,36000.0,0.0,,pass,pass
8958.0,high,mission_flight,36000.0,0.0,0.0,0.0,1881.9115,39.20649,36000.0,0.0,,pass,pass
8960.0,high,mission_flight,36000.0,0.0,0.0,0.0,1881.278167,39.193295,36000.0,0.0,,pass,pass
8962.0,high,mission_flight,36000.0,0.0,0.0,0.0,1880.644833,39.180101,36000.0,0.0,,pass,pass
8964.0,high,mission_flight,36000.0,0.0,0.0,0.0,1880.0115,39.166906,36000.0,0.0,,pass,pass
8966.0,high,mission_flight,36000.0,0.0,0.0,0.0,1879.378167,39.153712,36000.0,0.0,,pass,pass
8968.0,high,mission_flight,36000.0,0.0,0.0,0.0,1878.744833,39.140517,36000.0,0.0,,pass,pass
8970.0,high,mission_flight,36000.0,0.0,0.0,0.0,1878.1115,39.127323,36000.0,0.0,,pass,pass
8972.0,high,mission_flight,36000.0,0.0,0.0,0.0,1877.478167,39.114128,36000.0,0.0,,pass,pass
8974.0,high,mission_flight,36000.0,0.0,0.0,0.0,1876.844833,39.100934,36000.0,0.0,,pass,pass
8976.0,high,mission_flight,36000.0,0.0,0.0,0.0,1876.2115,39.08774,36000.0,0.0,,pass,pass
8978.0,high,mission_flight,36000.0,0.0,0.0,0.0,1875.578167,39.074545,36000.0,0.0,,pass,pass
8980.0,high,mission_flight,36000.0,0.0,0.0,0.0,1874.944833,39.061351,36000.0,0.0,,pass,pass
8982.0,high,mission_flight,36000.0,0.0,0.0,0.0,1874.3115,39.048156,36000.0,0.0,,pass,pass
8984.0,high,mission_flight,36000.0,0.0,0.0,0.0,1873.678167,39.034962,36000.0,0.0,,pass,pass
8986.0,high,mission_flight,36000.0,0.0,0.0,0.0,1873.044833,39.021767,36000.0,0.0,,pass,pass
8988.0,high,mission_flight,36000.0,0.0,0.0,0.0,1872.4115,39.008573,36000.0,0.0,,pass,pass
8990.0,high,mission_flight,36000.0,0.0,0.0,0.0,1871.778167,38.995378,36000.0,0.0,,pass,pass
8992.0,high,mission_flight,36000.0,0.0,0.0,0.0,1871.144833,38.982184,36000.0,0.0,,pass,pass
8994.0,high,mission_flight,36000.0,0.0,0.0,0.0,1870.5115,38.96899,36000.0,0.0,,pass,pass
8996.0,high,mission_flight,36000.0,0.0,0.0,0.0,1869.878167,38.955795,36000.0,0.0,,pass,pass
8998.0,high,mission_flight,36000.0,0.0,0.0,0.0,1869.244833,38.942601,36000.0,0.0,,pass,pass
9000.0,high,mission_flight,36000.0,0.0,0.0,0.0,1868.6115,38.929406,36000.0,0.0,,pass,pass
9002.0,high,mission_flight,36000.0,0.0,0.0,0.0,1867.978167,38.916212,36000.0,0.0,,pass,pass
9004.0,high,mission_flight,36000.0,0.0,0.0,0.0,1867.344833,38.903017,36000.0,0.0,,pass,pass
9006.0,high,mission_flight,36000.0,0.0,0.0,0.0,1866.7115,38.889823,36000.0,0.0,,pass,pass
9008.0,high,mission_flight,36000.0,0.0,0.0,0.0,1866.078167,38.876628,36000.0,0.0,,pass,pass
9010.0,high,mission_flight,36000.0,0.0,0.0,0.0,1865.444833,38.863434,36000.0,0.0,,pass,pass
9012.0,high,mission_flight,36000.0,0.0,0.0,0.0,1864.8115,38.85024,36000.0,0.0,,pass,pass
9014.0,high,mission_flight,36000.0,0.0,0.0,0.0,1864.178167,38.837045,36000.0,0.0,,pass,pass
9016.0,high,mission_flight,36000.0,0.0,0.0,0.0,1863.544833,38.823851,36000.0,0.0,,pass,pass
9018.0,high,mission_flight,36000.0,0.0,0.0,0.0,1862.9115,38.810656,36000.0,0.0,,pass,pass
9020.0,high,mission_flight,36000.0,0.0,0.0,0.0,1862.278167,38.797462,36000.0,0.0,,pass,pass
9022.0,high,mission_flight,36000.0,0.0,0.0,0.0,1861.644833,38.784267,36000.0,0.0,,pass,pass
9024.0,high,mission_flight,36000.0,0.0,0.0,0.0,1861.0115,38.771073,36000.0,0.0,,pass,pass
9026.0,high,mission_flight,36000.0,0.0,0.0,0.0,1860.378167,38.757878,36000.0,0.0,,pass,pass
9028.0,high,mission_flight,36000.0,0.0,0.0,0.0,1859.744833,38.744684,36000.0,0.0,,pass,pass
9030.0,high,mission_flight,36000.0,0.0,0.0,0.0,1859.1115,38.73149,36000.0,0.0,,pass,pass
9032.0,high,mission_flight,36000.0,0.0,0.0,0.0,1858.478167,38.718295,36000.0,0.0,,pass,pass
9034.0,high,mission_flight,36000.0,0.0,0.0,0.0,1857.844833,38.705101,36000.0,0.0,,pass,pass
9036.0,high,mission_flight,36000.0,0.0,0.0,0.0,1857.2115,38.691906,36000.0,0.0,,pass,pass
9038.0,high,mission_flight,36000.0,0.0,0.0,0.0,1856.578167,38.678712,36000.0,0.0,,pass,pass
9040.0,high,mission_flight,36000.0,0.0,0.0,0.0,1855.944833,38.665517,36000.0,0.0,,pass,pass
9042.0,high,mission_flight,36000.0,0.0,0.0,0.0,1855.3115,38.652323,36000.0,0.0,,pass,pass
9044.0,high,mission_flight,36000.0,0.0,0.0,0.0,1854.678167,38.639128,36000.0,0.0,,pass,pass
9046.0,high,mission_flight,36000.0,0.0,0.0,0.0,1854.044833,38.625934,36000.0,0.0,,pass,pass
9048.0,high,mission_flight,36000.0,0.0,0.0,0.0,1853.4115,38.61274,36000.0,0.0,,pass,pass
9050.0,high,mission_flight,36000.0,0.0,0.0,0.0,1852.778167,38.599545,36000.0,0.0,,pass,pass
9052.0,high,mission_flight,36000.0,0.0,0.0,0.0,1852.144833,38.586351,36000.0,0.0,,pass,pass
9054.0,high,mission_flight,36000.0,0.0,0.0,0.0,1851.5115,38.573156,36000.0,0.0,,pass,pass
9056.0,high,mission_flight,36000.0,0.0,0.0,0.0,1850.878167,38.559962,36000.0,0.0,,pass,pass
9058.0,high,mission_flight,36000.0,0.0,0.0,0.0,1850.244833,38.546767,36000.0,0.0,,pass,pass
9060.0,high,mission_flight,36000.0,0.0,0.0,0.0,1849.6115,38.533573,36000.0,0.0,,pass,pass
9062.0,high,mission_flight,36000.0,0.0,0.0,0.0,1848.978167,38.520378,36000.0,0.0,,pass,pass
9064.0,high,mission_flight,36000.0,0.0,0.0,0.0,1848.344833,38.507184,36000.0,0.0,,pass,pass
9066.0,high,mission_flight,36000.0,0.0,0.0,0.0,1847.7115,38.49399,36000.0,0.0,,pass,pass
9068.0,high,mission_flight,36000.0,0.0,0.0,0.0,1847.078167,38.480795,36000.0,0.0,,pass,pass
9070.0,high,mission_flight,36000.0,0.0,0.0,0.0,1846.444833,38.467601,36000.0,0.0,,pass,pass
9072.0,high,mission_flight,36000.0,0.0,0.0,0.0,1845.8115,38.454406,36000.0,0.0,,pass,pass
9074.0,high,mission_flight,36000.0,0.0,0.0,0.0,1845.178167,38.441212,36000.0,0.0,,pass,pass
9076.0,high,mission_flight,36000.0,0.0,0.0,0.0,1844.544833,38.428017,36000.0,0.0,,pass,pass
9078.0,high,mission_flight,36000.0,0.0,0.0,0.0,1843.9115,38.414823,36000.0,0.0,,pass,pass
9080.0,high,mission_flight,36000.0,0.0,0.0,0.0,1843.278167,38.401628,36000.0,0.0,,pass,pass
9082.0,high,mission_flight,36000.0,0.0,0.0,0.0,1842.644833,38.388434,36000.0,0.0,,pass,pass
9084.0,high,mission_flight,36000.0,0.0,0.0,0.0,1842.0115,38.37524,36000.0,0.0,,pass,pass
9086.0,high,mission_flight,36000.0,0.0,0.0,0.0,1841.378167,38.362045,36000.0,0.0,,pass,pass
9088.0,high,mission_flight,36000.0,0.0,0.0,0.0,1840.744833,38.348851,36000.0,0.0,,pass,pass
9090.0,high,mission_flight,36000.0,0.0,0.0,0.0,1840.1115,38.335656,36000.0,0.0,,pass,pass
9092.0,high,mission_flight,36000.0,0.0,0.0,0.0,1839.478167,38.322462,36000.0,0.0,,pass,pass
9094.0,high,mission_flight,36000.0,0.0,0.0,0.0,1838.844833,38.309267,36000.0,0.0,,pass,pass
9096.0,high,mission_flight,36000.0,0.0,0.0,0.0,1838.2115,38.296073,36000.0,0.0,,pass,pass
9098.0,high,mission_flight,36000.0,0.0,0.0,0.0,1837.578167,38.282878,36000.0,0.0,,pass,pass
9100.0,high,mission_flight,36000.0,0.0,0.0,0.0,1836.944833,38.269684,36000.0,0.0,,pass,pass
9102.0,high,mission_flight,36000.0,0.0,0.0,0.0,1836.3115,38.25649,36000.0,0.0,,pass,pass
9104.0,high,mission_flight,36000.0,0.0,0.0,0.0,1835.678167,38.243295,36000.0,0.0,,pass,pass
9106.0,high,mission_flight,36000.0,0.0,0.0,0.0,1835.044833,38.230101,36000.0,0.0,,pass,pass
9108.0,high,mission_flight,36000.0,0.0,0.0,0.0,1834.4115,38.216906,36000.0,0.0,,pass,pass
9110.0,high,mission_flight,36000.0,0.0,0.0,0.0,1833.778167,38.203712,36000.0,0.0,,pass,pass
9112.0,high,mission_flight,36000.0,0.0,0.0,0.0,1833.144833,38.190517,36000.0,0.0,,pass,pass
9114.0,high,mission_flight,36000.0,0.0,0.0,0.0,1832.5115,38.177323,36000.0,0.0,,pass,pass
9116.0,high,mission_flight,36000.0,0.0,0.0,0.0,1831.878167,38.164128,36000.0,0.0,,pass,pass
9118.0,high,mission_flight,36000.0,0.0,0.0,0.0,1831.244833,38.150934,36000.0,0.0,,pass,pass
9120.0,high,mission_flight,36000.0,0.0,0.0,0.0,1830.6115,38.13774,36000.0,0.0,,pass,pass
9122.0,high,mission_flight,36000.0,0.0,0.0,0.0,1829.978167,38.124545,36000.0,0.0,,pass,pass
9124.0,high,mission_flight,36000.0,0.0,0.0,0.0,1829.344833,38.111351,36000.0,0.0,,pass,pass
9126.0,high,mission_flight,36000.0,0.0,0.0,0.0,1828.7115,38.098156,36000.0,0.0,,pass,pass
9128.0,high,mission_flight,36000.0,0.0,0.0,0.0,1828.078167,38.084962,36000.0,0.0,,pass,pass
9130.0,high,mission_flight,36000.0,0.0,0.0,0.0,1827.444833,38.071767,36000.0,0.0,,pass,pass
9132.0,high,mission_flight,36000.0,0.0,0.0,0.0,1826.8115,38.058573,36000.0,0.0,,pass,pass
9134.0,high,mission_flight,36000.0,0.0,0.0,0.0,1826.178167,38.045378,36000.0,0.0,,pass,pass
9136.0,high,mission_flight,36000.0,0.0,0.0,0.0,1825.544833,38.032184,36000.0,0.0,,pass,pass
9138.0,high,mission_flight,36000.0,0.0,0.0,0.0,1824.9115,38.01899,36000.0,0.0,,pass,pass
9140.0,high,mission_flight,36000.0,0.0,0.0,0.0,1824.278167,38.005795,36000.0,0.0,,pass,pass
9142.0,high,mission_flight,36000.0,0.0,0.0,0.0,1823.644833,37.992601,36000.0,0.0,,pass,pass
9144.0,high,mission_flight,36000.0,0.0,0.0,0.0,1823.0115,37.979406,36000.0,0.0,,pass,pass
9146.0,high,mission_flight,36000.0,0.0,0.0,0.0,1822.378167,37.966212,36000.0,0.0,,pass,pass
9148.0,high,mission_flight,36000.0,0.0,0.0,0.0,1821.744833,37.953017,36000.0,0.0,,pass,pass
9150.0,high,mission_flight,36000.0,0.0,0.0,0.0,1821.1115,37.939823,36000.0,0.0,,pass,pass
9152.0,high,mission_flight,36000.0,0.0,0.0,0.0,1820.478167,37.926628,36000.0,0.0,,pass,pass
9154.0,high,mission_flight,36000.0,0.0,0.0,0.0,1819.844833,37.913434,36000.0,0.0,,pass,pass
9156.0,high,mission_flight,36000.0,0.0,0.0,0.0,1819.2115,37.90024,36000.0,0.0,,pass,pass
9158.0,high,mission_flight,36000.0,0.0,0.0,0.0,1818.578167,37.887045,36000.0,0.0,,pass,pass
9160.0,high,mission_flight,36000.0,0.0,0.0,0.0,1817.944833,37.873851,36000.0,0.0,,pass,pass
9162.0,high,mission_flight,36000.0,0.0,0.0,0.0,1817.3115,37.860656,36000.0,0.0,,pass,pass
9164.0,high,mission_flight,36000.0,0.0,0.0,0.0,1816.678167,37.847462,36000.0,0.0,,pass,pass
9166.0,high,mission_flight,36000.0,0.0,0.0,0.0,1816.044833,37.834267,36000.0,0.0,,pass,pass
9168.0,high,mission_flight,36000.0,0.0,0.0,0.0,1815.4115,37.821073,36000.0,0.0,,pass,pass
9170.0,high,mission_flight,36000.0,0.0,0.0,0.0,1814.778167,37.807878,36000.0,0.0,,pass,pass
9172.0,high,mission_flight,36000.0,0.0,0.0,0.0,1814.144833,37.794684,36000.0,0.0,,pass,pass
9174.0,high,mission_flight,36000.0,0.0,0.0,0.0,1813.5115,37.78149,36000.0,0.0,,pass,pass
9176.0,high,mission_flight,36000.0,0.0,0.0,0.0,1812.878167,37.768295,36000.0,0.0,,pass,pass
9178.0,high,mission_flight,36000.0,0.0,0.0,0.0,1812.244833,37.755101,36000.0,0.0,,pass,pass
9180.0,high,mission_flight,36000.0,0.0,0.0,0.0,1811.6115,37.741906,36000.0,0.0,,pass,pass
9182.0,high,mission_flight,36000.0,0.0,0.0,0.0,1810.978167,37.728712,36000.0,0.0,,pass,pass
9184.0,high,mission_flight,36000.0,0.0,0.0,0.0,1810.344833,37.715517,36000.0,0.0,,pass,pass
9186.0,high,mission_flight,36000.0,0.0,0.0,0.0,1809.7115,37.702323,36000.0,0.0,,pass,pass
9188.0,high,mission_flight,36000.0,0.0,0.0,0.0,1809.078167,37.689128,36000.0,0.0,,pass,pass
9190.0,high,mission_flight,36000.0,0.0,0.0,0.0,1808.444833,37.675934,36000.0,0.0,,pass,pass
9192.0,high,mission_flight,36000.0,0.0,0.0,0.0,1807.8115,37.66274,36000.0,0.0,,pass,pass
9194.0,high,mission_flight,36000.0,0.0,0.0,0.0,1807.178167,37.649545,36000.0,0.0,,pass,pass
9196.0,high,mission_flight,36000.0,0.0,0.0,0.0,1806.544833,37.636351,36000.0,0.0,,pass,pass
9198.0,high,mission_flight,36000.0,0.0,0.0,0.0,1805.9115,37.623156,36000.0,0.0,,pass,pass
9200.0,high,mission_flight,36000.0,0.0,0.0,0.0,1805.278167,37.609962,36000.0,0.0,,pass,pass
9202.0,high,mission_flight,36000.0,0.0,0.0,0.0,1804.644833,37.596767,36000.0,0.0,,pass,pass
9204.0,high,mission_flight,36000.0,0.0,0.0,0.0,1804.0115,37.583573,36000.0,0.0,,pass,pass
9206.0,high,mission_flight,36000.0,0.0,0.0,0.0,1803.378167,37.570378,36000.0,0.0,,pass,pass
9208.0,high,mission_flight,36000.0,0.0,0.0,0.0,1802.744833,37.557184,36000.0,0.0,,pass,pass
9210.0,high,mission_flight,36000.0,0.0,0.0,0.0,1802.1115,37.54399,36000.0,0.0,,pass,pass
9212.0,high,mission_flight,36000.0,0.0,0.0,0.0,1801.478167,37.530795,36000.0,0.0,,pass,pass
9214.0,high,mission_flight,36000.0,0.0,0.0,0.0,1800.844833,37.517601,36000.0,0.0,,pass,pass
9216.0,high,mission_flight,36000.0,0.0,0.0,0.0,1800.2115,37.504406,36000.0,0.0,,pass,pass
9218.0,high,mission_flight,36000.0,0.0,0.0,0.0,1799.578167,37.491212,36000.0,0.0,,pass,pass
9220.0,high,mission_flight,36000.0,0.0,0.0,0.0,1798.944833,37.478017,36000.0,0.0,,pass,pass
9222.0,high,mission_flight,36000.0,0.0,0.0,0.0,1798.3115,37.464823,36000.0,0.0,,pass,pass
9224.0,high,mission_flight,36000.0,0.0,0.0,0.0,1797.678167,37.451628,36000.0,0.0,,pass,pass
9226.0,high,mission_flight,36000.0,0.0,0.0,0.0,1797.044833,37.438434,36000.0,0.0,,pass,pass
9228.0,high,mission_flight,36000.0,0.0,0.0,0.0,1796.4115,37.42524,36000.0,0.0,,pass,pass
9230.0,high,mission_flight,36000.0,0.0,0.0,0.0,1795.778167,37.412045,36000.0,0.0,,pass,pass
9232.0,high,mission_flight,36000.0,0.0,0.0,0.0,1795.144833,37.398851,36000.0,0.0,,pass,pass
9234.0,high,mission_flight,36000.0,0.0,0.0,0.0,1794.5115,37.385656,36000.0,0.0,,pass,pass
9236.0,high,mission_flight,36000.0,0.0,0.0,0.0,1793.878167,37.372462,36000.0,0.0,,pass,pass
9238.0,high,mission_flight,36000.0,0.0,0.0,0.0,1793.244833,37.359267,36000.0,0.0,,pass,pass
9240.0,high,mission_flight,36000.0,0.0,0.0,0.0,1792.6115,37.346073,36000.0,0.0,,pass,pass
9242.0,high,mission_flight,36000.0,0.0,0.0,0.0,1791.978167,37.332878,36000.0,0.0,,pass,pass
9244.0,high,mission_flight,36000.0,0.0,0.0,0.0,1791.344833,37.319684,36000.0,0.0,,pass,pass
9246.0,high,mission_flight,36000.0,0.0,0.0,0.0,1790.7115,37.30649,36000.0,0.0,,pass,pass
9248.0,high,mission_flight,36000.0,0.0,0.0,0.0,1790.078167,37.293295,36000.0,0.0,,pass,pass
9250.0,high,mission_flight,36000.0,0.0,0.0,0.0,1789.444833,37.280101,36000.0,0.0,,pass,pass
9252.0,high,mission_flight,36000.0,0.0,0.0,0.0,1788.8115,37.266906,36000.0,0.0,,pass,pass
9254.0,high,mission_flight,36000.0,0.0,0.0,0.0,1788.178167,37.253712,36000.0,0.0,,pass,pass
9256.0,high,mission_flight,36000.0,0.0,0.0,0.0,1787.544833,37.240517,36000.0,0.0,,pass,pass
9258.0,high,mission_flight,36000.0,0.0,0.0,0.0,1786.9115,37.227323,36000.0,0.0,,pass,pass
9260.0,high,mission_flight,36000.0,0.0,0.0,0.0,1786.278167,37.214128,36000.0,0.0,,pass,pass
9262.0,high,mission_flight,36000.0,0.0,0.0,0.0,1785.644833,37.200934,36000.0,0.0,,pass,pass
9264.0,high,mission_flight,36000.0,0.0,0.0,0.0,1785.0115,37.18774,36000.0,0.0,,pass,pass
9266.0,high,mission_flight,36000.0,0.0,0.0,0.0,1784.378167,37.174545,36000.0,0.0,,pass,pass
9268.0,high,mission_flight,36000.0,0.0,0.0,0.0,1783.744833,37.161351,36000.0,0.0,,pass,pass
9270.0,high,mission_flight,36000.0,0.0,0.0,0.0,1783.1115,37.148156,36000.0,0.0,,pass,pass
9272.0,high,mission_flight,36000.0,0.0,0.0,0.0,1782.478167,37.134962,36000.0,0.0,,pass,pass
9274.0,high,mission_flight,36000.0,0.0,0.0,0.0,1781.844833,37.121767,36000.0,0.0,,pass,pass
9276.0,high,mission_flight,36000.0,0.0,0.0,0.0,1781.2115,37.108573,36000.0,0.0,,pass,pass
9278.0,high,mission_flight,36000.0,0.0,0.0,0.0,1780.578167,37.095378,36000.0,0.0,,pass,pass
9280.0,high,mission_flight,36000.0,0.0,0.0,0.0,1779.944833,37.082184,36000.0,0.0,,pass,pass
9282.0,high,mission_flight,36000.0,0.0,0.0,0.0,1779.3115,37.06899,36000.0,0.0,,pass,pass
9284.0,high,mission_flight,36000.0,0.0,0.0,0.0,1778.678167,37.055795,36000.0,0.0,,pass,pass
9286.0,high,mission_flight,36000.0,0.0,0.0,0.0,1778.044833,37.042601,36000.0,0.0,,pass,pass
9288.0,high,mission_flight,36000.0,0.0,0.0,0.0,1777.4115,37.029406,36000.0,0.0,,pass,pass
9290.0,high,mission_flight,36000.0,0.0,0.0,0.0,1776.778167,37.016212,36000.0,0.0,,pass,pass
9292.0,high,mission_flight,36000.0,0.0,0.0,0.0,1776.144833,37.003017,36000.0,0.0,,pass,pass
9294.0,high,mission_flight,36000.0,0.0,0.0,0.0,1775.5115,36.989823,36000.0,0.0,,pass,pass
9296.0,high,mission_flight,36000.0,0.0,0.0,0.0,1774.878167,36.976628,36000.0,0.0,,pass,pass
9298.0,high,mission_flight,36000.0,0.0,0.0,0.0,1774.244833,36.963434,36000.0,0.0,,pass,pass
9300.0,high,mission_flight,36000.0,0.0,0.0,0.0,1773.6115,36.95024,36000.0,0.0,,pass,pass
9302.0,high,mission_flight,36000.0,0.0,0.0,0.0,1772.978167,36.937045,36000.0,0.0,,pass,pass
9304.0,high,mission_flight,36000.0,0.0,0.0,0.0,1772.344833,36.923851,36000.0,0.0,,pass,pass
9306.0,high,mission_flight,36000.0,0.0,0.0,0.0,1771.7115,36.910656,36000.0,0.0,,pass,pass
9308.0,high,mission_flight,36000.0,0.0,0.0,0.0,1771.078167,36.897462,36000.0,0.0,,pass,pass
9310.0,high,mission_flight,36000.0,0.0,0.0,0.0,1770.444833,36.884267,36000.0,0.0,,pass,pass
9312.0,high,mission_flight,36000.0,0.0,0.0,0.0,1769.8115,36.871073,36000.0,0.0,,pass,pass
9314.0,high,mission_flight,36000.0,0.0,0.0,0.0,1769.178167,36.857878,36000.0,0.0,,pass,pass
9316.0,high,mission_flight,36000.0,0.0,0.0,0.0,1768.544833,36.844684,36000.0,0.0,,pass,pass
9318.0,high,mission_flight,36000.0,0.0,0.0,0.0,1767.9115,36.83149,36000.0,0.0,,pass,pass
9320.0,high,mission_flight,36000.0,0.0,0.0,0.0,1767.278167,36.818295,36000.0,0.0,,pass,pass
9322.0,high,mission_flight,36000.0,0.0,0.0,0.0,1766.644833,36.805101,36000.0,0.0,,pass,pass
9324.0,high,mission_flight,36000.0,0.0,0.0,0.0,1766.0115,36.791906,36000.0,0.0,,pass,pass
9326.0,high,mission_flight,36000.0,0.0,0.0,0.0,1765.378167,36.778712,36000.0,0.0,,pass,pass
9328.0,high,mission_flight,36000.0,0.0,0.0,0.0,1764.744833,36.765517,36000.0,0.0,,pass,pass
9330.0,high,mission_flight,36000.0,0.0,0.0,0.0,1764.1115,36.752323,36000.0,0.0,,pass,pass
9332.0,high,mission_flight,36000.0,0.0,0.0,0.0,1763.478167,36.739128,36000.0,0.0,,pass,pass
9334.0,high,mission_flight,36000.0,0.0,0.0,0.0,1762.844833,36.725934,36000.0,0.0,,pass,pass
9336.0,high,mission_flight,36000.0,0.0,0.0,0.0,1762.2115,36.71274,36000.0,0.0,,pass,pass
9338.0,high,mission_flight,36000.0,0.0,0.0,0.0,1761.578167,36.699545,36000.0,0.0,,pass,pass
9340.0,high,mission_flight,36000.0,0.0,0.0,0.0,1760.944833,36.686351,36000.0,0.0,,pass,pass
9342.0,high,mission_flight,36000.0,0.0,0.0,0.0,1760.3115,36.673156,36000.0,0.0,,pass,pass
9344.0,high,mission_flight,36000.0,0.0,0.0,0.0,1759.678167,36.659962,36000.0,0.0,,pass,pass
9346.0,high,mission_flight,36000.0,0.0,0.0,0.0,1759.044833,36.646767,36000.0,0.0,,pass,pass
9348.0,high,mission_flight,36000.0,0.0,0.0,0.0,1758.4115,36.633573,36000.0,0.0,,pass,pass
9350.0,high,mission_flight,36000.0,0.0,0.0,0.0,1757.778167,36.620378,36000.0,0.0,,pass,pass
9352.0,high,mission_flight,36000.0,0.0,0.0,0.0,1757.144833,36.607184,36000.0,0.0,,pass,pass
9354.0,high,mission_flight,36000.0,0.0,0.0,0.0,1756.5115,36.59399,36000.0,0.0,,pass,pass
9356.0,high,mission_flight,36000.0,0.0,0.0,0.0,1755.878167,36.580795,36000.0,0.0,,pass,pass
9358.0,high,mission_flight,36000.0,0.0,0.0,0.0,1755.244833,36.567601,36000.0,0.0,,pass,pass
9360.0,high,mission_flight,36000.0,0.0,0.0,0.0,1754.6115,36.554406,36000.0,0.0,,pass,pass
9362.0,high,mission_flight,36000.0,0.0,0.0,0.0,1753.978167,36.541212,36000.0,0.0,,pass,pass
9364.0,high,mission_flight,36000.0,0.0,0.0,0.0,1753.344833,36.528017,36000.0,0.0,,pass,pass
9366.0,high,mission_flight,36000.0,0.0,0.0,0.0,1752.7115,36.514823,36000.0,0.0,,pass,pass
9368.0,high,mission_flight,36000.0,0.0,0.0,0.0,1752.078167,36.501628,36000.0,0.0,,pass,pass
9370.0,high,mission_flight,36000.0,0.0,0.0,0.0,1751.444833,36.488434,36000.0,0.0,,pass,pass
9372.0,high,mission_flight,36000.0,0.0,0.0,0.0,1750.8115,36.47524,36000.0,0.0,,pass,pass
9374.0,high,mission_flight,36000.0,0.0,0.0,0.0,1750.178167,36.462045,36000.0,0.0,,pass,pass
9376.0,high,mission_flight,36000.0,0.0,0.0,0.0,1749.544833,36.448851,36000.0,0.0,,pass,pass
9378.0,high,mission_flight,36000.0,0.0,0.0,0.0,1748.9115,36.435656,36000.0,0.0,,pass,pass
9380.0,high,mission_flight,36000.0,0.0,0.0,0.0,1748.278167,36.422462,36000.0,0.0,,pass,pass
9382.0,high,mission_flight,36000.0,0.0,0.0,0.0,1747.644833,36.409267,36000.0,0.0,,pass,pass
9384.0,high,mission_flight,36000.0,0.0,0.0,0.0,1747.0115,36.396073,36000.0,0.0,,pass,pass
9386.0,high,mission_flight,36000.0,0.0,0.0,0.0,1746.378167,36.382878,36000.0,0.0,,pass,pass
9388.0,high,mission_flight,36000.0,0.0,0.0,0.0,1745.744833,36.369684,36000.0,0.0,,pass,pass
9390.0,high,mission_flight,36000.0,0.0,0.0,0.0,1745.1115,36.35649,36000.0,0.0,,pass,pass
9392.0,high,mission_flight,36000.0,0.0,0.0,0.0,1744.478167,36.343295,36000.0,0.0,,pass,pass
9394.0,high,mission_flight,36000.0,0.0,0.0,0.0,1743.844833,36.330101,36000.0,0.0,,pass,pass
9396.0,high,mission_flight,36000.0,0.0,0.0,0.0,1743.2115,36.316906,36000.0,0.0,,pass,pass
9398.0,high,mission_flight,36000.0,0.0,0.0,0.0,1742.578167,36.303712,36000.0,0.0,,pass,pass
9400.0,high,mission_flight,36000.0,0.0,0.0,0.0,1741.944833,36.290517,36000.0,0.0,,pass,pass
9402.0,high,mission_flight,36000.0,0.0,0.0,0.0,1741.3115,36.277323,36000.0,0.0,,pass,pass
9404.0,high,mission_flight,36000.0,0.0,0.0,0.0,1740.678167,36.264128,36000.0,0.0,,pass,pass
9406.0,high,mission_flight,36000.0,0.0,0.0,0.0,1740.044833,36.250934,36000.0,0.0,,pass,pass
9408.0,high,mission_flight,36000.0,0.0,0.0,0.0,1739.4115,36.23774,36000.0,0.0,,pass,pass
9410.0,high,mission_flight,36000.0,0.0,0.0,0.0,1738.778167,36.224545,36000.0,0.0,,pass,pass
9412.0,high,mission_flight,36000.0,0.0,0.0,0.0,1738.144833,36.211351,36000.0,0.0,,pass,pass
9414.0,high,mission_flight,36000.0,0.0,0.0,0.0,1737.5115,36.198156,36000.0,0.0,,pass,pass
9416.0,high,mission_flight,36000.0,0.0,0.0,0.0,1736.878167,36.184962,36000.0,0.0,,pass,pass
9418.0,high,mission_flight,36000.0,0.0,0.0,0.0,1736.244833,36.171767,36000.0,0.0,,pass,pass
9420.0,high,mission_flight,36000.0,0.0,0.0,0.0,1735.6115,36.158573,36000.0,0.0,,pass,pass
9422.0,high,mission_flight,36000.0,0.0,0.0,0.0,1734.978167,36.145378,36000.0,0.0,,pass,pass
9424.0,high,mission_flight,36000.0,0.0,0.0,0.0,1734.344833,36.132184,36000.0,0.0,,pass,pass
9426.0,high,mission_flight,36000.0,0.0,0.0,0.0,1733.7115,36.11899,36000.0,0.0,,pass,pass
9428.0,high,mission_flight,36000.0,0.0,0.0,0.0,1733.078167,36.105795,36000.0,0.0,,pass,pass
9430.0,high,mission_flight,36000.0,0.0,0.0,0.0,1732.444833,36.092601,36000.0,0.0,,pass,pass
9432.0,high,mission_flight,36000.0,0.0,0.0,0.0,1731.8115,36.079406,36000.0,0.0,,pass,pass
9434.0,high,mission_flight,36000.0,0.0,0.0,0.0,1731.178167,36.066212,36000.0,0.0,,pass,pass
9436.0,high,mission_flight,36000.0,0.0,0.0,0.0,1730.544833,36.053017,36000.0,0.0,,pass,pass
9438.0,high,mission_flight,36000.0,0.0,0.0,0.0,1729.9115,36.039823,36000.0,0.0,,pass,pass
9440.0,high,mission_flight,36000.0,0.0,0.0,0.0,1729.278167,36.026628,36000.0,0.0,,pass,pass
9442.0,high,mission_flight,36000.0,0.0,0.0,0.0,1728.644833,36.013434,36000.0,0.0,,pass,pass
9444.0,high,mission_flight,36000.0,0.0,0.0,0.0,1728.0115,36.00024,36000.0,0.0,,pass,pass
9446.0,high,mission_flight,36000.0,0.0,0.0,0.0,1727.378167,35.987045,36000.0,0.0,,pass,pass
9448.0,high,mission_flight,36000.0,0.0,0.0,0.0,1726.744833,35.973851,36000.0,0.0,,pass,pass
9450.0,high,mission_flight,36000.0,0.0,0.0,0.0,1726.1115,35.960656,36000.0,0.0,,pass,pass
9452.0,high,mission_flight,36000.0,0.0,0.0,0.0,1725.478167,35.947462,36000.0,0.0,,pass,pass
9454.0,high,mission_flight,36000.0,0.0,0.0,0.0,1724.844833,35.934267,36000.0,0.0,,pass,pass
9456.0,high,mission_flight,36000.0,0.0,0.0,0.0,1724.2115,35.921073,36000.0,0.0,,pass,pass
9458.0,high,mission_flight,36000.0,0.0,0.0,0.0,1723.578167,35.907878,36000.0,0.0,,pass,pass
9460.0,high,mission_flight,36000.0,0.0,0.0,0.0,1722.944833,35.894684,36000.0,0.0,,pass,pass
9462.0,high,mission_flight,36000.0,0.0,0.0,0.0,1722.3115,35.88149,36000.0,0.0,,pass,pass
9464.0,high,mission_flight,36000.0,0.0,0.0,0.0,1721.678167,35.868295,36000.0,0.0,,pass,pass
9466.0,high,mission_flight,36000.0,0.0,0.0,0.0,1721.044833,35.855101,36000.0,0.0,,pass,pass
9468.0,high,mission_flight,36000.0,0.0,0.0,0.0,1720.4115,35.841906,36000.0,0.0,,pass,pass
9470.0,high,mission_flight,36000.0,0.0,0.0,0.0,1719.778167,35.828712,36000.0,0.0,,pass,pass
9472.0,high,mission_flight,36000.0,0.0,0.0,0.0,1719.144833,35.815517,36000.0,0.0,,pass,pass
9474.0,high,mission_flight,36000.0,0.0,0.0,0.0,1718.5115,35.802323,36000.0,0.0,,pass,pass
9476.0,high,mission_flight,36000.0,0.0,0.0,0.0,1717.878167,35.789128,36000.0,0.0,,pass,pass
9478.0,high,mission_flight,36000.0,0.0,0.0,0.0,1717.244833,35.775934,36000.0,0.0,,pass,pass
9480.0,high,mission_flight,36000.0,0.0,0.0,0.0,1716.6115,35.76274,36000.0,0.0,,pass,pass
9482.0,high,mission_flight,36000.0,0.0,0.0,0.0,1715.978167,35.749545,36000.0,0.0,,pass,pass
9484.0,high,mission_flight,36000.0,0.0,0.0,0.0,1715.344833,35.736351,36000.0,0.0,,pass,pass
9486.0,high,mission_flight,36000.0,0.0,0.0,0.0,1714.7115,35.723156,36000.0,0.0,,pass,pass
9488.0,high,mission_flight,36000.0,0.0,0.0,0.0,1714.078167,35.709962,36000.0,0.0,,pass,pass
9490.0,high,mission_flight,36000.0,0.0,0.0,0.0,1713.444833,35.696767,36000.0,0.0,,pass,pass
9492.0,high,mission_flight,36000.0,0.0,0.0,0.0,1712.8115,35.683573,36000.0,0.0,,pass,pass
9494.0,high,mission_flight,36000.0,0.0,0.0,0.0,1712.178167,35.670378,36000.0,0.0,,pass,pass
9496.0,high,mission_flight,36000.0,0.0,0.0,0.0,1711.544833,35.657184,36000.0,0.0,,pass,pass
9498.0,high,mission_flight,36000.0,0.0,0.0,0.0,1710.9115,35.64399,36000.0,0.0,,pass,pass
9500.0,high,mission_flight,36000.0,0.0,0.0,0.0,1710.278167,35.630795,36000.0,0.0,,pass,pass
9502.0,high,mission_flight,36000.0,0.0,0.0,0.0,1709.644833,35.617601,36000.0,0.0,,pass,pass
9504.0,high,mission_flight,36000.0,0.0,0.0,0.0,1709.0115,35.604406,36000.0,0.0,,pass,pass
9506.0,high,mission_flight,36000.0,0.0,0.0,0.0,1708.378167,35.591212,36000.0,0.0,,pass,pass
9508.0,high,mission_flight,36000.0,0.0,0.0,0.0,1707.744833,35.578017,36000.0,0.0,,pass,pass
9510.0,high,mission_flight,36000.0,0.0,0.0,0.0,1707.1115,35.564823,36000.0,0.0,,pass,pass
9512.0,high,mission_flight,36000.0,0.0,0.0,0.0,1706.478167,35.551628,36000.0,0.0,,pass,pass
9514.0,high,mission_flight,36000.0,0.0,0.0,0.0,1705.844833,35.538434,36000.0,0.0,,pass,pass
9516.0,high,mission_flight,36000.0,0.0,0.0,0.0,1705.2115,35.52524,36000.0,0.0,,pass,pass
9518.0,high,mission_flight,36000.0,0.0,0.0,0.0,1704.578167,35.512045,36000.0,0.0,,pass,pass
9520.0,high,mission_flight,36000.0,0.0,0.0,0.0,1703.944833,35.498851,36000.0,0.0,,pass,pass
9522.0,high,mission_flight,36000.0,0.0,0.0,0.0,1703.3115,35.485656,36000.0,0.0,,pass,pass
9524.0,high,mission_flight,36000.0,0.0,0.0,0.0,1702.678167,35.472462,36000.0,0.0,,pass,pass
9526.0,high,mission_flight,36000.0,0.0,0.0,0.0,1702.044833,35.459267,36000.0,0.0,,pass,pass
9528.0,high,mission_flight,36000.0,0.0,0.0,0.0,1701.4115,35.446073,36000.0,0.0,,pass,pass
9530.0,high,mission_flight,36000.0,0.0,0.0,0.0,1700.778167,35.432878,36000.0,0.0,,pass,pass
9532.0,high,mission_flight,36000.0,0.0,0.0,0.0,1700.144833,35.419684,36000.0,0.0,,pass,pass
9534.0,high,mission_flight,36000.0,0.0,0.0,0.0,1699.5115,35.40649,36000.0,0.0,,pass,pass
9536.0,high,mission_flight,36000.0,0.0,0.0,0.0,1698.878167,35.393295,36000.0,0.0,,pass,pass
9538.0,high,mission_flight,36000.0,0.0,0.0,0.0,1698.244833,35.380101,36000.0,0.0,,pass,pass
9540.0,high,mission_flight,36000.0,0.0,0.0,0.0,1697.6115,35.366906,36000.0,0.0,,pass,pass
9542.0,high,mission_flight,36000.0,0.0,0.0,0.0,1696.978167,35.353712,36000.0,0.0,,pass,pass
9544.0,high,mission_flight,36000.0,0.0,0.0,0.0,1696.344833,35.340517,36000.0,0.0,,pass,pass
9546.0,high,mission_flight,36000.0,0.0,0.0,0.0,1695.7115,35.327323,36000.0,0.0,,pass,pass
9548.0,high,mission_flight,36000.0,0.0,0.0,0.0,1695.078167,35.314128,36000.0,0.0,,pass,pass
9550.0,high,mission_flight,36000.0,0.0,0.0,0.0,1694.444833,35.300934,36000.0,0.0,,pass,pass
9552.0,high,mission_flight,36000.0,0.0,0.0,0.0,1693.8115,35.28774,36000.0,0.0,,pass,pass
9554.0,high,mission_flight,36000.0,0.0,0.0,0.0,1693.178167,35.274545,36000.0,0.0,,pass,pass
9556.0,high,mission_flight,36000.0,0.0,0.0,0.0,1692.544833,35.261351,36000.0,0.0,,pass,pass
9558.0,high,mission_flight,36000.0,0.0,0.0,0.0,1691.9115,35.248156,36000.0,0.0,,pass,pass
9560.0,high,mission_flight,36000.0,0.0,0.0,0.0,1691.278167,35.234962,36000.0,0.0,,pass,pass
9562.0,high,mission_flight,36000.0,0.0,0.0,0.0,1690.644833,35.221767,36000.0,0.0,,pass,pass
9564.0,high,mission_flight,36000.0,0.0,0.0,0.0,1690.0115,35.208573,36000.0,0.0,,pass,pass
9566.0,high,mission_flight,36000.0,0.0,0.0,0.0,1689.378167,35.195378,36000.0,0.0,,pass,pass
9568.0,high,mission_flight,36000.0,0.0,0.0,0.0,1688.744833,35.182184,36000.0,0.0,,pass,pass
9570.0,high,mission_flight,36000.0,0.0,0.0,0.0,1688.1115,35.16899,36000.0,0.0,,pass,pass
9572.0,high,mission_flight,36000.0,0.0,0.0,0.0,1687.478167,35.155795,36000.0,0.0,,pass,pass
9574.0,high,mission_flight,36000.0,0.0,0.0,0.0,1686.844833,35.142601,36000.0,0.0,,pass,pass
9576.0,high,mission_flight,36000.0,0.0,0.0,0.0,1686.2115,35.129406,36000.0,0.0,,pass,pass
9578.0,high,mission_flight,36000.0,0.0,0.0,0.0,1685.578167,35.116212,36000.0,0.0,,pass,pass
9580.0,high,mission_flight,36000.0,0.0,0.0,0.0,1684.944833,35.103017,36000.0,0.0,,pass,pass
9582.0,high,mission_flight,36000.0,0.0,0.0,0.0,1684.3115,35.089823,36000.0,0.0,,pass,pass
9584.0,high,mission_flight,36000.0,0.0,0.0,0.0,1683.678167,35.076628,36000.0,0.0,,pass,pass
9586.0,high,mission_flight,36000.0,0.0,0.0,0.0,1683.044833,35.063434,36000.0,0.0,,pass,pass
9588.0,high,mission_flight,36000.0,0.0,0.0,0.0,1682.4115,35.05024,36000.0,0.0,,pass,pass
9590.0,high,mission_flight,36000.0,0.0,0.0,0.0,1681.778167,35.037045,36000.0,0.0,,pass,pass
9592.0,high,mission_flight,36000.0,0.0,0.0,0.0,1681.144833,35.023851,36000.0,0.0,,pass,pass
9594.0,high,mission_flight,36000.0,0.0,0.0,0.0,1680.5115,35.010656,36000.0,0.0,,pass,pass
9596.0,high,mission_flight,36000.0,0.0,0.0,0.0,1679.878167,34.997462,36000.0,0.0,,pass,pass
9598.0,high,mission_flight,36000.0,0.0,0.0,0.0,1679.244833,34.984267,36000.0,0.0,,pass,pass
9600.0,high,mission_flight,36000.0,0.0,0.0,0.0,1678.6115,34.971073,36000.0,0.0,,pass,pass
9602.0,high,mission_flight,36000.0,0.0,0.0,0.0,1677.978167,34.957878,36000.0,0.0,,pass,pass
9604.0,high,mission_flight,36000.0,0.0,0.0,0.0,1677.344833,34.944684,36000.0,0.0,,pass,pass
9606.0,high,mission_flight,36000.0,0.0,0.0,0.0,1676.7115,34.93149,36000.0,0.0,,pass,pass
9608.0,high,mission_flight,36000.0,0.0,0.0,0.0,1676.078167,34.918295,36000.0,0.0,,pass,pass
9610.0,high,mission_flight,36000.0,0.0,0.0,0.0,1675.444833,34.905101,36000.0,0.0,,pass,pass
9612.0,high,mission_flight,36000.0,0.0,0.0,0.0,1674.8115,34.891906,36000.0,0.0,,pass,pass
9614.0,high,mission_flight,36000.0,0.0,0.0,0.0,1674.178167,34.878712,36000.0,0.0,,pass,pass
9616.0,high,mission_flight,36000.0,0.0,0.0,0.0,1673.544833,34.865517,36000.0,0.0,,pass,pass
9618.0,high,mission_flight,36000.0,0.0,0.0,0.0,1672.9115,34.852323,36000.0,0.0,,pass,pass
9620.0,high,mission_flight,36000.0,0.0,0.0,0.0,1672.278167,34.839128,36000.0,0.0,,pass,pass
9622.0,high,mission_flight,36000.0,0.0,0.0,0.0,1671.644833,34.825934,36000.0,0.0,,pass,pass
9624.0,high,mission_flight,36000.0,0.0,0.0,0.0,1671.0115,34.81274,36000.0,0.0,,pass,pass
9626.0,high,mission_flight,36000.0,0.0,0.0,0.0,1670.378167,34.799545,36000.0,0.0,,pass,pass
9628.0,high,mission_flight,36000.0,0.0,0.0,0.0,1669.744833,34.786351,36000.0,0.0,,pass,pass
9630.0,high,mission_flight,36000.0,0.0,0.0,0.0,1669.1115,34.773156,36000.0,0.0,,pass,pass
9632.0,high,mission_flight,36000.0,0.0,0.0,0.0,1668.478167,34.759962,36000.0,0.0,,pass,pass
9634.0,high,mission_flight,36000.0,0.0,0.0,0.0,1667.844833,34.746767,36000.0,0.0,,pass,pass
9636.0,high,mission_flight,36000.0,0.0,0.0,0.0,1667.2115,34.733573,36000.0,0.0,,pass,pass
9638.0,high,mission_flight,36000.0,0.0,0.0,0.0,1666.578167,34.720378,36000.0,0.0,,pass,pass
9640.0,high,mission_flight,36000.0,0.0,0.0,0.0,1665.944833,34.707184,36000.0,0.0,,pass,pass
9642.0,high,mission_flight,36000.0,0.0,0.0,0.0,1665.3115,34.69399,36000.0,0.0,,pass,pass
9644.0,high,mission_flight,36000.0,0.0,0.0,0.0,1664.678167,34.680795,36000.0,0.0,,pass,pass
9646.0,high,mission_flight,36000.0,0.0,0.0,0.0,1664.044833,34.667601,36000.0,0.0,,pass,pass
9648.0,high,mission_flight,36000.0,0.0,0.0,0.0,1663.4115,34.654406,36000.0,0.0,,pass,pass
9650.0,high,mission_flight,36000.0,0.0,0.0,0.0,1662.778167,34.641212,36000.0,0.0,,pass,pass
9652.0,high,mission_flight,36000.0,0.0,0.0,0.0,1662.144833,34.628017,36000.0,0.0,,pass,pass
9654.0,high,mission_flight,36000.0,0.0,0.0,0.0,1661.5115,34.614823,36000.0,0.0,,pass,pass
9656.0,high,mission_flight,36000.0,0.0,0.0,0.0,1660.878167,34.601628,36000.0,0.0,,pass,pass
9658.0,high,mission_flight,36000.0,0.0,0.0,0.0,1660.244833,34.588434,36000.0,0.0,,pass,pass
9660.0,high,mission_flight,36000.0,0.0,0.0,0.0,1659.6115,34.57524,36000.0,0.0,,pass,pass
9662.0,high,mission_flight,36000.0,0.0,0.0,0.0,1658.978167,34.562045,36000.0,0.0,,pass,pass
9664.0,high,mission_flight,36000.0,0.0,0.0,0.0,1658.344833,34.548851,36000.0,0.0,,pass,pass
9666.0,high,mission_flight,36000.0,0.0,0.0,0.0,1657.7115,34.535656,36000.0,0.0,,pass,pass
9668.0,high,mission_flight,36000.0,0.0,0.0,0.0,1657.078167,34.522462,36000.0,0.0,,pass,pass
9670.0,high,mission_flight,36000.0,0.0,0.0,0.0,1656.444833,34.509267,36000.0,0.0,,pass,pass
9672.0,high,mission_flight,36000.0,0.0,0.0,0.0,1655.8115,34.496073,36000.0,0.0,,pass,pass
9674.0,high,mission_flight,36000.0,0.0,0.0,0.0,1655.178167,34.482878,36000.0,0.0,,pass,pass
9676.0,high,mission_flight,36000.0,0.0,0.0,0.0,1654.544833,34.469684,36000.0,0.0,,pass,pass
9678.0,high,mission_flight,36000.0,0.0,0.0,0.0,1653.9115,34.45649,36000.0,0.0,,pass,pass
9680.0,high,mission_flight,36000.0,0.0,0.0,0.0,1653.278167,34.443295,36000.0,0.0,,pass,pass
9682.0,high,mission_flight,36000.0,0.0,0.0,0.0,1652.644833,34.430101,36000.0,0.0,,pass,pass
9684.0,high,mission_flight,36000.0,0.0,0.0,0.0,1652.0115,34.416906,36000.0,0.0,,pass,pass
9686.0,high,mission_flight,36000.0,0.0,0.0,0.0,1651.378167,34.403712,36000.0,0.0,,pass,pass
9688.0,high,mission_flight,36000.0,0.0,0.0,0.0,1650.744833,34.390517,36000.0,0.0,,pass,pass
9690.0,high,mission_flight,36000.0,0.0,0.0,0.0,1650.1115,34.377323,36000.0,0.0,,pass,pass
9692.0,high,mission_flight,36000.0,0.0,0.0,0.0,1649.478167,34.364128,36000.0,0.0,,pass,pass
9694.0,high,mission_flight,36000.0,0.0,0.0,0.0,1648.844833,34.350934,36000.0,0.0,,pass,pass
9696.0,high,mission_flight,36000.0,0.0,0.0,0.0,1648.2115,34.33774,36000.0,0.0,,pass,pass
9698.0,high,mission_flight,36000.0,0.0,0.0,0.0,1647.578167,34.324545,36000.0,0.0,,pass,pass
9700.0,high,mission_flight,36000.0,0.0,0.0,0.0,1646.944833,34.311351,36000.0,0.0,,pass,pass
9702.0,high,mission_flight,36000.0,0.0,0.0,0.0,1646.3115,34.298156,36000.0,0.0,,pass,pass
9704.0,high,mission_flight,36000.0,0.0,0.0,0.0,1645.678167,34.284962,36000.0,0.0,,pass,pass
9706.0,high,mission_flight,36000.0,0.0,0.0,0.0,1645.044833,34.271767,36000.0,0.0,,pass,pass
9708.0,high,mission_flight,36000.0,0.0,0.0,0.0,1644.4115,34.258573,36000.0,0.0,,pass,pass
9710.0,high,mission_flight,36000.0,0.0,0.0,0.0,1643.778167,34.245378,36000.0,0.0,,pass,pass
9712.0,high,mission_flight,36000.0,0.0,0.0,0.0,1643.144833,34.232184,36000.0,0.0,,pass,pass
9714.0,high,mission_flight,36000.0,0.0,0.0,0.0,1642.5115,34.21899,36000.0,0.0,,pass,pass
9716.0,high,mission_flight,36000.0,0.0,0.0,0.0,1641.878167,34.205795,36000.0,0.0,,pass,pass
9718.0,high,mission_flight,36000.0,0.0,0.0,0.0,1641.244833,34.192601,36000.0,0.0,,pass,pass
9720.0,high,mission_flight,36000.0,0.0,0.0,0.0,1640.6115,34.179406,36000.0,0.0,,pass,pass
9722.0,high,mission_flight,36000.0,0.0,0.0,0.0,1639.978167,34.166212,36000.0,0.0,,pass,pass
9724.0,high,mission_flight,36000.0,0.0,0.0,0.0,1639.344833,34.153017,36000.0,0.0,,pass,pass
9726.0,high,mission_flight,36000.0,0.0,0.0,0.0,1638.7115,34.139823,36000.0,0.0,,pass,pass
9728.0,high,mission_flight,36000.0,0.0,0.0,0.0,1638.078167,34.126628,36000.0,0.0,,pass,pass
9730.0,high,mission_flight,36000.0,0.0,0.0,0.0,1637.444833,34.113434,36000.0,0.0,,pass,pass
9732.0,high,mission_flight,36000.0,0.0,0.0,0.0,1636.8115,34.10024,36000.0,0.0,,pass,pass
9734.0,high,mission_flight,36000.0,0.0,0.0,0.0,1636.178167,34.087045,36000.0,0.0,,pass,pass
9736.0,high,mission_flight,36000.0,0.0,0.0,0.0,1635.544833,34.073851,36000.0,0.0,,pass,pass
9738.0,high,mission_flight,36000.0,0.0,0.0,0.0,1634.9115,34.060656,36000.0,0.0,,pass,pass
9740.0,high,mission_flight,36000.0,0.0,0.0,0.0,1634.278167,34.047462,36000.0,0.0,,pass,pass
9742.0,high,mission_flight,36000.0,0.0,0.0,0.0,1633.644833,34.034267,36000.0,0.0,,pass,pass
9744.0,high,mission_flight,36000.0,0.0,0.0,0.0,1633.0115,34.021073,36000.0,0.0,,pass,pass
9746.0,high,mission_flight,36000.0,0.0,0.0,0.0,1632.378167,34.007878,36000.0,0.0,,pass,pass
9748.0,high,mission_flight,36000.0,0.0,0.0,0.0,1631.744833,33.994684,36000.0,0.0,,pass,pass
9750.0,high,mission_flight,36000.0,0.0,0.0,0.0,1631.1115,33.98149,36000.0,0.0,,pass,pass
9752.0,high,mission_flight,36000.0,0.0,0.0,0.0,1630.478167,33.968295,36000.0,0.0,,pass,pass
9754.0,high,mission_flight,36000.0,0.0,0.0,0.0,1629.844833,33.955101,36000.0,0.0,,pass,pass
9756.0,high,mission_flight,36000.0,0.0,0.0,0.0,1629.2115,33.941906,36000.0,0.0,,pass,pass
9758.0,high,mission_flight,36000.0,0.0,0.0,0.0,1628.578167,33.928712,36000.0,0.0,,pass,pass
9760.0,high,mission_flight,36000.0,0.0,0.0,0.0,1627.944833,33.915517,36000.0,0.0,,pass,pass
9762.0,high,mission_flight,36000.0,0.0,0.0,0.0,1627.3115,33.902323,36000.0,0.0,,pass,pass
9764.0,high,mission_flight,36000.0,0.0,0.0,0.0,1626.678167,33.889128,36000.0,0.0,,pass,pass
9766.0,high,mission_flight,36000.0,0.0,0.0,0.0,1626.044833,33.875934,36000.0,0.0,,pass,pass
9768.0,high,mission_flight,36000.0,0.0,0.0,0.0,1625.4115,33.86274,36000.0,0.0,,pass,pass
9770.0,high,mission_flight,36000.0,0.0,0.0,0.0,1624.778167,33.849545,36000.0,0.0,,pass,pass
9772.0,high,mission_flight,36000.0,0.0,0.0,0.0,1624.144833,33.836351,36000.0,0.0,,pass,pass
9774.0,high,mission_flight,36000.0,0.0,0.0,0.0,1623.5115,33.823156,36000.0,0.0,,pass,pass
9776.0,high,mission_flight,36000.0,0.0,0.0,0.0,1622.878167,33.809962,36000.0,0.0,,pass,pass
9778.0,high,mission_flight,36000.0,0.0,0.0,0.0,1622.244833,33.796767,36000.0,0.0,,pass,pass
9780.0,high,mission_flight,36000.0,0.0,0.0,0.0,1621.6115,33.783573,36000.0,0.0,,pass,pass
9782.0,high,mission_flight,36000.0,0.0,0.0,0.0,1620.978167,33.770378,36000.0,0.0,,pass,pass
9784.0,high,mission_flight,36000.0,0.0,0.0,0.0,1620.344833,33.757184,36000.0,0.0,,pass,pass
9786.0,high,mission_flight,36000.0,0.0,0.0,0.0,1619.7115,33.74399,36000.0,0.0,,pass,pass
9788.0,high,mission_flight,36000.0,0.0,0.0,0.0,1619.078167,33.730795,36000.0,0.0,,pass,pass
9790.0,high,mission_flight,36000.0,0.0,0.0,0.0,1618.444833,33.717601,36000.0,0.0,,pass,pass
9792.0,high,mission_flight,36000.0,0.0,0.0,0.0,1617.8115,33.704406,36000.0,0.0,,pass,pass
9794.0,high,mission_flight,36000.0,0.0,0.0,0.0,1617.178167,33.691212,36000.0,0.0,,pass,pass
9796.0,high,mission_flight,36000.0,0.0,0.0,0.0,1616.544833,33.678017,36000.0,0.0,,pass,pass
9798.0,high,mission_flight,36000.0,0.0,0.0,0.0,1615.9115,33.664823,36000.0,0.0,,pass,pass
9800.0,high,mission_flight,36000.0,0.0,0.0,0.0,1615.278167,33.651628,36000.0,0.0,,pass,pass
9802.0,high,mission_flight,36000.0,0.0,0.0,0.0,1614.644833,33.638434,36000.0,0.0,,pass,pass
9804.0,high,mission_flight,36000.0,0.0,0.0,0.0,1614.0115,33.62524,36000.0,0.0,,pass,pass
9806.0,high,mission_flight,36000.0,0.0,0.0,0.0,1613.378167,33.612045,36000.0,0.0,,pass,pass
9808.0,high,mission_flight,36000.0,0.0,0.0,0.0,1612.744833,33.598851,36000.0,0.0,,pass,pass
9810.0,high,mission_flight,36000.0,0.0,0.0,0.0,1612.1115,33.585656,36000.0,0.0,,pass,pass
9812.0,high,mission_flight,36000.0,0.0,0.0,0.0,1611.478167,33.572462,36000.0,0.0,,pass,pass
9814.0,high,mission_flight,36000.0,0.0,0.0,0.0,1610.844833,33.559267,36000.0,0.0,,pass,pass
9816.0,high,mission_flight,36000.0,0.0,0.0,0.0,1610.2115,33.546073,36000.0,0.0,,pass,pass
9818.0,high,mission_flight,36000.0,0.0,0.0,0.0,1609.578167,33.532878,36000.0,0.0,,pass,pass
9820.0,high,mission_flight,36000.0,0.0,0.0,0.0,1608.944833,33.519684,36000.0,0.0,,pass,pass
9822.0,high,mission_flight,36000.0,0.0,0.0,0.0,1608.3115,33.50649,36000.0,0.0,,pass,pass
9824.0,high,mission_flight,36000.0,0.0,0.0,0.0,1607.678167,33.493295,36000.0,0.0,,pass,pass
9826.0,high,mission_flight,36000.0,0.0,0.0,0.0,1607.044833,33.480101,36000.0,0.0,,pass,pass
9828.0,high,mission_flight,36000.0,0.0,0.0,0.0,1606.4115,33.466906,36000.0,0.0,,pass,pass
9830.0,high,mission_flight,36000.0,0.0,0.0,0.0,1605.778167,33.453712,36000.0,0.0,,pass,pass
9832.0,high,mission_flight,36000.0,0.0,0.0,0.0,1605.144833,33.440517,36000.0,0.0,,pass,pass
9834.0,high,mission_flight,36000.0,0.0,0.0,0.0,1604.5115,33.427323,36000.0,0.0,,pass,pass
9836.0,high,mission_flight,36000.0,0.0,0.0,0.0,1603.878167,33.414128,36000.0,0.0,,pass,pass
9838.0,high,mission_flight,36000.0,0.0,0.0,0.0,1603.244833,33.400934,36000.0,0.0,,pass,pass
9840.0,high,mission_flight,36000.0,0.0,0.0,0.0,1602.6115,33.38774,36000.0,0.0,,pass,pass
9842.0,high,mission_flight,36000.0,0.0,0.0,0.0,1601.978167,33.374545,36000.0,0.0,,pass,pass
9844.0,high,mission_flight,36000.0,0.0,0.0,0.0,1601.344833,33.361351,36000.0,0.0,,pass,pass
9846.0,high,mission_flight,36000.0,0.0,0.0,0.0,1600.7115,33.348156,36000.0,0.0,,pass,pass
9848.0,high,mission_flight,36000.0,0.0,0.0,0.0,1600.078167,33.334962,36000.0,0.0,,pass,pass
9850.0,high,mission_flight,36000.0,0.0,0.0,0.0,1599.444833,33.321767,36000.0,0.0,,pass,pass
9852.0,high,mission_flight,36000.0,0.0,0.0,0.0,1598.8115,33.308573,36000.0,0.0,,pass,pass
9854.0,high,mission_flight,36000.0,0.0,0.0,0.0,1598.178167,33.295378,36000.0,0.0,,pass,pass
9856.0,high,mission_flight,36000.0,0.0,0.0,0.0,1597.544833,33.282184,36000.0,0.0,,pass,pass
9858.0,high,mission_flight,36000.0,0.0,0.0,0.0,1596.9115,33.26899,36000.0,0.0,,pass,pass
9860.0,high,mission_flight,36000.0,0.0,0.0,0.0,1596.278167,33.255795,36000.0,0.0,,pass,pass
9862.0,high,mission_flight,36000.0,0.0,0.0,0.0,1595.644833,33.242601,36000.0,0.0,,pass,pass
9864.0,high,mission_flight,36000.0,0.0,0.0,0.0,1595.0115,33.229406,36000.0,0.0,,pass,pass
9866.0,high,mission_flight,36000.0,0.0,0.0,0.0,1594.378167,33.216212,36000.0,0.0,,pass,pass
9868.0,high,mission_flight,36000.0,0.0,0.0,0.0,1593.744833,33.203017,36000.0,0.0,,pass,pass
9870.0,high,mission_flight,36000.0,0.0,0.0,0.0,1593.1115,33.189823,36000.0,0.0,,pass,pass
9872.0,high,mission_flight,36000.0,0.0,0.0,0.0,1592.478167,33.176628,36000.0,0.0,,pass,pass
9874.0,high,mission_flight,36000.0,0.0,0.0,0.0,1591.844833,33.163434,36000.0,0.0,,pass,pass
9876.0,high,mission_flight,36000.0,0.0,0.0,0.0,1591.2115,33.15024,36000.0,0.0,,pass,pass
9878.0,high,mission_flight,36000.0,0.0,0.0,0.0,1590.578167,33.137045,36000.0,0.0,,pass,pass
9880.0,high,mission_flight,36000.0,0.0,0.0,0.0,1589.944833,33.123851,36000.0,0.0,,pass,pass
9882.0,high,mission_flight,36000.0,0.0,0.0,0.0,1589.3115,33.110656,36000.0,0.0,,pass,pass
9884.0,high,mission_flight,36000.0,0.0,0.0,0.0,1588.678167,33.097462,36000.0,0.0,,pass,pass
9886.0,high,mission_flight,36000.0,0.0,0.0,0.0,1588.044833,33.084267,36000.0,0.0,,pass,pass
9888.0,high,mission_flight,36000.0,0.0,0.0,0.0,1587.4115,33.071073,36000.0,0.0,,pass,pass
9890.0,high,mission_flight,36000.0,0.0,0.0,0.0,1586.778167,33.057878,36000.0,0.0,,pass,pass
9892.0,high,mission_flight,36000.0,0.0,0.0,0.0,1586.144833,33.044684,36000.0,0.0,,pass,pass
9894.0,high,mission_flight,36000.0,0.0,0.0,0.0,1585.5115,33.03149,36000.0,0.0,,pass,pass
9896.0,high,mission_flight,36000.0,0.0,0.0,0.0,1584.878167,33.018295,36000.0,0.0,,pass,pass
9898.0,high,mission_flight,36000.0,0.0,0.0,0.0,1584.244833,33.005101,36000.0,0.0,,pass,pass
9900.0,high,mission_flight,36000.0,0.0,0.0,0.0,1583.6115,32.991906,36000.0,0.0,,pass,pass
9902.0,high,mission_flight,36000.0,0.0,0.0,0.0,1582.978167,32.978712,36000.0,0.0,,pass,pass
9904.0,high,mission_flight,36000.0,0.0,0.0,0.0,1582.344833,32.965517,36000.0,0.0,,pass,pass
9906.0,high,mission_flight,36000.0,0.0,0.0,0.0,1581.7115,32.952323,36000.0,0.0,,pass,pass
9908.0,high,mission_flight,36000.0,0.0,0.0,0.0,1581.078167,32.939128,36000.0,0.0,,pass,pass
9910.0,high,mission_flight,36000.0,0.0,0.0,0.0,1580.444833,32.925934,36000.0,0.0,,pass,pass
9912.0,high,mission_flight,36000.0,0.0,0.0,0.0,1579.8115,32.91274,36000.0,0.0,,pass,pass
9914.0,high,mission_flight,36000.0,0.0,0.0,0.0,1579.178167,32.899545,36000.0,0.0,,pass,pass
9916.0,high,mission_flight,36000.0,0.0,0.0,0.0,1578.544833,32.886351,36000.0,0.0,,pass,pass
9918.0,high,mission_flight,36000.0,0.0,0.0,0.0,1577.9115,32.873156,36000.0,0.0,,pass,pass
9920.0,high,mission_flight,36000.0,0.0,0.0,0.0,1577.278167,32.859962,36000.0,0.0,,pass,pass
9922.0,high,mission_flight,36000.0,0.0,0.0,0.0,1576.644833,32.846767,36000.0,0.0,,pass,pass
9924.0,high,mission_flight,36000.0,0.0,0.0,0.0,1576.0115,32.833573,36000.0,0.0,,pass,pass
9926.0,high,mission_flight,36000.0,0.0,0.0,0.0,1575.378167,32.820378,36000.0,0.0,,pass,pass
9928.0,high,mission_flight,36000.0,0.0,0.0,0.0,1574.744833,32.807184,36000.0,0.0,,pass,pass
9930.0,high,mission_flight,36000.0,0.0,0.0,0.0,1574.1115,32.79399,36000.0,0.0,,pass,pass
9932.0,high,mission_flight,36000.0,0.0,0.0,0.0,1573.478167,32.780795,36000.0,0.0,,pass,pass
9934.0,high,mission_flight,36000.0,0.0,0.0,0.0,1572.844833,32.767601,36000.0,0.0,,pass,pass
9936.0,high,mission_flight,36000.0,0.0,0.0,0.0,1572.2115,32.754406,36000.0,0.0,,pass,pass
9938.0,high,mission_flight,36000.0,0.0,0.0,0.0,1571.578167,32.741212,36000.0,0.0,,pass,pass
9940.0,high,mission_flight,36000.0,0.0,0.0,0.0,1570.944833,32.728017,36000.0,0.0,,pass,pass
9942.0,high,mission_flight,36000.0,0.0,0.0,0.0,1570.3115,32.714823,36000.0,0.0,,pass,pass
9944.0,high,mission_flight,36000.0,0.0,0.0,0.0,1569.678167,32.701628,36000.0,0.0,,pass,pass
9946.0,high,mission_flight,36000.0,0.0,0.0,0.0,1569.044833,32.688434,36000.0,0.0,,pass,pass
9948.0,high,mission_flight,36000.0,0.0,0.0,0.0,1568.4115,32.67524,36000.0,0.0,,pass,pass
9950.0,high,mission_flight,36000.0,0.0,0.0,0.0,1567.778167,32.662045,36000.0,0.0,,pass,pass
9952.0,high,mission_flight,36000.0,0.0,0.0,0.0,1567.144833,32.648851,36000.0,0.0,,pass,pass
9954.0,high,mission_flight,36000.0,0.0,0.0,0.0,1566.5115,32.635656,36000.0,0.0,,pass,pass
9956.0,high,mission_flight,36000.0,0.0,0.0,0.0,1565.878167,32.622462,36000.0,0.0,,pass,pass
9958.0,high,mission_flight,36000.0,0.0,0.0,0.0,1565.244833,32.609267,36000.0,0.0,,pass,pass
9960.0,high,mission_flight,36000.0,0.0,0.0,0.0,1564.6115,32.596073,36000.0,0.0,,pass,pass
9962.0,high,mission_flight,36000.0,0.0,0.0,0.0,1563.978167,32.582878,36000.0,0.0,,pass,pass
9964.0,high,mission_flight,36000.0,0.0,0.0,0.0,1563.344833,32.569684,36000.0,0.0,,pass,pass
9966.0,high,mission_flight,36000.0,0.0,0.0,0.0,1562.7115,32.55649,36000.0,0.0,,pass,pass
9968.0,high,mission_flight,36000.0,0.0,0.0,0.0,1562.078167,32.543295,36000.0,0.0,,pass,pass
9970.0,high,mission_flight,36000.0,0.0,0.0,0.0,1561.444833,32.530101,36000.0,0.0,,pass,pass
9972.0,high,mission_flight,36000.0,0.0,0.0,0.0,1560.8115,32.516906,36000.0,0.0,,pass,pass
9974.0,high,mission_flight,36000.0,0.0,0.0,0.0,1560.178167,32.503712,36000.0,0.0,,pass,pass
9976.0,high,mission_flight,36000.0,0.0,0.0,0.0,1559.544833,32.490517,36000.0,0.0,,pass,pass
9978.0,high,mission_flight,36000.0,0.0,0.0,0.0,1558.9115,32.477323,36000.0,0.0,,pass,pass
9980.0,high,mission_flight,36000.0,0.0,0.0,0.0,1558.278167,32.464128,36000.0,0.0,,pass,pass
9982.0,high,mission_flight,36000.0,0.0,0.0,0.0,1557.644833,32.450934,36000.0,0.0,,pass,pass
9984.0,high,mission_flight,36000.0,0.0,0.0,0.0,1557.0115,32.43774,36000.0,0.0,,pass,pass
9986.0,high,mission_flight,36000.0,0.0,0.0,0.0,1556.378167,32.424545,36000.0,0.0,,pass,pass
9988.0,high,mission_flight,36000.0,0.0,0.0,0.0,1555.744833,32.411351,36000.0,0.0,,pass,pass
9990.0,high,mission_flight,36000.0,0.0,0.0,0.0,1555.1115,32.398156,36000.0,0.0,,pass,pass
9992.0,high,mission_flight,36000.0,0.0,0.0,0.0,1554.478167,32.384962,36000.0,0.0,,pass,pass
9994.0,high,mission_flight,36000.0,0.0,0.0,0.0,1553.844833,32.371767,36000.0,0.0,,pass,pass
9996.0,high,mission_flight,36000.0,0.0,0.0,0.0,1553.2115,32.358573,36000.0,0.0,,pass,pass
9998.0,high,mission_flight,36000.0,0.0,0.0,0.0,1552.578167,32.345378,36000.0,0.0,,pass,pass
10000.0,high,mission_flight,36000.0,0.0,0.0,0.0,1551.944833,32.332184,36000.0,0.0,,pass,pass
10002.0,high,mission_flight,36000.0,0.0,0.0,0.0,1551.3115,32.31899,36000.0,0.0,,pass,pass
10004.0,high,mission_flight,36000.0,0.0,0.0,0.0,1550.678167,32.305795,36000.0,0.0,,pass,pass
10006.0,high,mission_flight,36000.0,0.0,0.0,0.0,1550.044833,32.292601,36000.0,0.0,,pass,pass
10008.0,high,mission_flight,36000.0,0.0,0.0,0.0,1549.4115,32.279406,36000.0,0.0,,pass,pass
10010.0,high,mission_flight,36000.0,0.0,0.0,0.0,1548.778167,32.266212,36000.0,0.0,,pass,pass
10012.0,high,mission_flight,36000.0,0.0,0.0,0.0,1548.144833,32.253017,36000.0,0.0,,pass,pass
10014.0,high,mission_flight,36000.0,0.0,0.0,0.0,1547.5115,32.239823,36000.0,0.0,,pass,pass
10016.0,high,mission_flight,36000.0,0.0,0.0,0.0,1546.878167,32.226628,36000.0,0.0,,pass,pass
10018.0,high,mission_flight,36000.0,0.0,0.0,0.0,1546.244833,32.213434,36000.0,0.0,,pass,pass
10020.0,high,mission_flight,36000.0,0.0,0.0,0.0,1545.6115,32.20024,36000.0,0.0,,pass,pass
10022.0,high,mission_flight,36000.0,0.0,0.0,0.0,1544.978167,32.187045,36000.0,0.0,,pass,pass
10024.0,high,mission_flight,36000.0,0.0,0.0,0.0,1544.344833,32.173851,36000.0,0.0,,pass,pass
10026.0,high,mission_flight,36000.0,0.0,0.0,0.0,1543.7115,32.160656,36000.0,0.0,,pass,pass
10028.0,high,mission_flight,36000.0,0.0,0.0,0.0,1543.078167,32.147462,36000.0,0.0,,pass,pass
10030.0,high,mission_flight,36000.0,0.0,0.0,0.0,1542.444833,32.134267,36000.0,0.0,,pass,pass
10032.0,high,mission_flight,36000.0,0.0,0.0,0.0,1541.8115,32.121073,36000.0,0.0,,pass,pass
10034.0,high,mission_flight,36000.0,0.0,0.0,0.0,1541.178167,32.107878,36000.0,0.0,,pass,pass
10036.0,high,mission_flight,36000.0,0.0,0.0,0.0,1540.544833,32.094684,36000.0,0.0,,pass,pass
10038.0,high,mission_flight,36000.0,0.0,0.0,0.0,1539.9115,32.08149,36000.0,0.0,,pass,pass
10040.0,high,mission_flight,36000.0,0.0,0.0,0.0,1539.278167,32.068295,36000.0,0.0,,pass,pass
10042.0,high,mission_flight,36000.0,0.0,0.0,0.0,1538.644833,32.055101,36000.0,0.0,,pass,pass
10044.0,high,mission_flight,36000.0,0.0,0.0,0.0,1538.0115,32.041906,36000.0,0.0,,pass,pass
10046.0,high,mission_flight,36000.0,0.0,0.0,0.0,1537.378167,32.028712,36000.0,0.0,,pass,pass
10048.0,high,mission_flight,36000.0,0.0,0.0,0.0,1536.744833,32.015517,36000.0,0.0,,pass,pass
10050.0,high,mission_flight,36000.0,0.0,0.0,0.0,1536.1115,32.002323,36000.0,0.0,,pass,pass
10052.0,high,mission_flight,36000.0,0.0,0.0,0.0,1535.478167,31.989128,36000.0,0.0,,pass,pass
10054.0,high,mission_flight,36000.0,0.0,0.0,0.0,1534.844833,31.975934,36000.0,0.0,,pass,pass
10056.0,high,mission_flight,36000.0,0.0,0.0,0.0,1534.2115,31.96274,36000.0,0.0,,pass,pass
10058.0,high,mission_flight,36000.0,0.0,0.0,0.0,1533.578167,31.949545,36000.0,0.0,,pass,pass
10060.0,high,mission_flight,36000.0,0.0,0.0,0.0,1532.944833,31.936351,36000.0,0.0,,pass,pass
10062.0,high,mission_flight,36000.0,0.0,0.0,0.0,1532.3115,31.923156,36000.0,0.0,,pass,pass
10064.0,high,mission_flight,36000.0,0.0,0.0,0.0,1531.678167,31.909962,36000.0,0.0,,pass,pass
10066.0,high,mission_flight,36000.0,0.0,0.0,0.0,1531.044833,31.896767,36000.0,0.0,,pass,pass
10068.0,high,mission_flight,36000.0,0.0,0.0,0.0,1530.4115,31.883573,36000.0,0.0,,pass,pass
10070.0,high,mission_flight,36000.0,0.0,0.0,0.0,1529.778167,31.870378,36000.0,0.0,,pass,pass
10072.0,high,mission_flight,36000.0,0.0,0.0,0.0,1529.144833,31.857184,36000.0,0.0,,pass,pass
10074.0,high,mission_flight,36000.0,0.0,0.0,0.0,1528.5115,31.84399,36000.0,0.0,,pass,pass
10076.0,high,mission_flight,36000.0,0.0,0.0,0.0,1527.878167,31.830795,36000.0,0.0,,pass,pass
10078.0,high,mission_flight,36000.0,0.0,0.0,0.0,1527.244833,31.817601,36000.0,0.0,,pass,pass
10080.0,high,mission_flight,36000.0,0.0,0.0,0.0,1526.6115,31.804406,36000.0,0.0,,pass,pass
10082.0,high,mission_flight,36000.0,0.0,0.0,0.0,1525.978167,31.791212,36000.0,0.0,,pass,pass
10084.0,high,mission_flight,36000.0,0.0,0.0,0.0,1525.344833,31.778017,36000.0,0.0,,pass,pass
10086.0,high,mission_flight,36000.0,0.0,0.0,0.0,1524.7115,31.764823,36000.0,0.0,,pass,pass
10088.0,high,mission_flight,36000.0,0.0,0.0,0.0,1524.078167,31.751628,36000.0,0.0,,pass,pass
10090.0,high,mission_flight,36000.0,0.0,0.0,0.0,1523.444833,31.738434,36000.0,0.0,,pass,pass
10092.0,high,mission_flight,36000.0,0.0,0.0,0.0,1522.8115,31.72524,36000.0,0.0,,pass,pass
10094.0,high,mission_flight,36000.0,0.0,0.0,0.0,1522.178167,31.712045,36000.0,0.0,,pass,pass
10096.0,high,mission_flight,36000.0,0.0,0.0,0.0,1521.544833,31.698851,36000.0,0.0,,pass,pass
10098.0,high,mission_flight,36000.0,0.0,0.0,0.0,1520.9115,31.685656,36000.0,0.0,,pass,pass
10100.0,high,mission_flight,36000.0,0.0,0.0,0.0,1520.278167,31.672462,36000.0,0.0,,pass,pass
10102.0,high,mission_flight,36000.0,0.0,0.0,0.0,1519.644833,31.659267,36000.0,0.0,,pass,pass
10104.0,high,mission_flight,36000.0,0.0,0.0,0.0,1519.0115,31.646073,36000.0,0.0,,pass,pass
10106.0,high,mission_flight,36000.0,0.0,0.0,0.0,1518.378167,31.632878,36000.0,0.0,,pass,pass
10108.0,high,mission_flight,36000.0,0.0,0.0,0.0,1517.744833,31.619684,36000.0,0.0,,pass,pass
10110.0,high,mission_flight,36000.0,0.0,0.0,0.0,1517.1115,31.60649,36000.0,0.0,,pass,pass
10112.0,high,mission_flight,36000.0,0.0,0.0,0.0,1516.478167,31.593295,36000.0,0.0,,pass,pass
10114.0,high,mission_flight,36000.0,0.0,0.0,0.0,1515.844833,31.580101,36000.0,0.0,,pass,pass
10116.0,high,mission_flight,36000.0,0.0,0.0,0.0,1515.2115,31.566906,36000.0,0.0,,pass,pass
10118.0,high,mission_flight,36000.0,0.0,0.0,0.0,1514.578167,31.553712,36000.0,0.0,,pass,pass
10120.0,high,mission_flight,36000.0,0.0,0.0,0.0,1513.944833,31.540517,36000.0,0.0,,pass,pass
10122.0,high,mission_flight,36000.0,0.0,0.0,0.0,1513.3115,31.527323,36000.0,0.0,,pass,pass
10124.0,high,mission_flight,36000.0,0.0,0.0,0.0,1512.678167,31.514128,36000.0,0.0,,pass,pass
10126.0,high,mission_flight,36000.0,0.0,0.0,0.0,1512.044833,31.500934,36000.0,0.0,,pass,pass
10128.0,high,mission_flight,36000.0,0.0,0.0,0.0,1511.4115,31.48774,36000.0,0.0,,pass,pass
10130.0,high,mission_flight,36000.0,0.0,0.0,0.0,1510.778167,31.474545,36000.0,0.0,,pass,pass
10132.0,high,mission_flight,36000.0,0.0,0.0,0.0,1510.144833,31.461351,36000.0,0.0,,pass,pass
10134.0,high,mission_flight,36000.0,0.0,0.0,0.0,1509.5115,31.448156,36000.0,0.0,,pass,pass
10136.0,high,mission_flight,36000.0,0.0,0.0,0.0,1508.878167,31.434962,36000.0,0.0,,pass,pass
10138.0,high,mission_flight,36000.0,0.0,0.0,0.0,1508.244833,31.421767,36000.0,0.0,,pass,pass
10140.0,high,mission_flight,36000.0,0.0,0.0,0.0,1507.6115,31.408573,36000.0,0.0,,pass,pass
10142.0,high,mission_flight,36000.0,0.0,0.0,0.0,1506.978167,31.395378,36000.0,0.0,,pass,pass
10144.0,high,mission_flight,36000.0,0.0,0.0,0.0,1506.344833,31.382184,36000.0,0.0,,pass,pass
10146.0,high,mission_flight,36000.0,0.0,0.0,0.0,1505.7115,31.36899,36000.0,0.0,,pass,pass
10148.0,high,mission_flight,36000.0,0.0,0.0,0.0,1505.078167,31.355795,36000.0,0.0,,pass,pass
10150.0,high,mission_flight,36000.0,0.0,0.0,0.0,1504.444833,31.342601,36000.0,0.0,,pass,pass
10152.0,high,mission_flight,36000.0,0.0,0.0,0.0,1503.8115,31.329406,36000.0,0.0,,pass,pass
10154.0,high,mission_flight,36000.0,0.0,0.0,0.0,1503.178167,31.316212,36000.0,0.0,,pass,pass
10156.0,high,mission_flight,36000.0,0.0,0.0,0.0,1502.544833,31.303017,36000.0,0.0,,pass,pass
10158.0,high,mission_flight,36000.0,0.0,0.0,0.0,1501.9115,31.289823,36000.0,0.0,,pass,pass
10160.0,high,mission_flight,36000.0,0.0,0.0,0.0,1501.278167,31.276628,36000.0,0.0,,pass,pass
10162.0,high,mission_flight,36000.0,0.0,0.0,0.0,1500.644833,31.263434,36000.0,0.0,,pass,pass
10164.0,high,mission_flight,36000.0,0.0,0.0,0.0,1500.0115,31.25024,36000.0,0.0,,pass,pass
10166.0,high,mission_flight,36000.0,0.0,0.0,0.0,1499.378167,31.237045,36000.0,0.0,,pass,pass
10168.0,high,mission_flight,36000.0,0.0,0.0,0.0,1498.744833,31.223851,36000.0,0.0,,pass,pass
10170.0,high,mission_flight,36000.0,0.0,0.0,0.0,1498.1115,31.210656,36000.0,0.0,,pass,pass
10172.0,high,mission_flight,36000.0,0.0,0.0,0.0,1497.478167,31.197462,36000.0,0.0,,pass,pass
10174.0,high,mission_flight,36000.0,0.0,0.0,0.0,1496.844833,31.184267,36000.0,0.0,,pass,pass
10176.0,high,mission_flight,36000.0,0.0,0.0,0.0,1496.2115,31.171073,36000.0,0.0,,pass,pass
10178.0,high,mission_flight,36000.0,0.0,0.0,0.0,1495.578167,31.157878,36000.0,0.0,,pass,pass
10180.0,high,mission_flight,36000.0,0.0,0.0,0.0,1494.944833,31.144684,36000.0,0.0,,pass,pass
10182.0,high,mission_flight,36000.0,0.0,0.0,0.0,1494.3115,31.13149,36000.0,0.0,,pass,pass
10184.0,high,mission_flight,36000.0,0.0,0.0,0.0,1493.678167,31.118295,36000.0,0.0,,pass,pass
10186.0,high,mission_flight,36000.0,0.0,0.0,0.0,1493.044833,31.105101,36000.0,0.0,,pass,pass
10188.0,high,mission_flight,36000.0,0.0,0.0,0.0,1492.4115,31.091906,36000.0,0.0,,pass,pass
10190.0,high,mission_flight,36000.0,0.0,0.0,0.0,1491.778167,31.078712,36000.0,0.0,,pass,pass
10192.0,high,mission_flight,36000.0,0.0,0.0,0.0,1491.144833,31.065517,36000.0,0.0,,pass,pass
10194.0,high,mission_flight,36000.0,0.0,0.0,0.0,1490.5115,31.052323,36000.0,0.0,,pass,pass
10196.0,high,mission_flight,36000.0,0.0,0.0,0.0,1489.878167,31.039128,36000.0,0.0,,pass,pass
10198.0,high,mission_flight,36000.0,0.0,0.0,0.0,1489.244833,31.025934,36000.0,0.0,,pass,pass
10200.0,high,mission_flight,36000.0,0.0,0.0,0.0,1488.6115,31.01274,36000.0,0.0,,pass,pass
10202.0,high,mission_flight,36000.0,0.0,0.0,0.0,1487.978167,30.999545,36000.0,0.0,,pass,pass
10204.0,high,mission_flight,36000.0,0.0,0.0,0.0,1487.344833,30.986351,36000.0,0.0,,pass,pass
10206.0,high,mission_flight,36000.0,0.0,0.0,0.0,1486.7115,30.973156,36000.0,0.0,,pass,pass
10208.0,high,mission_flight,36000.0,0.0,0.0,0.0,1486.078167,30.959962,36000.0,0.0,,pass,pass
10210.0,high,mission_flight,36000.0,0.0,0.0,0.0,1485.444833,30.946767,36000.0,0.0,,pass,pass
10212.0,high,mission_flight,36000.0,0.0,0.0,0.0,1484.8115,30.933573,36000.0,0.0,,pass,pass
10214.0,high,mission_flight,36000.0,0.0,0.0,0.0,1484.178167,30.920378,36000.0,0.0,,pass,pass
10216.0,high,mission_flight,36000.0,0.0,0.0,0.0,1483.544833,30.907184,36000.0,0.0,,pass,pass
10218.0,high,mission_flight,36000.0,0.0,0.0,0.0,1482.9115,30.89399,36000.0,0.0,,pass,pass
10220.0,high,mission_flight,36000.0,0.0,0.0,0.0,1482.278167,30.880795,36000.0,0.0,,pass,pass
10222.0,high,mission_flight,36000.0,0.0,0.0,0.0,1481.644833,30.867601,36000.0,0.0,,pass,pass
10224.0,high,mission_flight,36000.0,0.0,0.0,0.0,1481.0115,30.854406,36000.0,0.0,,pass,pass
10226.0,high,mission_flight,36000.0,0.0,0.0,0.0,1480.378167,30.841212,36000.0,0.0,,pass,pass
10228.0,high,mission_flight,36000.0,0.0,0.0,0.0,1479.744833,30.828017,36000.0,0.0,,pass,pass
10230.0,high,mission_flight,36000.0,0.0,0.0,0.0,1479.1115,30.814823,36000.0,0.0,,pass,pass
10232.0,high,mission_flight,36000.0,0.0,0.0,0.0,1478.478167,30.801628,36000.0,0.0,,pass,pass
10234.0,high,mission_flight,36000.0,0.0,0.0,0.0,1477.844833,30.788434,36000.0,0.0,,pass,pass
10236.0,high,mission_flight,36000.0,0.0,0.0,0.0,1477.2115,30.77524,36000.0,0.0,,pass,pass
10238.0,high,mission_flight,36000.0,0.0,0.0,0.0,1476.578167,30.762045,36000.0,0.0,,pass,pass
10240.0,high,mission_flight,36000.0,0.0,0.0,0.0,1475.944833,30.748851,36000.0,0.0,,pass,pass
10242.0,high,mission_flight,36000.0,0.0,0.0,0.0,1475.3115,30.735656,36000.0,0.0,,pass,pass
10244.0,high,mission_flight,36000.0,0.0,0.0,0.0,1474.678167,30.722462,36000.0,0.0,,pass,pass
10246.0,high,mission_flight,36000.0,0.0,0.0,0.0,1474.044833,30.709267,36000.0,0.0,,pass,pass
10248.0,high,mission_flight,36000.0,0.0,0.0,0.0,1473.4115,30.696073,36000.0,0.0,,pass,pass
10250.0,high,mission_flight,36000.0,0.0,0.0,0.0,1472.778167,30.682878,36000.0,0.0,,pass,pass
10252.0,high,mission_flight,36000.0,0.0,0.0,0.0,1472.144833,30.669684,36000.0,0.0,,pass,pass
10254.0,high,mission_flight,36000.0,0.0,0.0,0.0,1471.5115,30.65649,36000.0,0.0,,pass,pass
10256.0,high,mission_flight,36000.0,0.0,0.0,0.0,1470.878167,30.643295,36000.0,0.0,,pass,pass
10258.0,high,mission_flight,36000.0,0.0,0.0,0.0,1470.244833,30.630101,36000.0,0.0,,pass,pass
10260.0,high,mission_flight,36000.0,0.0,0.0,0.0,1469.6115,30.616906,36000.0,0.0,,pass,pass
10262.0,high,mission_flight,36000.0,0.0,0.0,0.0,1468.978167,30.603712,36000.0,0.0,,pass,pass
10264.0,high,mission_flight,36000.0,0.0,0.0,0.0,1468.344833,30.590517,36000.0,0.0,,pass,pass
10266.0,high,mission_flight,36000.0,0.0,0.0,0.0,1467.7115,30.577323,36000.0,0.0,,pass,pass
10268.0,high,mission_flight,36000.0,0.0,0.0,0.0,1467.078167,30.564128,36000.0,0.0,,pass,pass
10270.0,high,mission_flight,36000.0,0.0,0.0,0.0,1466.444833,30.550934,36000.0,0.0,,pass,pass
10272.0,high,mission_flight,36000.0,0.0,0.0,0.0,1465.8115,30.53774,36000.0,0.0,,pass,pass
10274.0,high,mission_flight,36000.0,0.0,0.0,0.0,1465.178167,30.524545,36000.0,0.0,,pass,pass
10276.0,high,mission_flight,36000.0,0.0,0.0,0.0,1464.544833,30.511351,36000.0,0.0,,pass,pass
10278.0,high,mission_flight,36000.0,0.0,0.0,0.0,1463.9115,30.498156,36000.0,0.0,,pass,pass
10280.0,high,mission_flight,36000.0,0.0,0.0,0.0,1463.278167,30.484962,36000.0,0.0,,pass,pass
10282.0,high,mission_flight,36000.0,0.0,0.0,0.0,1462.644833,30.471767,36000.0,0.0,,pass,pass
10284.0,high,mission_flight,36000.0,0.0,0.0,0.0,1462.0115,30.458573,36000.0,0.0,,pass,pass
10286.0,high,mission_flight,36000.0,0.0,0.0,0.0,1461.378167,30.445378,36000.0,0.0,,pass,pass
10288.0,high,mission_flight,36000.0,0.0,0.0,0.0,1460.744833,30.432184,36000.0,0.0,,pass,pass
10290.0,high,mission_flight,36000.0,0.0,0.0,0.0,1460.1115,30.41899,36000.0,0.0,,pass,pass
10292.0,high,mission_flight,36000.0,0.0,0.0,0.0,1459.478167,30.405795,36000.0,0.0,,pass,pass
10294.0,high,mission_flight,36000.0,0.0,0.0,0.0,1458.844833,30.392601,36000.0,0.0,,pass,pass
10296.0,high,mission_flight,36000.0,0.0,0.0,0.0,1458.2115,30.379406,36000.0,0.0,,pass,pass
10298.0,high,mission_flight,36000.0,0.0,0.0,0.0,1457.578167,30.366212,36000.0,0.0,,pass,pass
10300.0,high,mission_flight,36000.0,0.0,0.0,0.0,1456.944833,30.353017,36000.0,0.0,,pass,pass
10302.0,high,mission_flight,36000.0,0.0,0.0,0.0,1456.3115,30.339823,36000.0,0.0,,pass,pass
10304.0,high,mission_flight,36000.0,0.0,0.0,0.0,1455.678167,30.326628,36000.0,0.0,,pass,pass
10306.0,high,mission_flight,36000.0,0.0,0.0,0.0,1455.044833,30.313434,36000.0,0.0,,pass,pass
10308.0,high,mission_flight,36000.0,0.0,0.0,0.0,1454.4115,30.30024,36000.0,0.0,,pass,pass
10310.0,high,mission_flight,36000.0,0.0,0.0,0.0,1453.778167,30.287045,36000.0,0.0,,pass,pass
10312.0,high,mission_flight,36000.0,0.0,0.0,0.0,1453.144833,30.273851,36000.0,0.0,,pass,pass
10314.0,high,mission_flight,36000.0,0.0,0.0,0.0,1452.5115,30.260656,36000.0,0.0,,pass,pass
10316.0,high,mission_flight,36000.0,0.0,0.0,0.0,1451.878167,30.247462,36000.0,0.0,,pass,pass
10318.0,high,mission_flight,36000.0,0.0,0.0,0.0,1451.244833,30.234267,36000.0,0.0,,pass,pass
10320.0,high,mission_flight,36000.0,0.0,0.0,0.0,1450.6115,30.221073,36000.0,0.0,,pass,pass
10322.0,high,mission_flight,36000.0,0.0,0.0,0.0,1449.978167,30.207878,36000.0,0.0,,pass,pass
10324.0,high,mission_flight,36000.0,0.0,0.0,0.0,1449.344833,30.194684,36000.0,0.0,,pass,pass
10326.0,high,mission_flight,36000.0,0.0,0.0,0.0,1448.7115,30.18149,36000.0,0.0,,pass,pass
10328.0,high,mission_flight,36000.0,0.0,0.0,0.0,1448.078167,30.168295,36000.0,0.0,,pass,pass
10330.0,high,mission_flight,36000.0,0.0,0.0,0.0,1447.444833,30.155101,36000.0,0.0,,pass,pass
10332.0,high,mission_flight,36000.0,0.0,0.0,0.0,1446.8115,30.141906,36000.0,0.0,,pass,pass
10334.0,high,mission_flight,36000.0,0.0,0.0,0.0,1446.178167,30.128712,36000.0,0.0,,pass,pass
10336.0,high,mission_flight,36000.0,0.0,0.0,0.0,1445.544833,30.115517,36000.0,0.0,,pass,pass
10338.0,high,mission_flight,36000.0,0.0,0.0,0.0,1444.9115,30.102323,36000.0,0.0,,pass,pass
10340.0,high,mission_flight,36000.0,0.0,0.0,0.0,1444.278167,30.089128,36000.0,0.0,,pass,pass
10342.0,high,mission_flight,36000.0,0.0,0.0,0.0,1443.644833,30.075934,36000.0,0.0,,pass,pass
10344.0,high,mission_flight,36000.0,0.0,0.0,0.0,1443.0115,30.06274,36000.0,0.0,,pass,pass
10346.0,high,mission_flight,36000.0,0.0,0.0,0.0,1442.378167,30.049545,36000.0,0.0,,pass,pass
10348.0,high,mission_flight,36000.0,0.0,0.0,0.0,1441.744833,30.036351,36000.0,0.0,,pass,pass
10350.0,high,mission_flight,36000.0,0.0,0.0,0.0,1441.1115,30.023156,36000.0,0.0,,pass,pass
10352.0,high,mission_flight,36000.0,0.0,0.0,0.0,1440.478167,30.009962,36000.0,0.0,,pass,pass
10354.0,high,mission_flight,36000.0,0.0,0.0,0.0,1439.844833,29.996767,36000.0,0.0,,pass,pass
10356.0,high,mission_flight,36000.0,0.0,0.0,0.0,1439.2115,29.983573,36000.0,0.0,,pass,pass
10358.0,high,mission_flight,36000.0,0.0,0.0,0.0,1438.578167,29.970378,36000.0,0.0,,pass,pass
10360.0,high,mission_flight,36000.0,0.0,0.0,0.0,1437.944833,29.957184,36000.0,0.0,,pass,pass
10362.0,high,mission_flight,36000.0,0.0,0.0,0.0,1437.3115,29.94399,36000.0,0.0,,pass,pass
10364.0,high,mission_flight,36000.0,0.0,0.0,0.0,1436.678167,29.930795,36000.0,0.0,,pass,pass
10366.0,high,mission_flight,36000.0,0.0,0.0,0.0,1436.044833,29.917601,36000.0,0.0,,pass,pass
10368.0,high,mission_flight,36000.0,0.0,0.0,0.0,1435.4115,29.904406,36000.0,0.0,,pass,pass
10370.0,high,mission_flight,36000.0,0.0,0.0,0.0,1434.778167,29.891212,36000.0,0.0,,pass,pass
10372.0,high,mission_flight,36000.0,0.0,0.0,0.0,1434.144833,29.878017,36000.0,0.0,,pass,pass
10374.0,high,mission_flight,36000.0,0.0,0.0,0.0,1433.5115,29.864823,36000.0,0.0,,pass,pass
10376.0,high,mission_flight,36000.0,0.0,0.0,0.0,1432.878167,29.851628,36000.0,0.0,,pass,pass
10378.0,high,mission_flight,36000.0,0.0,0.0,0.0,1432.244833,29.838434,36000.0,0.0,,pass,pass
10380.0,high,mission_flight,36000.0,0.0,0.0,0.0,1431.6115,29.82524,36000.0,0.0,,pass,pass
10382.0,high,mission_flight,36000.0,0.0,0.0,0.0,1430.978167,29.812045,36000.0,0.0,,pass,pass
10384.0,high,mission_flight,36000.0,0.0,0.0,0.0,1430.344833,29.798851,36000.0,0.0,,pass,pass
10386.0,high,mission_flight,36000.0,0.0,0.0,0.0,1429.7115,29.785656,36000.0,0.0,,pass,pass
10388.0,high,mission_flight,36000.0,0.0,0.0,0.0,1429.078167,29.772462,36000.0,0.0,,pass,pass
10390.0,high,mission_flight,36000.0,0.0,0.0,0.0,1428.444833,29.759267,36000.0,0.0,,pass,pass
10392.0,high,mission_flight,36000.0,0.0,0.0,0.0,1427.8115,29.746073,36000.0,0.0,,pass,pass
10394.0,high,mission_flight,36000.0,0.0,0.0,0.0,1427.178167,29.732878,36000.0,0.0,,pass,pass
10396.0,high,mission_flight,36000.0,0.0,0.0,0.0,1426.544833,29.719684,36000.0,0.0,,pass,pass
10398.0,high,mission_flight,36000.0,0.0,0.0,0.0,1425.9115,29.70649,36000.0,0.0,,pass,pass
10400.0,high,mission_flight,36000.0,0.0,0.0,0.0,1425.278167,29.693295,36000.0,0.0,,pass,pass
10402.0,high,mission_flight,36000.0,0.0,0.0,0.0,1424.644833,29.680101,36000.0,0.0,,pass,pass
10404.0,high,mission_flight,36000.0,0.0,0.0,0.0,1424.0115,29.666906,36000.0,0.0,,pass,pass
10406.0,high,mission_flight,36000.0,0.0,0.0,0.0,1423.378167,29.653712,36000.0,0.0,,pass,pass
10408.0,high,mission_flight,36000.0,0.0,0.0,0.0,1422.744833,29.640517,36000.0,0.0,,pass,pass
10410.0,high,mission_flight,36000.0,0.0,0.0,0.0,1422.1115,29.627323,36000.0,0.0,,pass,pass
10412.0,high,mission_flight,36000.0,0.0,0.0,0.0,1421.478167,29.614128,36000.0,0.0,,pass,pass
10414.0,high,mission_flight,36000.0,0.0,0.0,0.0,1420.844833,29.600934,36000.0,0.0,,pass,pass
10416.0,high,mission_flight,36000.0,0.0,0.0,0.0,1420.2115,29.58774,36000.0,0.0,,pass,pass
10418.0,high,mission_flight,36000.0,0.0,0.0,0.0,1419.578167,29.574545,36000.0,0.0,,pass,pass
10420.0,high,mission_flight,36000.0,0.0,0.0,0.0,1418.944833,29.561351,36000.0,0.0,,pass,pass
10422.0,high,mission_flight,36000.0,0.0,0.0,0.0,1418.3115,29.548156,36000.0,0.0,,pass,pass
10424.0,high,mission_flight,36000.0,0.0,0.0,0.0,1417.678167,29.534962,36000.0,0.0,,pass,pass
10426.0,high,mission_flight,36000.0,0.0,0.0,0.0,1417.044833,29.521767,36000.0,0.0,,pass,pass
10428.0,high,mission_flight,36000.0,0.0,0.0,0.0,1416.4115,29.508573,36000.0,0.0,,pass,pass
10430.0,high,mission_flight,36000.0,0.0,0.0,0.0,1415.778167,29.495378,36000.0,0.0,,pass,pass
10432.0,high,mission_flight,36000.0,0.0,0.0,0.0,1415.144833,29.482184,36000.0,0.0,,pass,pass
10434.0,high,mission_flight,36000.0,0.0,0.0,0.0,1414.5115,29.46899,36000.0,0.0,,pass,pass
10436.0,high,mission_flight,36000.0,0.0,0.0,0.0,1413.878167,29.455795,36000.0,0.0,,pass,pass
10438.0,high,mission_flight,36000.0,0.0,0.0,0.0,1413.244833,29.442601,36000.0,0.0,,pass,pass
10440.0,high,mission_flight,36000.0,0.0,0.0,0.0,1412.6115,29.429406,36000.0,0.0,,pass,pass
10442.0,high,mission_flight,36000.0,0.0,0.0,0.0,1411.978167,29.416212,36000.0,0.0,,pass,pass
10444.0,high,mission_flight,36000.0,0.0,0.0,0.0,1411.344833,29.403017,36000.0,0.0,,pass,pass
10446.0,high,mission_flight,36000.0,0.0,0.0,0.0,1410.7115,29.389823,36000.0,0.0,,pass,pass
10448.0,high,mission_flight,36000.0,0.0,0.0,0.0,1410.078167,29.376628,36000.0,0.0,,pass,pass
10450.0,high,mission_flight,36000.0,0.0,0.0,0.0,1409.444833,29.363434,36000.0,0.0,,pass,pass
10452.0,high,mission_flight,36000.0,0.0,0.0,0.0,1408.8115,29.35024,36000.0,0.0,,pass,pass
10454.0,high,mission_flight,36000.0,0.0,0.0,0.0,1408.178167,29.337045,36000.0,0.0,,pass,pass
10456.0,high,mission_flight,36000.0,0.0,0.0,0.0,1407.544833,29.323851,36000.0,0.0,,pass,pass
10458.0,high,mission_flight,36000.0,0.0,0.0,0.0,1406.9115,29.310656,36000.0,0.0,,pass,pass
10460.0,high,mission_flight,36000.0,0.0,0.0,0.0,1406.278167,29.297462,36000.0,0.0,,pass,pass
10462.0,high,mission_flight,36000.0,0.0,0.0,0.0,1405.644833,29.284267,36000.0,0.0,,pass,pass
10464.0,high,mission_flight,36000.0,0.0,0.0,0.0,1405.0115,29.271073,36000.0,0.0,,pass,pass
10466.0,high,mission_flight,36000.0,0.0,0.0,0.0,1404.378167,29.257878,36000.0,0.0,,pass,pass
10468.0,high,mission_flight,36000.0,0.0,0.0,0.0,1403.744833,29.244684,36000.0,0.0,,pass,pass
10470.0,high,mission_flight,36000.0,0.0,0.0,0.0,1403.1115,29.23149,36000.0,0.0,,pass,pass
10472.0,high,mission_flight,36000.0,0.0,0.0,0.0,1402.478167,29.218295,36000.0,0.0,,pass,pass
10474.0,high,mission_flight,36000.0,0.0,0.0,0.0,1401.844833,29.205101,36000.0,0.0,,pass,pass
10476.0,high,mission_flight,36000.0,0.0,0.0,0.0,1401.2115,29.191906,36000.0,0.0,,pass,pass
10478.0,high,mission_flight,36000.0,0.0,0.0,0.0,1400.578167,29.178712,36000.0,0.0,,pass,pass
10480.0,high,mission_flight,36000.0,0.0,0.0,0.0,1399.944833,29.165517,36000.0,0.0,,pass,pass
10482.0,high,mission_flight,36000.0,0.0,0.0,0.0,1399.3115,29.152323,36000.0,0.0,,pass,pass
10484.0,high,mission_flight,36000.0,0.0,0.0,0.0,1398.678167,29.139128,36000.0,0.0,,pass,pass
10486.0,high,mission_flight,36000.0,0.0,0.0,0.0,1398.044833,29.125934,36000.0,0.0,,pass,pass
10488.0,high,mission_flight,36000.0,0.0,0.0,0.0,1397.4115,29.11274,36000.0,0.0,,pass,pass
10490.0,high,mission_flight,36000.0,0.0,0.0,0.0,1396.778167,29.099545,36000.0,0.0,,pass,pass
10492.0,high,mission_flight,36000.0,0.0,0.0,0.0,1396.144833,29.086351,36000.0,0.0,,pass,pass
10494.0,high,mission_flight,36000.0,0.0,0.0,0.0,1395.5115,29.073156,36000.0,0.0,,pass,pass
10496.0,high,mission_flight,36000.0,0.0,0.0,0.0,1394.878167,29.059962,36000.0,0.0,,pass,pass
10498.0,high,mission_flight,36000.0,0.0,0.0,0.0,1394.244833,29.046767,36000.0,0.0,,pass,pass
10500.0,high,mission_flight,36000.0,0.0,0.0,0.0,1393.6115,29.033573,36000.0,0.0,,pass,pass
10502.0,high,mission_flight,36000.0,0.0,0.0,0.0,1392.978167,29.020378,36000.0,0.0,,pass,pass
10504.0,high,mission_flight,36000.0,0.0,0.0,0.0,1392.344833,29.007184,36000.0,0.0,,pass,pass
10506.0,high,mission_flight,36000.0,0.0,0.0,0.0,1391.7115,28.99399,36000.0,0.0,,pass,pass
10508.0,high,mission_flight,36000.0,0.0,0.0,0.0,1391.078167,28.980795,36000.0,0.0,,pass,pass
10510.0,high,mission_flight,36000.0,0.0,0.0,0.0,1390.444833,28.967601,36000.0,0.0,,pass,pass
10512.0,high,mission_flight,36000.0,0.0,0.0,0.0,1389.8115,28.954406,36000.0,0.0,,pass,pass
10514.0,high,mission_flight,36000.0,0.0,0.0,0.0,1389.178167,28.941212,36000.0,0.0,,pass,pass
10516.0,high,mission_flight,36000.0,0.0,0.0,0.0,1388.544833,28.928017,36000.0,0.0,,pass,pass
10518.0,high,mission_flight,36000.0,0.0,0.0,0.0,1387.9115,28.914823,36000.0,0.0,,pass,pass
10520.0,high,mission_flight,36000.0,0.0,0.0,0.0,1387.278167,28.901628,36000.0,0.0,,pass,pass
10522.0,high,mission_flight,36000.0,0.0,0.0,0.0,1386.644833,28.888434,36000.0,0.0,,pass,pass
10524.0,high,mission_flight,36000.0,0.0,0.0,0.0,1386.0115,28.87524,36000.0,0.0,,pass,pass
10526.0,high,mission_flight,36000.0,0.0,0.0,0.0,1385.378167,28.862045,36000.0,0.0,,pass,pass
10528.0,high,mission_flight,36000.0,0.0,0.0,0.0,1384.744833,28.848851,36000.0,0.0,,pass,pass
10530.0,high,mission_flight,36000.0,0.0,0.0,0.0,1384.1115,28.835656,36000.0,0.0,,pass,pass
10532.0,high,mission_flight,36000.0,0.0,0.0,0.0,1383.478167,28.822462,36000.0,0.0,,pass,pass
10534.0,high,mission_flight,36000.0,0.0,0.0,0.0,1382.844833,28.809267,36000.0,0.0,,pass,pass
10536.0,high,mission_flight,36000.0,0.0,0.0,0.0,1382.2115,28.796073,36000.0,0.0,,pass,pass
10538.0,high,mission_flight,36000.0,0.0,0.0,0.0,1381.578167,28.782878,36000.0,0.0,,pass,pass
10540.0,high,mission_flight,36000.0,0.0,0.0,0.0,1380.944833,28.769684,36000.0,0.0,,pass,pass
10542.0,high,mission_flight,36000.0,0.0,0.0,0.0,1380.3115,28.75649,36000.0,0.0,,pass,pass
10544.0,high,mission_flight,36000.0,0.0,0.0,0.0,1379.678167,28.743295,36000.0,0.0,,pass,pass
10546.0,high,mission_flight,36000.0,0.0,0.0,0.0,1379.044833,28.730101,36000.0,0.0,,pass,pass
10548.0,high,mission_flight,36000.0,0.0,0.0,0.0,1378.4115,28.716906,36000.0,0.0,,pass,pass
10550.0,high,mission_flight,36000.0,0.0,0.0,0.0,1377.778167,28.703712,36000.0,0.0,,pass,pass
10552.0,high,mission_flight,36000.0,0.0,0.0,0.0,1377.144833,28.690517,36000.0,0.0,,pass,pass
10554.0,high,mission_flight,36000.0,0.0,0.0,0.0,1376.5115,28.677323,36000.0,0.0,,pass,pass
10556.0,high,mission_flight,36000.0,0.0,0.0,0.0,1375.878167,28.664128,36000.0,0.0,,pass,pass
10558.0,high,mission_flight,36000.0,0.0,0.0,0.0,1375.244833,28.650934,36000.0,0.0,,pass,pass
10560.0,high,mission_flight,36000.0,0.0,0.0,0.0,1374.6115,28.63774,36000.0,0.0,,pass,pass
10562.0,high,mission_flight,36000.0,0.0,0.0,0.0,1373.978167,28.624545,36000.0,0.0,,pass,pass
10564.0,high,mission_flight,36000.0,0.0,0.0,0.0,1373.344833,28.611351,36000.0,0.0,,pass,pass
10566.0,high,mission_flight,36000.0,0.0,0.0,0.0,1372.7115,28.598156,36000.0,0.0,,pass,pass
10568.0,high,mission_flight,36000.0,0.0,0.0,0.0,1372.078167,28.584962,36000.0,0.0,,pass,pass
10570.0,high,mission_flight,36000.0,0.0,0.0,0.0,1371.444833,28.571767,36000.0,0.0,,pass,pass
10572.0,high,mission_flight,36000.0,0.0,0.0,0.0,1370.8115,28.558573,36000.0,0.0,,pass,pass
10574.0,high,mission_flight,36000.0,0.0,0.0,0.0,1370.178167,28.545378,36000.0,0.0,,pass,pass
10576.0,high,mission_flight,36000.0,0.0,0.0,0.0,1369.544833,28.532184,36000.0,0.0,,pass,pass
10578.0,high,mission_flight,36000.0,0.0,0.0,0.0,1368.9115,28.51899,36000.0,0.0,,pass,pass
10580.0,high,mission_flight,36000.0,0.0,0.0,0.0,1368.278167,28.505795,36000.0,0.0,,pass,pass
10582.0,high,mission_flight,36000.0,0.0,0.0,0.0,1367.644833,28.492601,36000.0,0.0,,pass,pass
10584.0,high,mission_flight,36000.0,0.0,0.0,0.0,1367.0115,28.479406,36000.0,0.0,,pass,pass
10586.0,high,mission_flight,36000.0,0.0,0.0,0.0,1366.378167,28.466212,36000.0,0.0,,pass,pass
10588.0,high,mission_flight,36000.0,0.0,0.0,0.0,1365.744833,28.453017,36000.0,0.0,,pass,pass
10590.0,high,mission_flight,36000.0,0.0,0.0,0.0,1365.1115,28.439823,36000.0,0.0,,pass,pass
10592.0,high,mission_flight,36000.0,0.0,0.0,0.0,1364.478167,28.426628,36000.0,0.0,,pass,pass
10594.0,high,mission_flight,36000.0,0.0,0.0,0.0,1363.844833,28.413434,36000.0,0.0,,pass,pass
10596.0,high,mission_flight,36000.0,0.0,0.0,0.0,1363.2115,28.40024,36000.0,0.0,,pass,pass
10598.0,high,mission_flight,36000.0,0.0,0.0,0.0,1362.578167,28.387045,36000.0,0.0,,pass,pass
10600.0,high,mission_flight,36000.0,0.0,0.0,0.0,1361.944833,28.373851,36000.0,0.0,,pass,pass
10602.0,high,mission_flight,36000.0,0.0,0.0,0.0,1361.3115,28.360656,36000.0,0.0,,pass,pass
10604.0,high,mission_flight,36000.0,0.0,0.0,0.0,1360.678167,28.347462,36000.0,0.0,,pass,pass
10606.0,high,mission_flight,36000.0,0.0,0.0,0.0,1360.044833,28.334267,36000.0,0.0,,pass,pass
10608.0,high,mission_flight,36000.0,0.0,0.0,0.0,1359.4115,28.321073,36000.0,0.0,,pass,pass
10610.0,high,mission_flight,36000.0,0.0,0.0,0.0,1358.778167,28.307878,36000.0,0.0,,pass,pass
10612.0,high,mission_flight,36000.0,0.0,0.0,0.0,1358.144833,28.294684,36000.0,0.0,,pass,pass
10614.0,high,mission_flight,36000.0,0.0,0.0,0.0,1357.5115,28.28149,36000.0,0.0,,pass,pass
10616.0,high,mission_flight,36000.0,0.0,0.0,0.0,1356.878167,28.268295,36000.0,0.0,,pass,pass
10618.0,high,mission_flight,36000.0,0.0,0.0,0.0,1356.244833,28.255101,36000.0,0.0,,pass,pass
10620.0,high,mission_flight,36000.0,0.0,0.0,0.0,1355.6115,28.241906,36000.0,0.0,,pass,pass
10622.0,high,mission_flight,36000.0,0.0,0.0,0.0,1354.978167,28.228712,36000.0,0.0,,pass,pass
10624.0,high,mission_flight,36000.0,0.0,0.0,0.0,1354.344833,28.215517,36000.0,0.0,,pass,pass
10626.0,high,mission_flight,36000.0,0.0,0.0,0.0,1353.7115,28.202323,36000.0,0.0,,pass,pass
10628.0,high,mission_flight,36000.0,0.0,0.0,0.0,1353.078167,28.189128,36000.0,0.0,,pass,pass
10630.0,high,mission_flight,36000.0,0.0,0.0,0.0,1352.444833,28.175934,36000.0,0.0,,pass,pass
10632.0,high,mission_flight,36000.0,0.0,0.0,0.0,1351.8115,28.16274,36000.0,0.0,,pass,pass
10634.0,high,mission_flight,36000.0,0.0,0.0,0.0,1351.178167,28.149545,36000.0,0.0,,pass,pass
10636.0,high,mission_flight,36000.0,0.0,0.0,0.0,1350.544833,28.136351,36000.0,0.0,,pass,pass
10638.0,high,mission_flight,36000.0,0.0,0.0,0.0,1349.9115,28.123156,36000.0,0.0,,pass,pass
10640.0,high,mission_flight,36000.0,0.0,0.0,0.0,1349.278167,28.109962,36000.0,0.0,,pass,pass
10642.0,high,mission_flight,36000.0,0.0,0.0,0.0,1348.644833,28.096767,36000.0,0.0,,pass,pass
10644.0,high,mission_flight,36000.0,0.0,0.0,0.0,1348.0115,28.083573,36000.0,0.0,,pass,pass
10646.0,high,mission_flight,36000.0,0.0,0.0,0.0,1347.378167,28.070378,36000.0,0.0,,pass,pass
10648.0,high,mission_flight,36000.0,0.0,0.0,0.0,1346.744833,28.057184,36000.0,0.0,,pass,pass
10650.0,high,mission_flight,36000.0,0.0,0.0,0.0,1346.1115,28.04399,36000.0,0.0,,pass,pass
10652.0,high,mission_flight,36000.0,0.0,0.0,0.0,1345.478167,28.030795,36000.0,0.0,,pass,pass
10654.0,high,mission_flight,36000.0,0.0,0.0,0.0,1344.844833,28.017601,36000.0,0.0,,pass,pass
10656.0,high,mission_flight,36000.0,0.0,0.0,0.0,1344.2115,28.004406,36000.0,0.0,,pass,pass
10658.0,high,mission_flight,36000.0,0.0,0.0,0.0,1343.578167,27.991212,36000.0,0.0,,pass,pass
10660.0,high,mission_flight,36000.0,0.0,0.0,0.0,1342.944833,27.978017,36000.0,0.0,,pass,pass
10662.0,high,mission_flight,36000.0,0.0,0.0,0.0,1342.3115,27.964823,36000.0,0.0,,pass,pass
10664.0,high,mission_flight,36000.0,0.0,0.0,0.0,1341.678167,27.951628,36000.0,0.0,,pass,pass
10666.0,high,mission_flight,36000.0,0.0,0.0,0.0,1341.044833,27.938434,36000.0,0.0,,pass,pass
10668.0,high,mission_flight,36000.0,0.0,0.0,0.0,1340.4115,27.92524,36000.0,0.0,,pass,pass
10670.0,high,mission_flight,36000.0,0.0,0.0,0.0,1339.778167,27.912045,36000.0,0.0,,pass,pass
10672.0,high,mission_flight,36000.0,0.0,0.0,0.0,1339.144833,27.898851,36000.0,0.0,,pass,pass
10674.0,high,mission_flight,36000.0,0.0,0.0,0.0,1338.5115,27.885656,36000.0,0.0,,pass,pass
10676.0,high,mission_flight,36000.0,0.0,0.0,0.0,1337.878167,27.872462,36000.0,0.0,,pass,pass
10678.0,high,mission_flight,36000.0,0.0,0.0,0.0,1337.244833,27.859267,36000.0,0.0,,pass,pass
10680.0,high,mission_flight,36000.0,0.0,0.0,0.0,1336.6115,27.846073,36000.0,0.0,,pass,pass
10682.0,high,mission_flight,36000.0,0.0,0.0,0.0,1335.978167,27.832878,36000.0,0.0,,pass,pass
10684.0,high,mission_flight,36000.0,0.0,0.0,0.0,1335.344833,27.819684,36000.0,0.0,,pass,pass
10686.0,high,mission_flight,36000.0,0.0,0.0,0.0,1334.7115,27.80649,36000.0,0.0,,pass,pass
10688.0,high,mission_flight,36000.0,0.0,0.0,0.0,1334.078167,27.793295,36000.0,0.0,,pass,pass
10690.0,high,mission_flight,36000.0,0.0,0.0,0.0,1333.444833,27.780101,36000.0,0.0,,pass,pass
10692.0,high,mission_flight,36000.0,0.0,0.0,0.0,1332.8115,27.766906,36000.0,0.0,,pass,pass
10694.0,high,mission_flight,36000.0,0.0,0.0,0.0,1332.178167,27.753712,36000.0,0.0,,pass,pass
10696.0,high,mission_flight,36000.0,0.0,0.0,0.0,1331.544833,27.740517,36000.0,0.0,,pass,pass
10698.0,high,mission_flight,36000.0,0.0,0.0,0.0,1330.9115,27.727323,36000.0,0.0,,pass,pass
10700.0,high,mission_flight,36000.0,0.0,0.0,0.0,1330.278167,27.714128,36000.0,0.0,,pass,pass
10702.0,high,mission_flight,36000.0,0.0,0.0,0.0,1329.644833,27.700934,36000.0,0.0,,pass,pass
10704.0,high,mission_flight,36000.0,0.0,0.0,0.0,1329.0115,27.68774,36000.0,0.0,,pass,pass
10706.0,high,mission_flight,36000.0,0.0,0.0,0.0,1328.378167,27.674545,36000.0,0.0,,pass,pass
10708.0,high,mission_flight,36000.0,0.0,0.0,0.0,1327.744833,27.661351,36000.0,0.0,,pass,pass
10710.0,high,mission_flight,36000.0,0.0,0.0,0.0,1327.1115,27.648156,36000.0,0.0,,pass,pass
10712.0,high,mission_flight,36000.0,0.0,0.0,0.0,1326.478167,27.634962,36000.0,0.0,,pass,pass
10714.0,high,mission_flight,36000.0,0.0,0.0,0.0,1325.844833,27.621767,36000.0,0.0,,pass,pass
10716.0,high,mission_flight,36000.0,0.0,0.0,0.0,1325.2115,27.608573,36000.0,0.0,,pass,pass
10718.0,high,mission_flight,36000.0,0.0,0.0,0.0,1324.578167,27.595378,36000.0,0.0,,pass,pass
10720.0,high,mission_flight,36000.0,0.0,0.0,0.0,1323.944833,27.582184,36000.0,0.0,,pass,pass
10722.0,high,mission_flight,36000.0,0.0,0.0,0.0,1323.3115,27.56899,36000.0,0.0,,pass,pass
10724.0,high,mission_flight,36000.0,0.0,0.0,0.0,1322.678167,27.555795,36000.0,0.0,,pass,pass
10726.0,high,mission_flight,36000.0,0.0,0.0,0.0,1322.044833,27.542601,36000.0,0.0,,pass,pass
10728.0,high,mission_flight,36000.0,0.0,0.0,0.0,1321.4115,27.529406,36000.0,0.0,,pass,pass
10730.0,high,mission_flight,36000.0,0.0,0.0,0.0,1320.778167,27.516212,36000.0,0.0,,pass,pass
10732.0,high,mission_flight,36000.0,0.0,0.0,0.0,1320.144833,27.503017,36000.0,0.0,,pass,pass
10734.0,high,mission_flight,36000.0,0.0,0.0,0.0,1319.5115,27.489823,36000.0,0.0,,pass,pass
10736.0,high,mission_flight,36000.0,0.0,0.0,0.0,1318.878167,27.476628,36000.0,0.0,,pass,pass
10738.0,high,mission_flight,36000.0,0.0,0.0,0.0,1318.244833,27.463434,36000.0,0.0,,pass,pass
10740.0,high,mission_flight,36000.0,0.0,0.0,0.0,1317.6115,27.45024,36000.0,0.0,,pass,pass
10742.0,high,mission_flight,36000.0,0.0,0.0,0.0,1316.978167,27.437045,36000.0,0.0,,pass,pass
10744.0,high,mission_flight,36000.0,0.0,0.0,0.0,1316.344833,27.423851,36000.0,0.0,,pass,pass
10746.0,high,mission_flight,36000.0,0.0,0.0,0.0,1315.7115,27.410656,36000.0,0.0,,pass,pass
10748.0,high,mission_flight,36000.0,0.0,0.0,0.0,1315.078167,27.397462,36000.0,0.0,,pass,pass
10750.0,high,mission_flight,36000.0,0.0,0.0,0.0,1314.444833,27.384267,36000.0,0.0,,pass,pass
10752.0,high,mission_flight,36000.0,0.0,0.0,0.0,1313.8115,27.371073,36000.0,0.0,,pass,pass
10754.0,high,mission_flight,36000.0,0.0,0.0,0.0,1313.178167,27.357878,36000.0,0.0,,pass,pass
10756.0,high,mission_flight,36000.0,0.0,0.0,0.0,1312.544833,27.344684,36000.0,0.0,,pass,pass
10758.0,high,mission_flight,36000.0,0.0,0.0,0.0,1311.9115,27.33149,36000.0,0.0,,pass,pass
10760.0,high,mission_flight,36000.0,0.0,0.0,0.0,1311.278167,27.318295,36000.0,0.0,,pass,pass
10762.0,high,mission_flight,36000.0,0.0,0.0,0.0,1310.644833,27.305101,36000.0,0.0,,pass,pass
10764.0,high,mission_flight,36000.0,0.0,0.0,0.0,1310.0115,27.291906,36000.0,0.0,,pass,pass
10766.0,high,mission_flight,36000.0,0.0,0.0,0.0,1309.378167,27.278712,36000.0,0.0,,pass,pass
10768.0,high,mission_flight,36000.0,0.0,0.0,0.0,1308.744833,27.265517,36000.0,0.0,,pass,pass
10770.0,high,mission_flight,36000.0,0.0,0.0,0.0,1308.1115,27.252323,36000.0,0.0,,pass,pass
10772.0,high,mission_flight,36000.0,0.0,0.0,0.0,1307.478167,27.239128,36000.0,0.0,,pass,pass
10774.0,high,mission_flight,36000.0,0.0,0.0,0.0,1306.844833,27.225934,36000.0,0.0,,pass,pass
10776.0,high,mission_flight,36000.0,0.0,0.0,0.0,1306.2115,27.21274,36000.0,0.0,,pass,pass
10778.0,high,mission_flight,36000.0,0.0,0.0,0.0,1305.578167,27.199545,36000.0,0.0,,pass,pass
10780.0,high,mission_flight,36000.0,0.0,0.0,0.0,1304.944833,27.186351,36000.0,0.0,,pass,pass
10782.0,high,mission_flight,36000.0,0.0,0.0,0.0,1304.3115,27.173156,36000.0,0.0,,pass,pass
10784.0,high,mission_flight,36000.0,0.0,0.0,0.0,1303.678167,27.159962,36000.0,0.0,,pass,pass
10786.0,high,mission_flight,36000.0,0.0,0.0,0.0,1303.044833,27.146767,36000.0,0.0,,pass,pass
10788.0,high,mission_flight,36000.0,0.0,0.0,0.0,1302.4115,27.133573,36000.0,0.0,,pass,pass
10790.0,high,mission_flight,36000.0,0.0,0.0,0.0,1301.778167,27.120378,36000.0,0.0,,pass,pass
10792.0,high,mission_flight,36000.0,0.0,0.0,0.0,1301.144833,27.107184,36000.0,0.0,,pass,pass
10794.0,high,mission_flight,36000.0,0.0,0.0,0.0,1300.5115,27.09399,36000.0,0.0,,pass,pass
10796.0,high,mission_flight,36000.0,0.0,0.0,0.0,1299.878167,27.080795,36000.0,0.0,,pass,pass
10798.0,high,mission_flight,36000.0,0.0,0.0,0.0,1299.244833,27.067601,36000.0,0.0,,pass,pass
10800.0,high,mission_flight,36000.0,0.0,0.0,0.0,1298.6115,27.054406,36000.0,0.0,,pass,pass
10802.0,high,mission_flight,36000.0,0.0,0.0,0.0,1297.978167,27.041212,36000.0,0.0,,pass,pass
10804.0,high,mission_flight,36000.0,0.0,0.0,0.0,1297.344833,27.028017,36000.0,0.0,,pass,pass
10806.0,high,mission_flight,36000.0,0.0,0.0,0.0,1296.7115,27.014823,36000.0,0.0,,pass,pass
10808.0,high,mission_flight,36000.0,0.0,0.0,0.0,1296.078167,27.001628,36000.0,0.0,,pass,pass
10810.0,high,mission_flight,36000.0,0.0,0.0,0.0,1295.444833,26.988434,36000.0,0.0,,pass,pass
10812.0,high,mission_flight,36000.0,0.0,0.0,0.0,1294.8115,26.97524,36000.0,0.0,,pass,pass
10814.0,high,mission_flight,36000.0,0.0,0.0,0.0,1294.178167,26.962045,36000.0,0.0,,pass,pass
10816.0,high,mission_flight,36000.0,0.0,0.0,0.0,1293.544833,26.948851,36000.0,0.0,,pass,pass
10818.0,high,mission_flight,36000.0,0.0,0.0,0.0,1292.9115,26.935656,36000.0,0.0,,pass,pass
10820.0,high,mission_flight,36000.0,0.0,0.0,0.0,1292.278167,26.922462,36000.0,0.0,,pass,pass
10822.0,high,mission_flight,36000.0,0.0,0.0,0.0,1291.644833,26.909267,36000.0,0.0,,pass,pass
10824.0,high,mission_flight,36000.0,0.0,0.0,0.0,1291.0115,26.896073,36000.0,0.0,,pass,pass
10826.0,high,mission_flight,36000.0,0.0,0.0,0.0,1290.378167,26.882878,36000.0,0.0,,pass,pass
10828.0,high,mission_flight,36000.0,0.0,0.0,0.0,1289.744833,26.869684,36000.0,0.0,,pass,pass
10830.0,high,mission_flight,36000.0,0.0,0.0,0.0,1289.1115,26.85649,36000.0,0.0,,pass,pass
10832.0,high,mission_flight,36000.0,0.0,0.0,0.0,1288.478167,26.843295,36000.0,0.0,,pass,pass
10834.0,high,mission_flight,36000.0,0.0,0.0,0.0,1287.844833,26.830101,36000.0,0.0,,pass,pass
10836.0,high,mission_flight,36000.0,0.0,0.0,0.0,1287.2115,26.816906,36000.0,0.0,,pass,pass
10838.0,high,mission_flight,36000.0,0.0,0.0,0.0,1286.578167,26.803712,36000.0,0.0,,pass,pass
10840.0,high,mission_flight,36000.0,0.0,0.0,0.0,1285.944833,26.790517,36000.0,0.0,,pass,pass
10842.0,high,mission_flight,36000.0,0.0,0.0,0.0,1285.3115,26.777323,36000.0,0.0,,pass,pass
10844.0,high,mission_flight,36000.0,0.0,0.0,0.0,1284.678167,26.764128,36000.0,0.0,,pass,pass
10846.0,high,mission_flight,36000.0,0.0,0.0,0.0,1284.044833,26.750934,36000.0,0.0,,pass,pass
10848.0,high,mission_flight,36000.0,0.0,0.0,0.0,1283.4115,26.73774,36000.0,0.0,,pass,pass
10850.0,high,mission_flight,36000.0,0.0,0.0,0.0,1282.778167,26.724545,36000.0,0.0,,pass,pass
10852.0,high,mission_flight,36000.0,0.0,0.0,0.0,1282.144833,26.711351,36000.0,0.0,,pass,pass
10854.0,high,mission_flight,36000.0,0.0,0.0,0.0,1281.5115,26.698156,36000.0,0.0,,pass,pass
10856.0,high,mission_flight,36000.0,0.0,0.0,0.0,1280.878167,26.684962,36000.0,0.0,,pass,pass
10858.0,high,mission_flight,36000.0,0.0,0.0,0.0,1280.244833,26.671767,36000.0,0.0,,pass,pass
10860.0,high,mission_flight,36000.0,0.0,0.0,0.0,1279.6115,26.658573,36000.0,0.0,,pass,pass
10862.0,high,mission_flight,36000.0,0.0,0.0,0.0,1278.978167,26.645378,36000.0,0.0,,pass,pass
10864.0,high,mission_flight,36000.0,0.0,0.0,0.0,1278.344833,26.632184,36000.0,0.0,,pass,pass
10866.0,high,mission_flight,36000.0,0.0,0.0,0.0,1277.7115,26.61899,36000.0,0.0,,pass,pass
10868.0,high,mission_flight,36000.0,0.0,0.0,0.0,1277.078167,26.605795,36000.0,0.0,,pass,pass
10870.0,high,mission_flight,36000.0,0.0,0.0,0.0,1276.444833,26.592601,36000.0,0.0,,pass,pass
10872.0,high,mission_flight,36000.0,0.0,0.0,0.0,1275.8115,26.579406,36000.0,0.0,,pass,pass
10874.0,high,mission_flight,36000.0,0.0,0.0,0.0,1275.178167,26.566212,36000.0,0.0,,pass,pass
10876.0,high,mission_flight,36000.0,0.0,0.0,0.0,1274.544833,26.553017,36000.0,0.0,,pass,pass
10878.0,high,mission_flight,36000.0,0.0,0.0,0.0,1273.9115,26.539823,36000.0,0.0,,pass,pass
10880.0,high,mission_flight,36000.0,0.0,0.0,0.0,1273.278167,26.526628,36000.0,0.0,,pass,pass
10882.0,high,mission_flight,36000.0,0.0,0.0,0.0,1272.644833,26.513434,36000.0,0.0,,pass,pass
10884.0,high,mission_flight,36000.0,0.0,0.0,0.0,1272.0115,26.50024,36000.0,0.0,,pass,pass
10886.0,high,mission_flight,36000.0,0.0,0.0,0.0,1271.378167,26.487045,36000.0,0.0,,pass,pass
10888.0,high,mission_flight,36000.0,0.0,0.0,0.0,1270.744833,26.473851,36000.0,0.0,,pass,pass
10890.0,high,mission_flight,36000.0,0.0,0.0,0.0,1270.1115,26.460656,36000.0,0.0,,pass,pass
10892.0,high,mission_flight,36000.0,0.0,0.0,0.0,1269.478167,26.447462,36000.0,0.0,,pass,pass
10894.0,high,mission_flight,36000.0,0.0,0.0,0.0,1268.844833,26.434267,36000.0,0.0,,pass,pass
10896.0,high,mission_flight,36000.0,0.0,0.0,0.0,1268.2115,26.421073,36000.0,0.0,,pass,pass
10898.0,high,mission_flight,36000.0,0.0,0.0,0.0,1267.578167,26.407878,36000.0,0.0,,pass,pass
10900.0,high,mission_flight,36000.0,0.0,0.0,0.0,1266.944833,26.394684,36000.0,0.0,,pass,pass
10902.0,high,mission_flight,36000.0,0.0,0.0,0.0,1266.3115,26.38149,36000.0,0.0,,pass,pass
10904.0,high,mission_flight,36000.0,0.0,0.0,0.0,1265.678167,26.368295,36000.0,0.0,,pass,pass
10906.0,high,mission_flight,36000.0,0.0,0.0,0.0,1265.044833,26.355101,36000.0,0.0,,pass,pass
10908.0,high,mission_flight,36000.0,0.0,0.0,0.0,1264.4115,26.341906,36000.0,0.0,,pass,pass
10910.0,high,mission_flight,36000.0,0.0,0.0,0.0,1263.778167,26.328712,36000.0,0.0,,pass,pass
10912.0,high,mission_flight,36000.0,0.0,0.0,0.0,1263.144833,26.315517,36000.0,0.0,,pass,pass
10914.0,high,mission_flight,36000.0,0.0,0.0,0.0,1262.5115,26.302323,36000.0,0.0,,pass,pass
10916.0,high,mission_flight,36000.0,0.0,0.0,0.0,1261.878167,26.289128,36000.0,0.0,,pass,pass
10918.0,high,mission_flight,36000.0,0.0,0.0,0.0,1261.244833,26.275934,36000.0,0.0,,pass,pass
10920.0,high,mission_flight,36000.0,0.0,0.0,0.0,1260.6115,26.26274,36000.0,0.0,,pass,pass
10922.0,high,mission_flight,36000.0,0.0,0.0,0.0,1259.978167,26.249545,36000.0,0.0,,pass,pass
10924.0,high,mission_flight,36000.0,0.0,0.0,0.0,1259.344833,26.236351,36000.0,0.0,,pass,pass
10926.0,high,mission_flight,36000.0,0.0,0.0,0.0,1258.7115,26.223156,36000.0,0.0,,pass,pass
10928.0,high,mission_flight,36000.0,0.0,0.0,0.0,1258.078167,26.209962,36000.0,0.0,,pass,pass
10930.0,high,mission_flight,36000.0,0.0,0.0,0.0,1257.444833,26.196767,36000.0,0.0,,pass,pass
10932.0,high,mission_flight,36000.0,0.0,0.0,0.0,1256.8115,26.183573,36000.0,0.0,,pass,pass
10934.0,high,mission_flight,36000.0,0.0,0.0,0.0,1256.178167,26.170378,36000.0,0.0,,pass,pass
10936.0,high,mission_flight,36000.0,0.0,0.0,0.0,1255.544833,26.157184,36000.0,0.0,,pass,pass
10938.0,high,mission_flight,36000.0,0.0,0.0,0.0,1254.9115,26.14399,36000.0,0.0,,pass,pass
10940.0,high,mission_flight,36000.0,0.0,0.0,0.0,1254.278167,26.130795,36000.0,0.0,,pass,pass
10942.0,high,mission_flight,36000.0,0.0,0.0,0.0,1253.644833,26.117601,36000.0,0.0,,pass,pass
10944.0,high,mission_flight,36000.0,0.0,0.0,0.0,1253.0115,26.104406,36000.0,0.0,,pass,pass
10946.0,high,mission_flight,36000.0,0.0,0.0,0.0,1252.378167,26.091212,36000.0,0.0,,pass,pass
10948.0,high,mission_flight,36000.0,0.0,0.0,0.0,1251.744833,26.078017,36000.0,0.0,,pass,pass
10950.0,high,mission_flight,36000.0,0.0,0.0,0.0,1251.1115,26.064823,36000.0,0.0,,pass,pass
10952.0,high,mission_flight,36000.0,0.0,0.0,0.0,1250.478167,26.051628,36000.0,0.0,,pass,pass
10954.0,high,mission_flight,36000.0,0.0,0.0,0.0,1249.844833,26.038434,36000.0,0.0,,pass,pass
10956.0,high,mission_flight,36000.0,0.0,0.0,0.0,1249.2115,26.02524,36000.0,0.0,,pass,pass
10958.0,high,mission_flight,36000.0,0.0,0.0,0.0,1248.578167,26.012045,36000.0,0.0,,pass,pass
10960.0,high,mission_flight,36000.0,0.0,0.0,0.0,1247.944833,25.998851,36000.0,0.0,,pass,pass
10962.0,high,mission_flight,36000.0,0.0,0.0,0.0,1247.3115,25.985656,36000.0,0.0,,pass,pass
10964.0,high,mission_flight,36000.0,0.0,0.0,0.0,1246.678167,25.972462,36000.0,0.0,,pass,pass
10966.0,high,mission_flight,36000.0,0.0,0.0,0.0,1246.044833,25.959267,36000.0,0.0,,pass,pass
10968.0,high,mission_flight,36000.0,0.0,0.0,0.0,1245.4115,25.946073,36000.0,0.0,,pass,pass
10970.0,high,mission_flight,36000.0,0.0,0.0,0.0,1244.778167,25.932878,36000.0,0.0,,pass,pass
10972.0,high,mission_flight,36000.0,0.0,0.0,0.0,1244.144833,25.919684,36000.0,0.0,,pass,pass
10974.0,high,mission_flight,36000.0,0.0,0.0,0.0,1243.5115,25.90649,36000.0,0.0,,pass,pass
10976.0,high,mission_flight,36000.0,0.0,0.0,0.0,1242.878167,25.893295,36000.0,0.0,,pass,pass
10978.0,high,mission_flight,36000.0,0.0,0.0,0.0,1242.244833,25.880101,36000.0,0.0,,pass,pass
10980.0,high,mission_flight,36000.0,0.0,0.0,0.0,1241.6115,25.866906,36000.0,0.0,,pass,pass
10982.0,high,mission_flight,36000.0,0.0,0.0,0.0,1240.978167,25.853712,36000.0,0.0,,pass,pass
10984.0,high,mission_flight,36000.0,0.0,0.0,0.0,1240.344833,25.840517,36000.0,0.0,,pass,pass
10986.0,high,mission_flight,36000.0,0.0,0.0,0.0,1239.7115,25.827323,36000.0,0.0,,pass,pass
10988.0,high,mission_flight,36000.0,0.0,0.0,0.0,1239.078167,25.814128,36000.0,0.0,,pass,pass
10990.0,high,mission_flight,36000.0,0.0,0.0,0.0,1238.444833,25.800934,36000.0,0.0,,pass,pass
10992.0,high,mission_flight,36000.0,0.0,0.0,0.0,1237.8115,25.78774,36000.0,0.0,,pass,pass
10994.0,high,mission_flight,36000.0,0.0,0.0,0.0,1237.178167,25.774545,36000.0,0.0,,pass,pass
10996.0,high,mission_flight,36000.0,0.0,0.0,0.0,1236.544833,25.761351,36000.0,0.0,,pass,pass
10998.0,high,mission_flight,36000.0,0.0,0.0,0.0,1235.9115,25.748156,36000.0,0.0,,pass,pass
11000.0,high,mission_flight,36000.0,0.0,0.0,0.0,1235.278167,25.734962,36000.0,0.0,,pass,pass
11002.0,high,mission_flight,36000.0,0.0,0.0,0.0,1234.644833,25.721767,36000.0,0.0,,pass,pass
11004.0,high,mission_flight,36000.0,0.0,0.0,0.0,1234.0115,25.708573,36000.0,0.0,,pass,pass
11006.0,high,mission_flight,36000.0,0.0,0.0,0.0,1233.378167,25.695378,36000.0,0.0,,pass,pass
11008.0,high,mission_flight,36000.0,0.0,0.0,0.0,1232.744833,25.682184,36000.0,0.0,,pass,pass
11010.0,high,mission_flight,36000.0,0.0,0.0,0.0,1232.1115,25.66899,36000.0,0.0,,pass,pass
11012.0,high,mission_flight,36000.0,0.0,0.0,0.0,1231.478167,25.655795,36000.0,0.0,,pass,pass
11014.0,high,mission_flight,36000.0,0.0,0.0,0.0,1230.844833,25.642601,36000.0,0.0,,pass,pass
11016.0,high,mission_flight,36000.0,0.0,0.0,0.0,1230.2115,25.629406,36000.0,0.0,,pass,pass
11018.0,high,mission_flight,36000.0,0.0,0.0,0.0,1229.578167,25.616212,36000.0,0.0,,pass,pass
11020.0,high,mission_flight,36000.0,0.0,0.0,0.0,1228.944833,25.603017,36000.0,0.0,,pass,pass
11022.0,high,mission_flight,36000.0,0.0,0.0,0.0,1228.3115,25.589823,36000.0,0.0,,pass,pass
11024.0,high,mission_flight,36000.0,0.0,0.0,0.0,1227.678167,25.576628,36000.0,0.0,,pass,pass
11026.0,high,mission_flight,36000.0,0.0,0.0,0.0,1227.044833,25.563434,36000.0,0.0,,pass,pass
11028.0,high,mission_flight,36000.0,0.0,0.0,0.0,1226.4115,25.55024,36000.0,0.0,,pass,pass
11030.0,high,mission_flight,36000.0,0.0,0.0,0.0,1225.778167,25.537045,36000.0,0.0,,pass,pass
11032.0,high,mission_flight,36000.0,0.0,0.0,0.0,1225.144833,25.523851,36000.0,0.0,,pass,pass
11034.0,high,mission_flight,36000.0,0.0,0.0,0.0,1224.5115,25.510656,36000.0,0.0,,pass,pass
11036.0,high,mission_flight,36000.0,0.0,0.0,0.0,1223.878167,25.497462,36000.0,0.0,,pass,pass
11038.0,high,mission_flight,36000.0,0.0,0.0,0.0,1223.244833,25.484267,36000.0,0.0,,pass,pass
11040.0,high,mission_flight,36000.0,0.0,0.0,0.0,1222.6115,25.471073,36000.0,0.0,,pass,pass
11042.0,high,mission_flight,36000.0,0.0,0.0,0.0,1221.978167,25.457878,36000.0,0.0,,pass,pass
11044.0,high,mission_flight,36000.0,0.0,0.0,0.0,1221.344833,25.444684,36000.0,0.0,,pass,pass
11046.0,high,mission_flight,36000.0,0.0,0.0,0.0,1220.7115,25.43149,36000.0,0.0,,pass,pass
11048.0,high,mission_flight,36000.0,0.0,0.0,0.0,1220.078167,25.418295,36000.0,0.0,,pass,pass
11050.0,high,mission_flight,36000.0,0.0,0.0,0.0,1219.444833,25.405101,36000.0,0.0,,pass,pass
11052.0,high,mission_flight,36000.0,0.0,0.0,0.0,1218.8115,25.391906,36000.0,0.0,,pass,pass
11054.0,high,mission_flight,36000.0,0.0,0.0,0.0,1218.178167,25.378712,36000.0,0.0,,pass,pass
11056.0,high,mission_flight,36000.0,0.0,0.0,0.0,1217.544833,25.365517,36000.0,0.0,,pass,pass
11058.0,high,mission_flight,36000.0,0.0,0.0,0.0,1216.9115,25.352323,36000.0,0.0,,pass,pass
11060.0,high,mission_flight,36000.0,0.0,0.0,0.0,1216.278167,25.339128,36000.0,0.0,,pass,pass
11062.0,high,mission_flight,36000.0,0.0,0.0,0.0,1215.644833,25.325934,36000.0,0.0,,pass,pass
11064.0,high,mission_flight,36000.0,0.0,0.0,0.0,1215.0115,25.31274,36000.0,0.0,,pass,pass
11066.0,high,mission_flight,36000.0,0.0,0.0,0.0,1214.378167,25.299545,36000.0,0.0,,pass,pass
11068.0,high,mission_flight,36000.0,0.0,0.0,0.0,1213.744833,25.286351,36000.0,0.0,,pass,pass
11070.0,high,mission_flight,36000.0,0.0,0.0,0.0,1213.1115,25.273156,36000.0,0.0,,pass,pass
11072.0,high,mission_flight,36000.0,0.0,0.0,0.0,1212.478167,25.259962,36000.0,0.0,,pass,pass
11074.0,high,mission_flight,36000.0,0.0,0.0,0.0,1211.844833,25.246767,36000.0,0.0,,pass,pass
11076.0,high,mission_flight,36000.0,0.0,0.0,0.0,1211.2115,25.233573,36000.0,0.0,,pass,pass
11078.0,high,mission_flight,36000.0,0.0,0.0,0.0,1210.578167,25.220378,36000.0,0.0,,pass,pass
11080.0,high,mission_flight,36000.0,0.0,0.0,0.0,1209.944833,25.207184,36000.0,0.0,,pass,pass
11082.0,high,mission_flight,36000.0,0.0,0.0,0.0,1209.3115,25.19399,36000.0,0.0,,pass,pass
11084.0,high,mission_flight,36000.0,0.0,0.0,0.0,1208.678167,25.180795,36000.0,0.0,,pass,pass
11086.0,high,mission_flight,36000.0,0.0,0.0,0.0,1208.044833,25.167601,36000.0,0.0,,pass,pass
11088.0,high,mission_flight,36000.0,0.0,0.0,0.0,1207.4115,25.154406,36000.0,0.0,,pass,pass
11090.0,high,mission_flight,36000.0,0.0,0.0,0.0,1206.778167,25.141212,36000.0,0.0,,pass,pass
11092.0,high,mission_flight,36000.0,0.0,0.0,0.0,1206.144833,25.128017,36000.0,0.0,,pass,pass
11094.0,high,mission_flight,36000.0,0.0,0.0,0.0,1205.5115,25.114823,36000.0,0.0,,pass,pass
11096.0,high,mission_flight,36000.0,0.0,0.0,0.0,1204.878167,25.101628,36000.0,0.0,,pass,pass
11098.0,high,mission_flight,36000.0,0.0,0.0,0.0,1204.244833,25.088434,36000.0,0.0,,pass,pass
11100.0,high,mission_flight,36000.0,0.0,0.0,0.0,1203.6115,25.07524,36000.0,0.0,,pass,pass
11102.0,high,mission_flight,36000.0,0.0,0.0,0.0,1202.978167,25.062045,36000.0,0.0,,pass,pass
11104.0,high,mission_flight,36000.0,0.0,0.0,0.0,1202.344833,25.048851,36000.0,0.0,,pass,pass
11106.0,high,mission_flight,36000.0,0.0,0.0,0.0,1201.7115,25.035656,36000.0,0.0,,pass,pass
11108.0,high,mission_flight,36000.0,0.0,0.0,0.0,1201.078167,25.022462,36000.0,0.0,,pass,pass
11110.0,high,mission_flight,36000.0,0.0,0.0,0.0,1200.444833,25.009267,36000.0,0.0,,pass,pass
11112.0,high,mission_flight,36000.0,0.0,0.0,0.0,1199.8115,24.996073,36000.0,0.0,,pass,pass
11114.0,high,mission_flight,36000.0,0.0,0.0,0.0,1199.178167,24.982878,36000.0,0.0,,pass,pass
11116.0,high,mission_flight,36000.0,0.0,0.0,0.0,1198.544833,24.969684,36000.0,0.0,,pass,pass
11118.0,high,mission_flight,36000.0,0.0,0.0,0.0,1197.9115,24.95649,36000.0,0.0,,pass,pass
11120.0,high,mission_flight,36000.0,0.0,0.0,0.0,1197.278167,24.943295,36000.0,0.0,,pass,pass
11122.0,high,mission_flight,36000.0,0.0,0.0,0.0,1196.644833,24.930101,36000.0,0.0,,pass,pass
11124.0,high,mission_flight,36000.0,0.0,0.0,0.0,1196.0115,24.916906,36000.0,0.0,,pass,pass
11126.0,high,mission_flight,36000.0,0.0,0.0,0.0,1195.378167,24.903712,36000.0,0.0,,pass,pass
11128.0,high,mission_flight,36000.0,0.0,0.0,0.0,1194.744833,24.890517,36000.0,0.0,,pass,pass
11130.0,high,mission_flight,36000.0,0.0,0.0,0.0,1194.1115,24.877323,36000.0,0.0,,pass,pass
11132.0,high,mission_flight,36000.0,0.0,0.0,0.0,1193.478167,24.864128,36000.0,0.0,,pass,pass
11134.0,high,mission_flight,36000.0,0.0,0.0,0.0,1192.844833,24.850934,36000.0,0.0,,pass,pass
11136.0,high,mission_flight,36000.0,0.0,0.0,0.0,1192.2115,24.83774,36000.0,0.0,,pass,pass
11138.0,high,mission_flight,36000.0,0.0,0.0,0.0,1191.578167,24.824545,36000.0,0.0,,pass,pass
11140.0,high,mission_flight,36000.0,0.0,0.0,0.0,1190.944833,24.811351,36000.0,0.0,,pass,pass
11142.0,high,mission_flight,36000.0,0.0,0.0,0.0,1190.3115,24.798156,36000.0,0.0,,pass,pass
11144.0,high,mission_flight,36000.0,0.0,0.0,0.0,1189.678167,24.784962,36000.0,0.0,,pass,pass
11146.0,high,mission_flight,36000.0,0.0,0.0,0.0,1189.044833,24.771767,36000.0,0.0,,pass,pass
11148.0,high,mission_flight,36000.0,0.0,0.0,0.0,1188.4115,24.758573,36000.0,0.0,,pass,pass
11150.0,high,mission_flight,36000.0,0.0,0.0,0.0,1187.778167,24.745378,36000.0,0.0,,pass,pass
11152.0,high,mission_flight,36000.0,0.0,0.0,0.0,1187.144833,24.732184,36000.0,0.0,,pass,pass
11154.0,high,mission_flight,36000.0,0.0,0.0,0.0,1186.5115,24.71899,36000.0,0.0,,pass,pass
11156.0,high,mission_flight,36000.0,0.0,0.0,0.0,1185.878167,24.705795,36000.0,0.0,,pass,pass
11158.0,high,mission_flight,36000.0,0.0,0.0,0.0,1185.244833,24.692601,36000.0,0.0,,pass,pass
11160.0,high,mission_flight,36000.0,0.0,0.0,0.0,1184.6115,24.679406,36000.0,0.0,,pass,pass
11162.0,high,mission_flight,36000.0,0.0,0.0,0.0,1183.978167,24.666212,36000.0,0.0,,pass,pass
11164.0,high,mission_flight,36000.0,0.0,0.0,0.0,1183.344833,24.653017,36000.0,0.0,,pass,pass
11166.0,high,mission_flight,36000.0,0.0,0.0,0.0,1182.7115,24.639823,36000.0,0.0,,pass,pass
11168.0,high,mission_flight,36000.0,0.0,0.0,0.0,1182.078167,24.626628,36000.0,0.0,,pass,pass
11170.0,high,mission_flight,36000.0,0.0,0.0,0.0,1181.444833,24.613434,36000.0,0.0,,pass,pass
11172.0,high,mission_flight,36000.0,0.0,0.0,0.0,1180.8115,24.60024,36000.0,0.0,,pass,pass
11174.0,high,mission_flight,36000.0,0.0,0.0,0.0,1180.178167,24.587045,36000.0,0.0,,pass,pass
11176.0,high,mission_flight,36000.0,0.0,0.0,0.0,1179.544833,24.573851,36000.0,0.0,,pass,pass
11178.0,high,mission_flight,36000.0,0.0,0.0,0.0,1178.9115,24.560656,36000.0,0.0,,pass,pass
11180.0,high,mission_flight,36000.0,0.0,0.0,0.0,1178.278167,24.547462,36000.0,0.0,,pass,pass
11182.0,high,mission_flight,36000.0,0.0,0.0,0.0,1177.644833,24.534267,36000.0,0.0,,pass,pass
11184.0,high,mission_flight,36000.0,0.0,0.0,0.0,1177.0115,24.521073,36000.0,0.0,,pass,pass
11186.0,high,mission_flight,36000.0,0.0,0.0,0.0,1176.378167,24.507878,36000.0,0.0,,pass,pass
11188.0,high,mission_flight,36000.0,0.0,0.0,0.0,1175.744833,24.494684,36000.0,0.0,,pass,pass
11190.0,high,mission_flight,36000.0,0.0,0.0,0.0,1175.1115,24.48149,36000.0,0.0,,pass,pass
11192.0,high,mission_flight,36000.0,0.0,0.0,0.0,1174.478167,24.468295,36000.0,0.0,,pass,pass
11194.0,high,mission_flight,36000.0,0.0,0.0,0.0,1173.844833,24.455101,36000.0,0.0,,pass,pass
11196.0,high,mission_flight,36000.0,0.0,0.0,0.0,1173.2115,24.441906,36000.0,0.0,,pass,pass
11198.0,high,mission_flight,36000.0,0.0,0.0,0.0,1172.578167,24.428712,36000.0,0.0,,pass,pass
11200.0,high,mission_flight,36000.0,0.0,0.0,0.0,1171.944833,24.415517,36000.0,0.0,,pass,pass
11202.0,high,mission_flight,36000.0,0.0,0.0,0.0,1171.3115,24.402323,36000.0,0.0,,pass,pass
11204.0,high,mission_flight,36000.0,0.0,0.0,0.0,1170.678167,24.389128,36000.0,0.0,,pass,pass
11206.0,high,mission_flight,36000.0,0.0,0.0,0.0,1170.044833,24.375934,36000.0,0.0,,pass,pass
11208.0,high,mission_flight,36000.0,0.0,0.0,0.0,1169.4115,24.36274,36000.0,0.0,,pass,pass
11210.0,high,mission_flight,36000.0,0.0,0.0,0.0,1168.778167,24.349545,36000.0,0.0,,pass,pass
11212.0,high,mission_flight,36000.0,0.0,0.0,0.0,1168.144833,24.336351,36000.0,0.0,,pass,pass
11214.0,high,mission_flight,36000.0,0.0,0.0,0.0,1167.5115,24.323156,36000.0,0.0,,pass,pass
11216.0,high,mission_flight,36000.0,0.0,0.0,0.0,1166.878167,24.309962,36000.0,0.0,,pass,pass
11218.0,high,mission_flight,36000.0,0.0,0.0,0.0,1166.244833,24.296767,36000.0,0.0,,pass,pass
11220.0,high,mission_flight,36000.0,0.0,0.0,0.0,1165.6115,24.283573,36000.0,0.0,,pass,pass
11222.0,high,mission_flight,36000.0,0.0,0.0,0.0,1164.978167,24.270378,36000.0,0.0,,pass,pass
11224.0,high,mission_flight,36000.0,0.0,0.0,0.0,1164.344833,24.257184,36000.0,0.0,,pass,pass
11226.0,high,mission_flight,36000.0,0.0,0.0,0.0,1163.7115,24.24399,36000.0,0.0,,pass,pass
11228.0,high,mission_flight,36000.0,0.0,0.0,0.0,1163.078167,24.230795,36000.0,0.0,,pass,pass
11230.0,high,mission_flight,36000.0,0.0,0.0,0.0,1162.444833,24.217601,36000.0,0.0,,pass,pass
11232.0,high,mission_flight,36000.0,0.0,0.0,0.0,1161.8115,24.204406,36000.0,0.0,,pass,pass
11234.0,high,mission_flight,36000.0,0.0,0.0,0.0,1161.178167,24.191212,36000.0,0.0,,pass,pass
11236.0,high,mission_flight,36000.0,0.0,0.0,0.0,1160.544833,24.178017,36000.0,0.0,,pass,pass
11238.0,high,mission_flight,36000.0,0.0,0.0,0.0,1159.9115,24.164823,36000.0,0.0,,pass,pass
11240.0,high,mission_flight,36000.0,0.0,0.0,0.0,1159.278167,24.151628,36000.0,0.0,,pass,pass
11242.0,high,mission_flight,36000.0,0.0,0.0,0.0,1158.644833,24.138434,36000.0,0.0,,pass,pass
11244.0,high,mission_flight,36000.0,0.0,0.0,0.0,1158.0115,24.12524,36000.0,0.0,,pass,pass
11246.0,high,mission_flight,36000.0,0.0,0.0,0.0,1157.378167,24.112045,36000.0,0.0,,pass,pass
11248.0,high,mission_flight,36000.0,0.0,0.0,0.0,1156.744833,24.098851,36000.0,0.0,,pass,pass
11250.0,high,mission_flight,36000.0,0.0,0.0,0.0,1156.1115,24.085656,36000.0,0.0,,pass,pass
11252.0,high,mission_flight,36000.0,0.0,0.0,0.0,1155.478167,24.072462,36000.0,0.0,,pass,pass
11254.0,high,mission_flight,36000.0,0.0,0.0,0.0,1154.844833,24.059267,36000.0,0.0,,pass,pass
11256.0,high,mission_flight,36000.0,0.0,0.0,0.0,1154.2115,24.046073,36000.0,0.0,,pass,pass
11258.0,high,mission_flight,36000.0,0.0,0.0,0.0,1153.578167,24.032878,36000.0,0.0,,pass,pass
11260.0,high,mission_flight,36000.0,0.0,0.0,0.0,1152.944833,24.019684,36000.0,0.0,,pass,pass
11262.0,high,mission_flight,36000.0,0.0,0.0,0.0,1152.3115,24.00649,36000.0,0.0,,pass,pass
11264.0,high,mission_flight,36000.0,0.0,0.0,0.0,1151.678167,23.993295,36000.0,0.0,,pass,pass
11266.0,high,mission_flight,36000.0,0.0,0.0,0.0,1151.044833,23.980101,36000.0,0.0,,pass,pass
11268.0,high,mission_flight,36000.0,0.0,0.0,0.0,1150.4115,23.966906,36000.0,0.0,,pass,pass
11270.0,high,mission_flight,36000.0,0.0,0.0,0.0,1149.778167,23.953712,36000.0,0.0,,pass,pass
11272.0,high,mission_flight,36000.0,0.0,0.0,0.0,1149.144833,23.940517,36000.0,0.0,,pass,pass
11274.0,high,mission_flight,36000.0,0.0,0.0,0.0,1148.5115,23.927323,36000.0,0.0,,pass,pass
11276.0,high,mission_flight,36000.0,0.0,0.0,0.0,1147.878167,23.914128,36000.0,0.0,,pass,pass
11278.0,high,mission_flight,36000.0,0.0,0.0,0.0,1147.244833,23.900934,36000.0,0.0,,pass,pass
11280.0,high,mission_flight,36000.0,0.0,0.0,0.0,1146.6115,23.88774,36000.0,0.0,,pass,pass
11282.0,high,mission_flight,36000.0,0.0,0.0,0.0,1145.978167,23.874545,36000.0,0.0,,pass,pass
11284.0,high,mission_flight,36000.0,0.0,0.0,0.0,1145.344833,23.861351,36000.0,0.0,,pass,pass
11286.0,high,mission_flight,36000.0,0.0,0.0,0.0,1144.7115,23.848156,36000.0,0.0,,pass,pass
11288.0,high,mission_flight,36000.0,0.0,0.0,0.0,1144.078167,23.834962,36000.0,0.0,,pass,pass
11290.0,high,mission_flight,36000.0,0.0,0.0,0.0,1143.444833,23.821767,36000.0,0.0,,pass,pass
11292.0,high,mission_flight,36000.0,0.0,0.0,0.0,1142.8115,23.808573,36000.0,0.0,,pass,pass
11294.0,high,mission_flight,36000.0,0.0,0.0,0.0,1142.178167,23.795378,36000.0,0.0,,pass,pass
11296.0,high,mission_flight,36000.0,0.0,0.0,0.0,1141.544833,23.782184,36000.0,0.0,,pass,pass
11298.0,high,mission_flight,36000.0,0.0,0.0,0.0,1140.9115,23.76899,36000.0,0.0,,pass,pass
11300.0,high,mission_flight,36000.0,0.0,0.0,0.0,1140.278167,23.755795,36000.0,0.0,,pass,pass
11302.0,high,mission_flight,36000.0,0.0,0.0,0.0,1139.644833,23.742601,36000.0,0.0,,pass,pass
11304.0,high,mission_flight,36000.0,0.0,0.0,0.0,1139.0115,23.729406,36000.0,0.0,,pass,pass
11306.0,high,mission_flight,36000.0,0.0,0.0,0.0,1138.378167,23.716212,36000.0,0.0,,pass,pass
11308.0,high,mission_flight,36000.0,0.0,0.0,0.0,1137.744833,23.703017,36000.0,0.0,,pass,pass
11310.0,high,mission_flight,36000.0,0.0,0.0,0.0,1137.1115,23.689823,36000.0,0.0,,pass,pass
11312.0,high,mission_flight,36000.0,0.0,0.0,0.0,1136.478167,23.676628,36000.0,0.0,,pass,pass
11314.0,high,mission_flight,36000.0,0.0,0.0,0.0,1135.844833,23.663434,36000.0,0.0,,pass,pass
11316.0,high,mission_flight,36000.0,0.0,0.0,0.0,1135.2115,23.65024,36000.0,0.0,,pass,pass
11318.0,high,mission_flight,36000.0,0.0,0.0,0.0,1134.578167,23.637045,36000.0,0.0,,pass,pass
11320.0,high,mission_flight,36000.0,0.0,0.0,0.0,1133.944833,23.623851,36000.0,0.0,,pass,pass
11322.0,high,mission_flight,36000.0,0.0,0.0,0.0,1133.3115,23.610656,36000.0,0.0,,pass,pass
11324.0,high,mission_flight,36000.0,0.0,0.0,0.0,1132.678167,23.597462,36000.0,0.0,,pass,pass
11326.0,high,mission_flight,36000.0,0.0,0.0,0.0,1132.044833,23.584267,36000.0,0.0,,pass,pass
11328.0,high,mission_flight,36000.0,0.0,0.0,0.0,1131.4115,23.571073,36000.0,0.0,,pass,pass
11330.0,high,mission_flight,36000.0,0.0,0.0,0.0,1130.778167,23.557878,36000.0,0.0,,pass,pass
11332.0,high,mission_flight,36000.0,0.0,0.0,0.0,1130.144833,23.544684,36000.0,0.0,,pass,pass
11334.0,high,mission_flight,36000.0,0.0,0.0,0.0,1129.5115,23.53149,36000.0,0.0,,pass,pass
11336.0,high,mission_flight,36000.0,0.0,0.0,0.0,1128.878167,23.518295,36000.0,0.0,,pass,pass
11338.0,high,mission_flight,36000.0,0.0,0.0,0.0,1128.244833,23.505101,36000.0,0.0,,pass,pass
11340.0,high,mission_flight,36000.0,0.0,0.0,0.0,1127.6115,23.491906,36000.0,0.0,,pass,pass
11342.0,high,mission_flight,36000.0,0.0,0.0,0.0,1126.978167,23.478712,36000.0,0.0,,pass,pass
11344.0,high,mission_flight,36000.0,0.0,0.0,0.0,1126.344833,23.465517,36000.0,0.0,,pass,pass
11346.0,high,mission_flight,36000.0,0.0,0.0,0.0,1125.7115,23.452323,36000.0,0.0,,pass,pass
11348.0,high,mission_flight,36000.0,0.0,0.0,0.0,1125.078167,23.439128,36000.0,0.0,,pass,pass
11350.0,high,mission_flight,36000.0,0.0,0.0,0.0,1124.444833,23.425934,36000.0,0.0,,pass,pass
11352.0,high,mission_flight,36000.0,0.0,0.0,0.0,1123.8115,23.41274,36000.0,0.0,,pass,pass
11354.0,high,mission_flight,36000.0,0.0,0.0,0.0,1123.178167,23.399545,36000.0,0.0,,pass,pass
11356.0,high,mission_flight,36000.0,0.0,0.0,0.0,1122.544833,23.386351,36000.0,0.0,,pass,pass
11358.0,high,mission_flight,36000.0,0.0,0.0,0.0,1121.9115,23.373156,36000.0,0.0,,pass,pass
11360.0,high,mission_flight,36000.0,0.0,0.0,0.0,1121.278167,23.359962,36000.0,0.0,,pass,pass
11362.0,high,mission_flight,36000.0,0.0,0.0,0.0,1120.644833,23.346767,36000.0,0.0,,pass,pass
11364.0,high,mission_flight,36000.0,0.0,0.0,0.0,1120.0115,23.333573,36000.0,0.0,,pass,pass
11366.0,high,mission_flight,36000.0,0.0,0.0,0.0,1119.378167,23.320378,36000.0,0.0,,pass,pass
11368.0,high,mission_flight,36000.0,0.0,0.0,0.0,1118.744833,23.307184,36000.0,0.0,,pass,pass
11370.0,high,mission_flight,36000.0,0.0,0.0,0.0,1118.1115,23.29399,36000.0,0.0,,pass,pass
11372.0,high,mission_flight,36000.0,0.0,0.0,0.0,1117.478167,23.280795,36000.0,0.0,,pass,pass
11374.0,high,mission_flight,36000.0,0.0,0.0,0.0,1116.844833,23.267601,36000.0,0.0,,pass,pass
11376.0,high,mission_flight,36000.0,0.0,0.0,0.0,1116.2115,23.254406,36000.0,0.0,,pass,pass
11378.0,high,mission_flight,36000.0,0.0,0.0,0.0,1115.578167,23.241212,36000.0,0.0,,pass,pass
11380.0,high,mission_flight,36000.0,0.0,0.0,0.0,1114.944833,23.228017,36000.0,0.0,,pass,pass
11382.0,high,mission_flight,36000.0,0.0,0.0,0.0,1114.3115,23.214823,36000.0,0.0,,pass,pass
11384.0,high,mission_flight,36000.0,0.0,0.0,0.0,1113.678167,23.201628,36000.0,0.0,,pass,pass
11386.0,high,mission_flight,36000.0,0.0,0.0,0.0,1113.044833,23.188434,36000.0,0.0,,pass,pass
11388.0,high,mission_flight,36000.0,0.0,0.0,0.0,1112.4115,23.17524,36000.0,0.0,,pass,pass
11390.0,high,mission_flight,36000.0,0.0,0.0,0.0,1111.778167,23.162045,36000.0,0.0,,pass,pass
11392.0,high,mission_flight,36000.0,0.0,0.0,0.0,1111.144833,23.148851,36000.0,0.0,,pass,pass
11394.0,high,mission_flight,36000.0,0.0,0.0,0.0,1110.5115,23.135656,36000.0,0.0,,pass,pass
11396.0,high,mission_flight,36000.0,0.0,0.0,0.0,1109.878167,23.122462,36000.0,0.0,,pass,pass
11398.0,high,mission_flight,36000.0,0.0,0.0,0.0,1109.244833,23.109267,36000.0,0.0,,pass,pass
11400.0,high,mission_flight,36000.0,0.0,0.0,0.0,1108.6115,23.096073,36000.0,0.0,,pass,pass
11402.0,high,mission_flight,36000.0,0.0,0.0,0.0,1107.978167,23.082878,36000.0,0.0,,pass,pass
11404.0,high,mission_flight,36000.0,0.0,0.0,0.0,1107.344833,23.069684,36000.0,0.0,,pass,pass
11406.0,high,mission_flight,36000.0,0.0,0.0,0.0,1106.7115,23.05649,36000.0,0.0,,pass,pass
11408.0,high,mission_flight,36000.0,0.0,0.0,0.0,1106.078167,23.043295,36000.0,0.0,,pass,pass
11410.0,high,mission_flight,36000.0,0.0,0.0,0.0,1105.444833,23.030101,36000.0,0.0,,pass,pass
11412.0,high,mission_flight,36000.0,0.0,0.0,0.0,1104.8115,23.016906,36000.0,0.0,,pass,pass
11414.0,high,mission_flight,36000.0,0.0,0.0,0.0,1104.178167,23.003712,36000.0,0.0,,pass,pass
11416.0,high,mission_flight,36000.0,0.0,0.0,0.0,1103.544833,22.990517,36000.0,0.0,,pass,pass
11418.0,high,mission_flight,36000.0,0.0,0.0,0.0,1102.9115,22.977323,36000.0,0.0,,pass,pass
11420.0,high,mission_flight,36000.0,0.0,0.0,0.0,1102.278167,22.964128,36000.0,0.0,,pass,pass
11422.0,high,mission_flight,36000.0,0.0,0.0,0.0,1101.644833,22.950934,36000.0,0.0,,pass,pass
11424.0,high,mission_flight,36000.0,0.0,0.0,0.0,1101.0115,22.93774,36000.0,0.0,,pass,pass
11426.0,high,mission_flight,36000.0,0.0,0.0,0.0,1100.378167,22.924545,36000.0,0.0,,pass,pass
11428.0,high,mission_flight,36000.0,0.0,0.0,0.0,1099.744833,22.911351,36000.0,0.0,,pass,pass
11430.0,high,mission_flight,36000.0,0.0,0.0,0.0,1099.1115,22.898156,36000.0,0.0,,pass,pass
11432.0,high,mission_flight,36000.0,0.0,0.0,0.0,1098.478167,22.884962,36000.0,0.0,,pass,pass
11434.0,high,mission_flight,36000.0,0.0,0.0,0.0,1097.844833,22.871767,36000.0,0.0,,pass,pass
11436.0,high,mission_flight,36000.0,0.0,0.0,0.0,1097.2115,22.858573,36000.0,0.0,,pass,pass
11438.0,high,mission_flight,36000.0,0.0,0.0,0.0,1096.578167,22.845378,36000.0,0.0,,pass,pass
11440.0,high,mission_flight,36000.0,0.0,0.0,0.0,1095.944833,22.832184,36000.0,0.0,,pass,pass
11442.0,high,mission_flight,36000.0,0.0,0.0,0.0,1095.3115,22.81899,36000.0,0.0,,pass,pass
11444.0,high,mission_flight,36000.0,0.0,0.0,0.0,1094.678167,22.805795,36000.0,0.0,,pass,pass
11446.0,high,mission_flight,36000.0,0.0,0.0,0.0,1094.044833,22.792601,36000.0,0.0,,pass,pass
11448.0,high,mission_flight,36000.0,0.0,0.0,0.0,1093.4115,22.779406,36000.0,0.0,,pass,pass
11450.0,high,mission_flight,36000.0,0.0,0.0,0.0,1092.778167,22.766212,36000.0,0.0,,pass,pass
11452.0,high,mission_flight,36000.0,0.0,0.0,0.0,1092.144833,22.753017,36000.0,0.0,,pass,pass
11454.0,high,mission_flight,36000.0,0.0,0.0,0.0,1091.5115,22.739823,36000.0,0.0,,pass,pass
11456.0,high,mission_flight,36000.0,0.0,0.0,0.0,1090.878167,22.726628,36000.0,0.0,,pass,pass
11458.0,high,mission_flight,36000.0,0.0,0.0,0.0,1090.244833,22.713434,36000.0,0.0,,pass,pass
11460.0,high,mission_flight,36000.0,0.0,0.0,0.0,1089.6115,22.70024,36000.0,0.0,,pass,pass
11462.0,high,mission_flight,36000.0,0.0,0.0,0.0,1088.978167,22.687045,36000.0,0.0,,pass,pass
11464.0,high,mission_flight,36000.0,0.0,0.0,0.0,1088.344833,22.673851,36000.0,0.0,,pass,pass
11466.0,high,mission_flight,36000.0,0.0,0.0,0.0,1087.7115,22.660656,36000.0,0.0,,pass,pass
11468.0,high,mission_flight,36000.0,0.0,0.0,0.0,1087.078167,22.647462,36000.0,0.0,,pass,pass
11470.0,high,mission_flight,36000.0,0.0,0.0,0.0,1086.444833,22.634267,36000.0,0.0,,pass,pass
11472.0,high,mission_flight,36000.0,0.0,0.0,0.0,1085.8115,22.621073,36000.0,0.0,,pass,pass
11474.0,high,mission_flight,36000.0,0.0,0.0,0.0,1085.178167,22.607878,36000.0,0.0,,pass,pass
11476.0,high,mission_flight,36000.0,0.0,0.0,0.0,1084.544833,22.594684,36000.0,0.0,,pass,pass
11478.0,high,mission_flight,36000.0,0.0,0.0,0.0,1083.9115,22.58149,36000.0,0.0,,pass,pass
11480.0,high,mission_flight,36000.0,0.0,0.0,0.0,1083.278167,22.568295,36000.0,0.0,,pass,pass
11482.0,high,mission_flight,36000.0,0.0,0.0,0.0,1082.644833,22.555101,36000.0,0.0,,pass,pass
11484.0,high,mission_flight,36000.0,0.0,0.0,0.0,1082.0115,22.541906,36000.0,0.0,,pass,pass
11486.0,high,mission_flight,36000.0,0.0,0.0,0.0,1081.378167,22.528712,36000.0,0.0,,pass,pass
11488.0,high,mission_flight,36000.0,0.0,0.0,0.0,1080.744833,22.515517,36000.0,0.0,,pass,pass
11490.0,high,mission_flight,36000.0,0.0,0.0,0.0,1080.1115,22.502323,36000.0,0.0,,pass,pass
11492.0,high,mission_flight,36000.0,0.0,0.0,0.0,1079.478167,22.489128,36000.0,0.0,,pass,pass
11494.0,high,mission_flight,36000.0,0.0,0.0,0.0,1078.844833,22.475934,36000.0,0.0,,pass,pass
11496.0,high,mission_flight,36000.0,0.0,0.0,0.0,1078.2115,22.46274,36000.0,0.0,,pass,pass
11498.0,high,mission_flight,36000.0,0.0,0.0,0.0,1077.578167,22.449545,36000.0,0.0,,pass,pass
11500.0,high,mission_flight,36000.0,0.0,0.0,0.0,1076.944833,22.436351,36000.0,0.0,,pass,pass
11502.0,high,mission_flight,36000.0,0.0,0.0,0.0,1076.3115,22.423156,36000.0,0.0,,pass,pass
11504.0,high,mission_flight,36000.0,0.0,0.0,0.0,1075.678167,22.409962,36000.0,0.0,,pass,pass
11506.0,high,mission_flight,36000.0,0.0,0.0,0.0,1075.044833,22.396767,36000.0,0.0,,pass,pass
11508.0,high,mission_flight,36000.0,0.0,0.0,0.0,1074.4115,22.383573,36000.0,0.0,,pass,pass
11510.0,high,mission_flight,36000.0,0.0,0.0,0.0,1073.778167,22.370378,36000.0,0.0,,pass,pass
11512.0,high,mission_flight,36000.0,0.0,0.0,0.0,1073.144833,22.357184,36000.0,0.0,,pass,pass
11514.0,high,mission_flight,36000.0,0.0,0.0,0.0,1072.5115,22.34399,36000.0,0.0,,pass,pass
11516.0,high,mission_flight,36000.0,0.0,0.0,0.0,1071.878167,22.330795,36000.0,0.0,,pass,pass
11518.0,high,mission_flight,36000.0,0.0,0.0,0.0,1071.244833,22.317601,36000.0,0.0,,pass,pass
11520.0,high,mission_flight,36000.0,0.0,0.0,0.0,1070.6115,22.304406,36000.0,0.0,,pass,pass
11522.0,high,mission_flight,36000.0,0.0,0.0,0.0,1069.978167,22.291212,36000.0,0.0,,pass,pass
11524.0,high,mission_flight,36000.0,0.0,0.0,0.0,1069.344833,22.278017,36000.0,0.0,,pass,pass
11526.0,high,mission_flight,36000.0,0.0,0.0,0.0,1068.7115,22.264823,36000.0,0.0,,pass,pass
11528.0,high,mission_flight,36000.0,0.0,0.0,0.0,1068.078167,22.251628,36000.0,0.0,,pass,pass
11530.0,high,mission_flight,36000.0,0.0,0.0,0.0,1067.444833,22.238434,36000.0,0.0,,pass,pass
11532.0,high,mission_flight,36000.0,0.0,0.0,0.0,1066.8115,22.22524,36000.0,0.0,,pass,pass
11534.0,high,mission_flight,36000.0,0.0,0.0,0.0,1066.178167,22.212045,36000.0,0.0,,pass,pass
11536.0,high,mission_flight,36000.0,0.0,0.0,0.0,1065.544833,22.198851,36000.0,0.0,,pass,pass
11538.0,high,mission_flight,36000.0,0.0,0.0,0.0,1064.9115,22.185656,36000.0,0.0,,pass,pass
11540.0,high,mission_flight,36000.0,0.0,0.0,0.0,1064.278167,22.172462,36000.0,0.0,,pass,pass
11542.0,high,mission_flight,36000.0,0.0,0.0,0.0,1063.644833,22.159267,36000.0,0.0,,pass,pass
11544.0,high,mission_flight,36000.0,0.0,0.0,0.0,1063.0115,22.146073,36000.0,0.0,,pass,pass
11546.0,high,mission_flight,36000.0,0.0,0.0,0.0,1062.378167,22.132878,36000.0,0.0,,pass,pass
11548.0,high,mission_flight,36000.0,0.0,0.0,0.0,1061.744833,22.119684,36000.0,0.0,,pass,pass
11550.0,high,mission_flight,36000.0,0.0,0.0,0.0,1061.1115,22.10649,36000.0,0.0,,pass,pass
11552.0,high,mission_flight,36000.0,0.0,0.0,0.0,1060.478167,22.093295,36000.0,0.0,,pass,pass
11554.0,high,mission_flight,36000.0,0.0,0.0,0.0,1059.844833,22.080101,36000.0,0.0,,pass,pass
11556.0,high,mission_flight,36000.0,0.0,0.0,0.0,1059.2115,22.066906,36000.0,0.0,,pass,pass
11558.0,high,mission_flight,36000.0,0.0,0.0,0.0,1058.578167,22.053712,36000.0,0.0,,pass,pass
11560.0,high,mission_flight,36000.0,0.0,0.0,0.0,1057.944833,22.040517,36000.0,0.0,,pass,pass
11562.0,high,mission_flight,36000.0,0.0,0.0,0.0,1057.3115,22.027323,36000.0,0.0,,pass,pass
11564.0,high,mission_flight,36000.0,0.0,0.0,0.0,1056.678167,22.014128,36000.0,0.0,,pass,pass
11566.0,high,mission_flight,36000.0,0.0,0.0,0.0,1056.044833,22.000934,36000.0,0.0,,pass,pass
11568.0,high,mission_flight,36000.0,0.0,0.0,0.0,1055.4115,21.98774,36000.0,0.0,,pass,pass
11570.0,high,mission_flight,36000.0,0.0,0.0,0.0,1054.778167,21.974545,36000.0,0.0,,pass,pass
11572.0,high,mission_flight,36000.0,0.0,0.0,0.0,1054.144833,21.961351,36000.0,0.0,,pass,pass
11574.0,high,mission_flight,36000.0,0.0,0.0,0.0,1053.5115,21.948156,36000.0,0.0,,pass,pass
11576.0,high,mission_flight,36000.0,0.0,0.0,0.0,1052.878167,21.934962,36000.0,0.0,,pass,pass
11578.0,high,mission_flight,36000.0,0.0,0.0,0.0,1052.244833,21.921767,36000.0,0.0,,pass,pass
11580.0,high,mission_flight,36000.0,0.0,0.0,0.0,1051.6115,21.908573,36000.0,0.0,,pass,pass
11582.0,high,mission_flight,36000.0,0.0,0.0,0.0,1050.978167,21.895378,36000.0,0.0,,pass,pass
11584.0,high,mission_flight,36000.0,0.0,0.0,0.0,1050.344833,21.882184,36000.0,0.0,,pass,pass
11586.0,high,mission_flight,36000.0,0.0,0.0,0.0,1049.7115,21.86899,36000.0,0.0,,pass,pass
11588.0,high,mission_flight,36000.0,0.0,0.0,0.0,1049.078167,21.855795,36000.0,0.0,,pass,pass
11590.0,high,mission_flight,36000.0,0.0,0.0,0.0,1048.444833,21.842601,36000.0,0.0,,pass,pass
11592.0,high,mission_flight,36000.0,0.0,0.0,0.0,1047.8115,21.829406,36000.0,0.0,,pass,pass
11594.0,high,mission_flight,36000.0,0.0,0.0,0.0,1047.178167,21.816212,36000.0,0.0,,pass,pass
11596.0,high,mission_flight,36000.0,0.0,0.0,0.0,1046.544833,21.803017,36000.0,0.0,,pass,pass
11598.0,high,mission_flight,36000.0,0.0,0.0,0.0,1045.9115,21.789823,36000.0,0.0,,pass,pass
11600.0,high,mission_flight,36000.0,0.0,0.0,0.0,1045.278167,21.776628,36000.0,0.0,,pass,pass
11602.0,high,mission_flight,36000.0,0.0,0.0,0.0,1044.644833,21.763434,36000.0,0.0,,pass,pass
11604.0,high,mission_flight,36000.0,0.0,0.0,0.0,1044.0115,21.75024,36000.0,0.0,,pass,pass
11606.0,high,mission_flight,36000.0,0.0,0.0,0.0,1043.378167,21.737045,36000.0,0.0,,pass,pass
11608.0,high,mission_flight,36000.0,0.0,0.0,0.0,1042.744833,21.723851,36000.0,0.0,,pass,pass
11610.0,high,mission_flight,36000.0,0.0,0.0,0.0,1042.1115,21.710656,36000.0,0.0,,pass,pass
11612.0,high,mission_flight,36000.0,0.0,0.0,0.0,1041.478167,21.697462,36000.0,0.0,,pass,pass
11614.0,high,mission_flight,36000.0,0.0,0.0,0.0,1040.844833,21.684267,36000.0,0.0,,pass,pass
11616.0,high,mission_flight,36000.0,0.0,0.0,0.0,1040.2115,21.671073,36000.0,0.0,,pass,pass
11618.0,high,mission_flight,36000.0,0.0,0.0,0.0,1039.578167,21.657878,36000.0,0.0,,pass,pass
11620.0,high,mission_flight,36000.0,0.0,0.0,0.0,1038.944833,21.644684,36000.0,0.0,,pass,pass
11622.0,high,mission_flight,36000.0,0.0,0.0,0.0,1038.3115,21.63149,36000.0,0.0,,pass,pass
11624.0,high,mission_flight,36000.0,0.0,0.0,0.0,1037.678167,21.618295,36000.0,0.0,,pass,pass
11626.0,high,mission_flight,36000.0,0.0,0.0,0.0,1037.044833,21.605101,36000.0,0.0,,pass,pass
11628.0,high,mission_flight,36000.0,0.0,0.0,0.0,1036.4115,21.591906,36000.0,0.0,,pass,pass
11630.0,high,mission_flight,36000.0,0.0,0.0,0.0,1035.778167,21.578712,36000.0,0.0,,pass,pass
11632.0,high,mission_flight,36000.0,0.0,0.0,0.0,1035.144833,21.565517,36000.0,0.0,,pass,pass
11634.0,high,mission_flight,36000.0,0.0,0.0,0.0,1034.5115,21.552323,36000.0,0.0,,pass,pass
11636.0,high,mission_flight,36000.0,0.0,0.0,0.0,1033.878167,21.539128,36000.0,0.0,,pass,pass
11638.0,high,mission_flight,36000.0,0.0,0.0,0.0,1033.244833,21.525934,36000.0,0.0,,pass,pass
11640.0,high,mission_flight,36000.0,0.0,0.0,0.0,1032.6115,21.51274,36000.0,0.0,,pass,pass
11642.0,high,mission_flight,36000.0,0.0,0.0,0.0,1031.978167,21.499545,36000.0,0.0,,pass,pass
11644.0,high,mission_flight,36000.0,0.0,0.0,0.0,1031.344833,21.486351,36000.0,0.0,,pass,pass
11646.0,high,mission_flight,36000.0,0.0,0.0,0.0,1030.7115,21.473156,36000.0,0.0,,pass,pass
11648.0,high,mission_flight,36000.0,0.0,0.0,0.0,1030.078167,21.459962,36000.0,0.0,,pass,pass
11650.0,high,mission_flight,36000.0,0.0,0.0,0.0,1029.444833,21.446767,36000.0,0.0,,pass,pass
11652.0,high,mission_flight,36000.0,0.0,0.0,0.0,1028.8115,21.433573,36000.0,0.0,,pass,pass
11654.0,high,mission_flight,36000.0,0.0,0.0,0.0,1028.178167,21.420378,36000.0,0.0,,pass,pass
11656.0,high,mission_flight,36000.0,0.0,0.0,0.0,1027.544833,21.407184,36000.0,0.0,,pass,pass
11658.0,high,mission_flight,36000.0,0.0,0.0,0.0,1026.9115,21.39399,36000.0,0.0,,pass,pass
11660.0,high,mission_flight,36000.0,0.0,0.0,0.0,1026.278167,21.380795,36000.0,0.0,,pass,pass
11662.0,high,mission_flight,36000.0,0.0,0.0,0.0,1025.644833,21.367601,36000.0,0.0,,pass,pass
11664.0,high,mission_flight,36000.0,0.0,0.0,0.0,1025.0115,21.354406,36000.0,0.0,,pass,pass
11666.0,high,mission_flight,36000.0,0.0,0.0,0.0,1024.378167,21.341212,36000.0,0.0,,pass,pass
11668.0,high,mission_flight,36000.0,0.0,0.0,0.0,1023.744833,21.328017,36000.0,0.0,,pass,pass
11670.0,high,mission_flight,36000.0,0.0,0.0,0.0,1023.1115,21.314823,36000.0,0.0,,pass,pass
11672.0,high,mission_flight,36000.0,0.0,0.0,0.0,1022.478167,21.301628,36000.0,0.0,,pass,pass
11674.0,high,mission_flight,36000.0,0.0,0.0,0.0,1021.844833,21.288434,36000.0,0.0,,pass,pass
11676.0,high,mission_flight,36000.0,0.0,0.0,0.0,1021.2115,21.27524,36000.0,0.0,,pass,pass
11678.0,high,mission_flight,36000.0,0.0,0.0,0.0,1020.578167,21.262045,36000.0,0.0,,pass,pass
11680.0,high,mission_flight,36000.0,0.0,0.0,0.0,1019.944833,21.248851,36000.0,0.0,,pass,pass
11682.0,high,mission_flight,36000.0,0.0,0.0,0.0,1019.3115,21.235656,36000.0,0.0,,pass,pass
11684.0,high,mission_flight,36000.0,0.0,0.0,0.0,1018.678167,21.222462,36000.0,0.0,,pass,pass
11686.0,high,mission_flight,36000.0,0.0,0.0,0.0,1018.044833,21.209267,36000.0,0.0,,pass,pass
11688.0,high,mission_flight,36000.0,0.0,0.0,0.0,1017.4115,21.196073,36000.0,0.0,,pass,pass
11690.0,high,mission_flight,36000.0,0.0,0.0,0.0,1016.778167,21.182878,36000.0,0.0,,pass,pass
11692.0,high,mission_flight,36000.0,0.0,0.0,0.0,1016.144833,21.169684,36000.0,0.0,,pass,pass
11694.0,high,mission_flight,36000.0,0.0,0.0,0.0,1015.5115,21.15649,36000.0,0.0,,pass,pass
11696.0,high,mission_flight,36000.0,0.0,0.0,0.0,1014.878167,21.143295,36000.0,0.0,,pass,pass
11698.0,high,mission_flight,36000.0,0.0,0.0,0.0,1014.244833,21.130101,36000.0,0.0,,pass,pass
11700.0,high,mission_flight,36000.0,0.0,0.0,0.0,1013.6115,21.116906,36000.0,0.0,,pass,pass
11702.0,high,mission_flight,36000.0,0.0,0.0,0.0,1012.978167,21.103712,36000.0,0.0,,pass,pass
11704.0,high,mission_flight,36000.0,0.0,0.0,0.0,1012.344833,21.090517,36000.0,0.0,,pass,pass
11706.0,high,mission_flight,36000.0,0.0,0.0,0.0,1011.7115,21.077323,36000.0,0.0,,pass,pass
11708.0,high,mission_flight,36000.0,0.0,0.0,0.0,1011.078167,21.064128,36000.0,0.0,,pass,pass
11710.0,high,mission_flight,36000.0,0.0,0.0,0.0,1010.444833,21.050934,36000.0,0.0,,pass,pass
11712.0,high,mission_flight,36000.0,0.0,0.0,0.0,1009.8115,21.03774,36000.0,0.0,,pass,pass
11714.0,high,mission_flight,36000.0,0.0,0.0,0.0,1009.178167,21.024545,36000.0,0.0,,pass,pass
11716.0,high,mission_flight,36000.0,0.0,0.0,0.0,1008.544833,21.011351,36000.0,0.0,,pass,pass
11718.0,high,mission_flight,36000.0,0.0,0.0,0.0,1007.9115,20.998156,36000.0,0.0,,pass,pass
11720.0,high,mission_flight,36000.0,0.0,0.0,0.0,1007.278167,20.984962,36000.0,0.0,,pass,pass
11722.0,high,mission_flight,36000.0,0.0,0.0,0.0,1006.644833,20.971767,36000.0,0.0,,pass,pass
11724.0,high,mission_flight,36000.0,0.0,0.0,0.0,1006.0115,20.958573,36000.0,0.0,,pass,pass
11726.0,high,mission_flight,36000.0,0.0,0.0,0.0,1005.378167,20.945378,36000.0,0.0,,pass,pass
11728.0,high,mission_flight,36000.0,0.0,0.0,0.0,1004.744833,20.932184,36000.0,0.0,,pass,pass
11730.0,high,mission_flight,36000.0,0.0,0.0,0.0,1004.1115,20.91899,36000.0,0.0,,pass,pass
11732.0,high,mission_flight,36000.0,0.0,0.0,0.0,1003.478167,20.905795,36000.0,0.0,,pass,pass
11734.0,high,mission_flight,36000.0,0.0,0.0,0.0,1002.844833,20.892601,36000.0,0.0,,pass,pass
11736.0,high,mission_flight,36000.0,0.0,0.0,0.0,1002.2115,20.879406,36000.0,0.0,,pass,pass
11738.0,high,mission_flight,36000.0,0.0,0.0,0.0,1001.578167,20.866212,36000.0,0.0,,pass,pass
11740.0,high,mission_flight,36000.0,0.0,0.0,0.0,1000.944833,20.853017,36000.0,0.0,,pass,pass
11742.0,high,mission_flight,36000.0,0.0,0.0,0.0,1000.3115,20.839823,36000.0,0.0,,pass,pass
11744.0,high,mission_flight,36000.0,0.0,0.0,0.0,999.678167,20.826628,36000.0,0.0,,pass,pass
11746.0,high,mission_flight,36000.0,0.0,0.0,0.0,999.044833,20.813434,36000.0,0.0,,pass,pass
11748.0,high,mission_flight,36000.0,0.0,0.0,0.0,998.4115,20.80024,36000.0,0.0,,pass,pass
11750.0,high,mission_flight,36000.0,0.0,0.0,0.0,997.778167,20.787045,36000.0,0.0,,pass,pass
11752.0,high,mission_flight,36000.0,0.0,0.0,0.0,997.144833,20.773851,36000.0,0.0,,pass,pass
11754.0,high,mission_flight,36000.0,0.0,0.0,0.0,996.5115,20.760656,36000.0,0.0,,pass,pass
11756.0,high,mission_flight,36000.0,0.0,0.0,0.0,995.878167,20.747462,36000.0,0.0,,pass,pass
11758.0,high,mission_flight,36000.0,0.0,0.0,0.0,995.244833,20.734267,36000.0,0.0,,pass,pass
11760.0,high,mission_flight,36000.0,0.0,0.0,0.0,994.6115,20.721073,36000.0,0.0,,pass,pass
11762.0,high,mission_flight,36000.0,0.0,0.0,0.0,993.978167,20.707878,36000.0,0.0,,pass,pass
11764.0,high,mission_flight,36000.0,0.0,0.0,0.0,993.344833,20.694684,36000.0,0.0,,pass,pass
11766.0,high,mission_flight,36000.0,0.0,0.0,0.0,992.7115,20.68149,36000.0,0.0,,pass,pass
11768.0,high,mission_flight,36000.0,0.0,0.0,0.0,992.078167,20.668295,36000.0,0.0,,pass,pass
11770.0,high,mission_flight,36000.0,0.0,0.0,0.0,991.444833,20.655101,36000.0,0.0,,pass,pass
11772.0,high,mission_flight,36000.0,0.0,0.0,0.0,990.8115,20.641906,36000.0,0.0,,pass,pass
11774.0,high,mission_flight,36000.0,0.0,0.0,0.0,990.178167,20.628712,36000.0,0.0,,pass,pass
11776.0,high,mission_flight,36000.0,0.0,0.0,0.0,989.544833,20.615517,36000.0,0.0,,pass,pass
11778.0,high,mission_flight,36000.0,0.0,0.0,0.0,988.9115,20.602323,36000.0,0.0,,pass,pass
11780.0,high,mission_flight,36000.0,0.0,0.0,0.0,988.278167,20.589128,36000.0,0.0,,pass,pass
11782.0,high,mission_flight,36000.0,0.0,0.0,0.0,987.644833,20.575934,36000.0,0.0,,pass,pass
11784.0,high,mission_flight,36000.0,0.0,0.0,0.0,987.0115,20.56274,36000.0,0.0,,pass,pass
11786.0,high,mission_flight,36000.0,0.0,0.0,0.0,986.378167,20.549545,36000.0,0.0,,pass,pass
11788.0,high,mission_flight,36000.0,0.0,0.0,0.0,985.744833,20.536351,36000.0,0.0,,pass,pass
11790.0,high,mission_flight,36000.0,0.0,0.0,0.0,985.1115,20.523156,36000.0,0.0,,pass,pass
11792.0,high,mission_flight,36000.0,0.0,0.0,0.0,984.478167,20.509962,36000.0,0.0,,pass,pass
11794.0,high,mission_flight,36000.0,0.0,0.0,0.0,983.844833,20.496767,36000.0,0.0,,pass,pass
11796.0,high,mission_flight,36000.0,0.0,0.0,0.0,983.2115,20.483573,36000.0,0.0,,pass,pass
11798.0,high,mission_flight,36000.0,0.0,0.0,0.0,982.578167,20.470378,36000.0,0.0,,pass,pass
11800.0,high,mission_flight,36000.0,0.0,0.0,0.0,981.944833,20.457184,36000.0,0.0,,pass,pass
11802.0,high,mission_flight,36000.0,0.0,0.0,0.0,981.3115,20.44399,36000.0,0.0,,pass,pass
11804.0,high,mission_flight,36000.0,0.0,0.0,0.0,980.678167,20.430795,36000.0,0.0,,pass,pass
11806.0,high,mission_flight,36000.0,0.0,0.0,0.0,980.044833,20.417601,36000.0,0.0,,pass,pass
11808.0,high,mission_flight,36000.0,0.0,0.0,0.0,979.4115,20.404406,36000.0,0.0,,pass,pass
11810.0,high,mission_flight,36000.0,0.0,0.0,0.0,978.778167,20.391212,36000.0,0.0,,pass,pass
11812.0,high,mission_flight,36000.0,0.0,0.0,0.0,978.144833,20.378017,36000.0,0.0,,pass,pass
11814.0,high,mission_flight,36000.0,0.0,0.0,0.0,977.5115,20.364823,36000.0,0.0,,pass,pass
11816.0,high,mission_flight,36000.0,0.0,0.0,0.0,976.878167,20.351628,36000.0,0.0,,pass,pass
11818.0,high,mission_flight,36000.0,0.0,0.0,0.0,976.244833,20.338434,36000.0,0.0,,pass,pass
11820.0,high,mission_flight,36000.0,0.0,0.0,0.0,975.6115,20.32524,36000.0,0.0,,pass,pass
11822.0,high,mission_flight,36000.0,0.0,0.0,0.0,974.978167,20.312045,36000.0,0.0,,pass,pass
11824.0,high,mission_flight,36000.0,0.0,0.0,0.0,974.344833,20.298851,36000.0,0.0,,pass,pass
11826.0,high,mission_flight,36000.0,0.0,0.0,0.0,973.7115,20.285656,36000.0,0.0,,pass,pass
11828.0,high,mission_flight,36000.0,0.0,0.0,0.0,973.078167,20.272462,36000.0,0.0,,pass,pass
11830.0,high,mission_flight,36000.0,0.0,0.0,0.0,972.444833,20.259267,36000.0,0.0,,pass,pass
11832.0,high,mission_flight,36000.0,0.0,0.0,0.0,971.8115,20.246073,36000.0,0.0,,pass,pass
11834.0,high,mission_flight,36000.0,0.0,0.0,0.0,971.178167,20.232878,36000.0,0.0,,pass,pass
11836.0,high,mission_flight,36000.0,0.0,0.0,0.0,970.544833,20.219684,36000.0,0.0,,pass,pass
11838.0,high,mission_flight,36000.0,0.0,0.0,0.0,969.9115,20.20649,36000.0,0.0,,pass,pass
11840.0,high,mission_flight,36000.0,0.0,0.0,0.0,969.278167,20.193295,36000.0,0.0,,pass,pass
11842.0,high,mission_flight,36000.0,0.0,0.0,0.0,968.644833,20.180101,36000.0,0.0,,pass,pass
11844.0,high,mission_flight,36000.0,0.0,0.0,0.0,968.0115,20.166906,36000.0,0.0,,pass,pass
11846.0,high,mission_flight,36000.0,0.0,0.0,0.0,967.378167,20.153712,36000.0,0.0,,pass,pass
11848.0,high,mission_flight,36000.0,0.0,0.0,0.0,966.744833,20.140517,36000.0,0.0,,pass,pass
11850.0,high,mission_flight,36000.0,0.0,0.0,0.0,966.1115,20.127323,36000.0,0.0,,pass,pass
11852.0,high,mission_flight,36000.0,0.0,0.0,0.0,965.478167,20.114128,36000.0,0.0,,pass,pass
11854.0,high,mission_flight,36000.0,0.0,0.0,0.0,964.844833,20.100934,36000.0,0.0,,pass,pass
11856.0,high,mission_flight,36000.0,0.0,0.0,0.0,964.2115,20.08774,36000.0,0.0,,pass,pass
11858.0,high,mission_flight,36000.0,0.0,0.0,0.0,963.578167,20.074545,36000.0,0.0,,pass,pass
11860.0,high,mission_flight,36000.0,0.0,0.0,0.0,962.944833,20.061351,36000.0,0.0,,pass,pass
11862.0,high,mission_flight,36000.0,0.0,0.0,0.0,962.3115,20.048156,36000.0,0.0,,pass,pass
11864.0,high,mission_flight,36000.0,0.0,0.0,0.0,961.678167,20.034962,36000.0,0.0,,pass,pass
11866.0,high,mission_flight,36000.0,0.0,0.0,0.0,961.044833,20.021767,36000.0,0.0,,pass,pass
11868.0,high,mission_flight,36000.0,0.0,0.0,0.0,960.4115,20.008573,36000.0,0.0,,pass,pass
11870.0,high,return_to_base,36000.0,0.0,0.0,25.0,959.778167,19.995378,36000.0,0.0,return_to_base_invoked,pass,pass
11872.0,high,return_to_base,35988.0,1.0,6.020797,25.0,959.142167,19.982128,35988.000014,12.041595,,pass,pass
11874.0,high,return_to_base,35968.0,1.999735,10.012486,25.0,958.498167,19.968712,35968.000056,32.062423,,pass,pass
11876.0,high,return_to_base,35940.0,2.998879,14.00891,25.0,957.840833,19.955017,35940.000125,60.074897,,pass,pass
11878.0,high,return_to_base,35904.0,3.997002,18.006917,25.0,957.164833,19.940934,35904.000223,96.083172,,pass,pass
11880.0,high,return_to_base,35860.0,4.993486,22.005641,25.0,956.464833,19.926351,35860.000348,140.089025,,pass,pass
11882.0,high,return_to_base,35810.009128,5.948818,25.0,25.0,955.7355,19.911156,35810.009622,190.083981,,pass,pass
11884.0,high,return_to_base,35760.017557,6.866898,25.0,25.0,954.998,19.895792,35760.018217,240.080668,,pass,pass
11886.0,high,return_to_base,35710.025965,7.78378,25.0,25.0,954.2605,19.880427,35710.026813,290.078487,,pass,pass
11888.0,high,return_to_base,35660.03435,8.699461,25.0,25.0,953.523,19.865063,35660.035411,340.076938,,pass,pass
11890.0,high,return_to_base,35610.042713,9.61394,25.0,25.0,952.7855,19.849698,35610.044011,390.075779,,pass,pass
11892.0,high,return_to_base,35560.051055,10.527214,25.0,25.0,952.048,19.834333,35560.052613,440.074876,,pass,pass
11894.0,high,return_to_base,35510.059374,11.439283,25.0,25.0,951.3105,19.818969,35510.061217,490.074151,,pass,pass
11896.0,high,return_to_base,35460.067672,12.350144,25.0,25.0,950.573,19.803604,35460.069822,540.073555,,pass,pass
11898.0,high,return_to_base,35410.075947,13.259795,25.0,25.0,949.8355,19.78824,35410.07843,590.073055,,pass,pass
11900.0,high,return_to_base,35360.0842,14.168234,25.0,25.0,949.098,19.772875,35360.087039,640.072628,,pass,pass
11902.0,high,return_to_base,35310.092432,15.075461,25.0,25.0,948.3605,19.75751,35310.09565,690.072259,,pass,pass
11904.0,high,return_to_base,35260.100641,15.981472,25.0,25.0,947.623,19.742146,35260.104263,740.071935,,pass,pass
11906.0,high,return_to_base,35210.108828,16.886266,25.0,25.0,946.8855,19.726781,35210.112877,790.071648,,pass,pass
11908.0,high,return_to_base,35160.116993,17.789842,25.0,25.0,946.148,19.711417,35160.121494,840.071392,,pass,pass
11910.0,high,return_to_base,35110.125136,18.692196,25.0,25.0,945.4105,19.696052,35110.130112,890.071161,,pass,pass
11912.0,high,return_to_base,35060.133257,19.593329,25.0,25.0,944.673,19.680688,35060.138732,940.070951,,pass,pass
11914.0,high,return_to_base,35010.141356,20.493236,25.0,25.0,943.9355,19.665323,35010.147354,990.070759,,pass,pass
11916.0,high,return_to_base,34960.149433,21.391917,25.0,25.0,943.198,19.649958,34960.155978,1040.070582,,pass,pass
11918.0,high,return_to_base,34910.157488,22.28937,25.0,25.0,942.4605,19.634594,34910.164604,1090.070418,,pass,pass
11920.0,high,return_to_base,34860.165521,23.185593,25.0,25.0,941.723,19.619229,34860.173231,1140.070266,,pass,pass
11922.0,high,return_to_base,34810.173532,24.080584,25.0,25.0,940.9855,19.603865,34810.181861,1190.070124,,pass,pass
11924.0,high,return_to_base,34760.18152,24.974341,25.0,25.0,940.248,19.5885,34760.190492,1240.06999,,pass,pass
11926.0,high,return_to_base,34710.189487,25.866862,25.0,25.0,939.5105,19.573135,34710.199125,1290.069864,,pass,pass
11928.0,high,return_to_base,34660.197431,26.758146,25.0,25.0,938.773,19.557771,34660.20776,1340.069745,,pass,pass
11930.0,high,return_to_base,34610.205354,27.64819,25.0,25.0,938.0355,19.542406,34610.216397,1390.069632,,pass,pass
11932.0,high,return_to_base,34560.213254,28.536992,25.0,25.0,937.298,19.527042,34560.225036,1440.069524,,pass,pass
11934.0,high,return_to_base,34510.221132,29.42455,25.0,25.0,936.5605,19.511677,34510.233676,1490.069421,,pass,pass
11936.0,high,return_to_base,34460.228988,30.310864,25.0,25.0,935.823,19.496313,34460.242319,1540.069322,,pass,pass
11938.0,high,return_to_base,34410.236822,31.19593,25.0,25.0,935.0855,19.480948,34410.250963,1590.069227,,pass,pass
11940.0,high,return_to_base,34360.244634,32.079746,25.0,25.0,934.348,19.465583,34360.25961,1640.069135,,pass,pass
11942.0,high,return_to_base,34310.252424,32.962311,25.0,25.0,933.6105,19.450219,34310.268258,1690.069047,,pass,pass
11944.0,high,return_to_base,34260.260192,33.843623,25.0,25.0,932.873,19.434854,34260.276908,1740.068961,,pass,pass
11946.0,high,return_to_base,34210.267938,34.72368,25.0,25.0,932.1355,19.41949,34210.28556,1790.068878,,pass,pass
11948.0,high,return_to_base,34160.275661,35.602479,25.0,25.0,931.398,19.404125,34160.294214,1840.068798,,pass,pass
11950.0,high,return_to_base,34110.283362,36.48002,25.0,25.0,930.6605,19.38876,34110.30287,1890.068719,,pass,pass
11952.0,high,return_to_base,34060.291042,37.356299,25.0,25.0,929.923,19.373396,34060.311527,1940.068642,,pass,pass
11954.0,high,return_to_base,34010.298699,38.231315,25.0,25.0,929.1855,19.358031,34010.320187,1990.068567,,pass,pass
11956.0,high,return_to_base,33960.306334,39.105066,25.0,25.0,928.448,19.342667,33960.328848,2040.068494,,pass,pass
11958.0,high,return_to_base,33910.313947,39.97755,25.0,25.0,927.7105,19.327302,33910.337512,2090.068421,,pass,pass
11960.0,high,return_to_base,33860.321537,40.848764,25.0,25.0,926.973,19.311938,33860.346177,2140.068351,,pass,pass
11962.0,high,return_to_base,33810.329106,41.718708,25.0,25.0,926.2355,19.296573,33810.354844,2190.068281,,pass,pass
11964.0,high,return_to_base,33760.336652,42.587378,25.0,25.0,925.498,19.281208,33760.363513,2240.068212,,pass,pass
11966.0,high,return_to_base,33710.344177,43.454773,25.0,25.0,924.7605,19.265844,33710.372185,2290.068145,,pass,pass
11968.0,high,return_to_base,33660.351679,44.320891,25.0,25.0,924.023,19.250479,33660.380858,2340.068078,,pass,pass
11970.0,high,return_to_base,33610.359159,45.185729,25.0,25.0,923.2855,19.235115,33610.389533,2390.068012,,pass,pass
11972.0,high,return_to_base,33560.366617,46.049286,25.0,25.0,922.548,19.21975,33560.39821,2440.067946,,pass,pass
11974.0,high,return_to_base,33510.374052,46.91156,25.0,25.0,921.8105,19.204385,33510.406888,2490.067881,,pass,pass
11976.0,high,return_to_base,33460.381466,47.772549,25.0,25.0,921.073,19.189021,33460.415569,2540.067817,,pass,pass
11978.0,high,return_to_base,33410.388857,48.632249,25.0,25.0,920.3355,19.173656,33410.424252,2590.067753,,pass,pass
11980.0,high,return_to_base,33360.396227,49.490661,25.0,25.0,919.598,19.158292,33360.432937,2640.06769,,pass,pass
11982.0,high,return_to_base,33310.403574,50.34778,25.0,25.0,918.8605,19.142927,33310.441623,2690.067627,,pass,pass
11984.0,high,return_to_base,33260.410899,51.203606,25.0,25.0,918.123,19.127563,33260.450312,2740.067564,,pass,pass
11986.0,high,return_to_base,33210.418201,52.058136,25.0,25.0,917.3855,19.112198,33210.459003,2790.067501,,pass,pass
11988.0,high,return_to_base,33160.425482,52.911369,25.0,25.0,916.648,19.096833,33160.467695,2840.067439,,pass,pass
11990.0,high,return_to_base,33110.43274,53.763301,25.0,25.0,915.9105,19.081469,33110.47639,2890.067376,,pass,pass
11992.0,high,return_to_base,33060.439977,54.613931,25.0,25.0,915.173,19.066104,33060.485086,2940.067314,,pass,pass
11994.0,high,return_to_base,33010.447191,55.463256,25.0,25.0,914.4355,19.05074,33010.493785,2990.067252,,pass,pass
11996.0,high,return_to_base,32960.454383,56.311276,25.0,25.0,913.698,19.035375,32960.502485,3040.06719,,pass,pass
11998.0,high,return_to_base,32910.461552,57.157987,25.0,25.0,912.9605,19.02001,32910.511187,3090.067128,,pass,pass
12000.0,high,return_to_base,32860.4687,58.003387,25.0,25.0,912.223,19.004646,32860.519892,3140.067066,,pass,pass
12002.0,high,return_to_base,32810.475825,58.847474,25.0,25.0,911.4855,18.989281,32810.528598,3190.067004,,pass,pass
12004.0,high,return_to_base,32760.482928,59.690247,25.0,25.0,910.748,18.973917,32760.537307,3240.066941,,pass,pass
12006.0,high,return_to_base,32710.490009,60.531702,25.0,25.0,910.0105,18.958552,32710.546017,3290.066879,,pass,pass
12008.0,high,return_to_base,32660.497068,61.371838,25.0,25.0,909.273,18.943188,32660.554729,3340.066816,,pass,pass
12010.0,high,return_to_base,32610.504105,62.210653,25.0,25.0,908.5355,18.927823,32610.563444,3390.066753,,pass,pass
12012.0,high,return_to_base,32560.511119,63.048144,25.0,25.0,907.798,18.912458,32560.57216,3440.06669,,pass,pass
12014.0,high,return_to_base,32510.518111,63.88431,25.0,25.0,907.0605,18.897094,32510.580879,3490.066626,,pass,pass
12016.0,high,return_to_base,32460.525081,64.719147,25.0,25.0,906.323,18.881729,32460.589599,3540.066563,,pass,pass
12018.0,high,return_to_base,32410.532029,65.552654,25.0,25.0,905.5855,18.866365,32410.598322,3590.066499,,pass,pass
12020.0,high,return_to_base,32360.538955,66.384829,25.0,25.0,904.848,18.851,32360.607046,3640.066434,,pass,pass
12022.0,high,return_to_base,32310.545858,67.215669,25.0,25.0,904.1105,18.835635,32310.615772,3690.066369,,pass,pass
12024.0,high,return_to_base,32260.552739,68.045172,25.0,25.0,903.373,18.820271,32260.624501,3740.066304,,pass,pass
12026.0,high,return_to_base,32210.559598,68.873337,25.0,25.0,902.6355,18.804906,32210.633232,3790.066239,,pass,pass
12028.0,high,return_to_base,32160.566435,69.70016,25.0,25.0,901.898,18.789542,32160.641964,3840.066173,,pass,pass
12030.0,high,return_to_base,32110.57325,70.525639,25.0,25.0,901.1605,18.774177,32110.650699,3890.066106,,pass,pass
12032.0,high,return_to_base,32060.580042,71.349773,25.0,25.0,900.423,18.758813,32060.659435,3940.066039,,pass,pass
12034.0,high,return_to_base,32010.586813,72.172559,25.0,25.0,899.6855,18.743448,32010.668174,3990.065972,,pass,pass
12036.0,high,return_to_base,31960.593561,72.993994,25.0,25.0,898.948,18.728083,31960.676915,4040.065904,,pass,pass
12038.0,high,return_to_base,31910.600286,73.814077,25.0,25.0,898.2105,18.712719,31910.685658,4090.065835,,pass,pass
12040.0,high,return_to_base,31860.60699,74.632805,25.0,25.0,897.473,18.697354,31860.694403,4140.065766,,pass,pass
12042.0,high,return_to_base,31810.613671,75.450176,25.0,25.0,896.7355,18.68199,31810.70315,4190.065696,,pass,pass
12044.0,high,return_to_base,31760.620331,76.266188,25.0,25.0,895.998,18.666625,31760.711899,4240.065626,,pass,pass
12046.0,high,return_to_base,31710.626968,77.080838,25.0,25.0,895.2605,18.65126,31710.72065,4290.065555,,pass,pass
12048.0,high,return_to_base,31660.633582,77.894123,25.0,25.0,894.523,18.635896,31660.729403,4340.065484,,pass,pass
12050.0,high,return_to_base,31610.640175,78.706043,25.0,25.0,893.7855,18.620531,31610.738158,4390.065411,,pass,pass
12052.0,high,return_to_base,31560.646745,79.516594,25.0,25.0,893.048,18.605167,31560.746916,4440.065338,,pass,pass
12054.0,high,return_to_base,31510.653293,80.325774,25.0,25.0,892.3105,18.589802,31510.755675,4490.065265,,pass,pass
12056.0,high,return_to_base,31460.659819,81.13358,25.0,25.0,891.573,18.574438,31460.764436,4540.06519,,pass,pass
12058.0,high,return_to_base,31410.666323,81.940011,25.0,25.0,890.8355,18.559073,31410.7732,4590.065115,,pass,pass
12060.0,high,return_to_base,31360.672805,82.745064,25.0,25.0,890.098,18.543708,31360.781966,4640.06504,,pass,pass
12062.0,high,return_to_base,31310.679264,83.548736,25.0,25.0,889.3605,18.528344,31310.790733,4690.064963,,pass,pass
12064.0,high,return_to_base,31260.685701,84.351026,25.0,25.0,888.623,18.512979,31260.799503,4740.064886,,pass,pass
12066.0,high,return_to_base,31210.692116,85.15193,25.0,25.0,887.8855,18.497615,31210.808275,4790.064808,,pass,pass
12068.0,high,return_to_base,31160.698509,85.951448,25.0,25.0,887.148,18.48225,31160.817049,4840.064729,,pass,pass
12070.0,high,return_to_base,31110.704879,86.749575,25.0,25.0,886.4105,18.466885,31110.825826,4890.064649,,pass,pass
12072.0,high,return_to_base,31060.711227,87.546309,25.0,25.0,885.673,18.451521,31060.834604,4940.064568,,pass,pass
12074.0,high,return_to_base,31010.717553,88.34165,25.0,25.0,884.9355,18.436156,31010.843385,4990.064487,,pass,pass
12076.0,high,return_to_base,30960.723857,89.135592,25.0,25.0,884.198,18.420792,30960.852167,5040.064404,,pass,pass
12078.0,high,return_to_base,30910.730139,89.928136,25.0,25.0,883.4605,18.405427,30910.860952,5090.064321,,pass,pass
12080.0,high,return_to_base,30860.736398,90.719277,25.0,25.0,882.723,18.390063,30860.869739,5140.064236,,pass,pass
12082.0,high,return_to_base,30810.742636,91.509014,25.0,25.0,881.9855,18.374698,30810.878528,5190.064151,,pass,pass
12084.0,high,return_to_base,30760.748851,92.297344,25.0,25.0,881.248,18.359333,30760.887319,5240.064065,,pass,pass
12086.0,high,return_to_base,30710.755043,93.084265,25.0,25.0,880.5105,18.343969,30710.896112,5290.063978,,pass,pass
12088.0,high,return_to_base,30660.761214,93.869774,25.0,25.0,879.773,18.328604,30660.904908,5340.06389,,pass,pass
12090.0,high,return_to_base,30610.767362,94.653869,25.0,25.0,879.0355,18.31324,30610.913705,5390.063801,,pass,pass
12092.0,high,return_to_base,30560.773489,95.436547,25.0,25.0,878.298,18.297875,30560.922505,5440.063711,,pass,pass
12094.0,high,return_to_base,30510.779593,96.217805,25.0,25.0,877.5605,18.28251,30510.931307,5490.06362,,pass,pass
12096.0,high,return_to_base,30460.785674,96.997642,25.0,25.0,876.823,18.267146,30460.940111,5540.063527,,pass,pass
12098.0,high,return_to_base,30410.791734,97.776055,25.0,25.0,876.0855,18.251781,30410.948917,5590.063434,,pass,pass
12100.0,high,return_to_base,30360.797772,98.553041,25.0,25.0,875.348,18.236417,30360.957726,5640.06334,,pass,pass
12102.0,high,return_to_base,30310.803787,99.328597,25.0,25.0,874.6105,18.221052,30310.966536,5690.063244,,pass,pass
12104.0,high,return_to_base,30260.80978,100.102722,25.0,25.0,873.873,18.205688,30260.975349,5740.063148,,pass,pass
12106.0,high,return_to_base,30210.815751,100.875412,25.0,25.0,873.1355,18.190323,30210.984164,5790.06305,,pass,pass
12108.0,high,return_to_base,30160.821699,101.646665,25.0,25.0,872.398,18.174958,30160.992981,5840.062951,,pass,pass
12110.0,high,return_to_base,30110.827626,102.416479,25.0,25.0,871.6605,18.159594,30111.001801,5890.062851,,pass,pass
12112.0,high,return_to_base,30060.83353,103.184851,25.0,25.0,870.923,18.144229,30061.010622,5940.06275,,pass,pass
12114.0,high,return_to_base,30010.839412,103.951778,25.0,25.0,870.1855,18.128865,30011.019446,5990.062647,,pass,pass
12116.0,high,return_to_base,29960.845272,104.717258,25.0,25.0,869.448,18.1135,29961.028272,6040.062544,,pass,pass
12118.0,high,return_to_base,29910.85111,105.481288,25.0,25.0,868.7105,18.098135,29911.0371,6090.062439,,pass,pass
12120.0,high,return_to_base,29860.856926,106.243866,25.0,25.0,867.973,18.082771,29861.045931,6140.062333,,pass,pass
12122.0,high,return_to_base,29810.862719,107.004989,25.0,25.0,867.2355,18.067406,29811.054764,6190.062225,,pass,pass
12124.0,high,return_to_base,29760.86849,107.764654,25.0,25.0,866.498,18.052042,29761.063598,6240.062116,,pass,pass
12126.0,high,return_to_base,29710.874239,108.522858,25.0,25.0,865.7605,18.036677,29711.072436,6290.062006,,pass,pass
12128.0,high,return_to_base,29660.879966,109.2796,25.0,25.0,865.023,18.021313,29661.081275,6340.061895,,pass,pass
12130.0,high,return_to_base,29610.885671,110.034876,25.0,25.0,864.2855,18.005948,29611.090117,6390.061782,,pass,pass
12132.0,high,return_to_base,29560.891354,110.788684,25.0,25.0,863.548,17.990583,29561.09896,6440.061668,,pass,pass
12134.0,high,return_to_base,29510.897014,111.541021,25.0,25.0,862.8105,17.975219,29511.107807,6490.061553,,pass,pass
12136.0,high,return_to_base,29460.902652,112.291885,25.0,25.0,862.073,17.959854,29461.116655,6540.061436,,pass,pass
12138.0,high,return_to_base,29410.908268,113.041272,25.0,25.0,861.3355,17.94449,29411.125505,6590.061318,,pass,pass
12140.0,high,return_to_base,29360.913862,113.78918,25.0,25.0,860.598,17.929125,29361.134358,6640.061199,,pass,pass
12142.0,high,return_to_base,29310.919434,114.535606,25.0,25.0,859.8605,17.91376,29311.143213,6690.061078,,pass,pass
12144.0,high,return_to_base,29260.924984,115.280548,25.0,25.0,859.123,17.898396,29261.152071,6740.060955,,pass,pass
12146.0,high,return_to_base,29210.930511,116.024003,25.0,25.0,858.3855,17.883031,29211.160931,6790.060831,,pass,pass
12148.0,high,return_to_base,29160.936017,116.765968,25.0,25.0,857.648,17.867667,29161.169793,6840.060706,,pass,pass
12150.0,high,return_to_base,29110.9415,117.506441,25.0,25.0,856.9105,17.852302,29111.178657,6890.060579,,pass,pass
12152.0,high,return_to_base,29060.946961,118.245418,25.0,25.0,856.173,17.836938,29061.187523,6940.06045,,pass,pass
12154.0,high,return_to_base,29010.9524,118.982897,25.0,25.0,855.4355,17.821573,29011.196392,6990.06032,,pass,pass
12156.0,high,return_to_base,28960.957817,119.718875,25.0,25.0,854.698,17.806208,28961.205263,7040.060189,,pass,pass
12158.0,high,return_to_base,28910.963212,120.453349,25.0,25.0,853.9605,17.790844,28911.214137,7090.060055,,pass,pass
12160.0,high,return_to_base,28860.968585,121.186317,25.0,25.0,853.223,17.775479,28861.223013,7140.059921,,pass,pass
12162.0,high,return_to_base,28810.973935,121.917776,25.0,25.0,852.4855,17.760115,28811.231891,7190.059784,,pass,pass
12164.0,high,return_to_base,28760.979264,122.647722,25.0,25.0,851.748,17.74475,28761.240771,7240.059646,,pass,pass
12166.0,high,return_to_base,28710.98457,123.376154,25.0,25.0,851.0105,17.729385,28711.249654,7290.059507,,pass,pass
12168.0,high,return_to_base,28660.989855,124.103068,25.0,25.0,850.273,17.714021,28661.258539,7340.059365,,pass,pass
12170.0,high,return_to_base,28610.995117,124.828461,25.0,25.0,849.5355,17.698656,28611.267426,7390.059222,,pass,pass
12172.0,high,return_to_base,28561.000357,125.552331,25.0,25.0,848.798,17.683292,28561.276316,7440.059077,,pass,pass
12174.0,high,return_to_base,28511.005575,126.274674,25.0,25.0,848.0605,17.667927,28511.285208,7490.058931,,pass,pass
12176.0,high,return_to_base,28461.010771,126.995488,25.0,25.0,847.323,17.652563,28461.294102,7540.058783,,pass,pass
12178.0,high,return_to_base,28411.015945,127.71477,25.0,25.0,846.5855,17.637198,28411.302999,7590.058633,,pass,pass
12180.0,high,return_to_base,28361.021097,128.432518,25.0,25.0,845.848,17.621833,28361.311898,7640.058481,,pass,pass
12182.0,high,return_to_base,28311.026227,129.148727,25.0,25.0,845.1105,17.606469,28311.320799,7690.058327,,pass,pass
12184.0,high,return_to_base,28261.031335,129.863395,25.0,25.0,844.373,17.591104,28261.329703,7740.058172,,pass,pass
12186.0,high,return_to_base,28211.03642,130.57652,25.0,25.0,843.6355,17.57574,28211.338609,7790.058015,,pass,pass
12188.0,high,return_to_base,28161.041484,131.288098,25.0,25.0,842.898,17.560375,28161.347518,7840.057856,,pass,pass
12190.0,high,return_to_base,28111.046526,131.998126,25.0,25.0,842.1605,17.54501,28111.356429,7890.057695,,pass,pass
12192.0,high,return_to_base,28061.051545,132.706602,25.0,25.0,841.423,17.529646,28061.365342,7940.057532,,pass,pass
12194.0,high,return_to_base,28011.056543,133.413522,25.0,25.0,840.6855,17.514281,28011.374258,7990.057367,,pass,pass
12196.0,high,return_to_base,27961.061518,134.118883,25.0,25.0,839.948,17.498917,27961.383176,8040.0572,,pass,pass
12198.0,high,return_to_base,27911.066472,134.822684,25.0,25.0,839.2105,17.483552,27911.392096,8090.057032,,pass,pass
12200.0,high,return_to_base,27861.071404,135.524919,25.0,25.0,838.473,17.468188,27861.401019,8140.056861,,pass,pass
12202.0,high,return_to_base,27811.076313,136.225587,25.0,25.0,837.7355,17.452823,27811.409945,8190.056688,,pass,pass
12204.0,high,return_to_base,27761.081201,136.924684,25.0,25.0,836.998,17.437458,27761.418872,8240.056514,,pass,pass
12206.0,high,return_to_base,27711.086066,137.622208,25.0,25.0,836.2605,17.422094,27711.427802,8290.056337,,pass,pass
12208.0,high,return_to_base,27661.09091,138.318155,25.0,25.0,835.523,17.406729,27661.436735,8340.056158,,pass,pass
12210.0,high,return_to_base,27611.095732,139.012522,25.0,25.0,834.7855,17.391365,27611.44567,8390.055977,,pass,pass
12212.0,high,return_to_base,27561.100532,139.705306,25.0,25.0,834.048,17.376,27561.454607,8440.055794,,pass,pass
12214.0,high,return_to_base,27511.105309,140.396504,25.0,25.0,833.3105,17.360635,27511.463547,8490.055609,,pass,pass
12216.0,high,return_to_base,27461.110065,141.086114,25.0,25.0,832.573,17.345271,27461.47249,8540.055422,,pass,pass
12218.0,high,return_to_base,27411.114799,141.774131,25.0,25.0,831.8355,17.329906,27411.481434,8590.055233,,pass,pass
12220.0,high,return_to_base,27361.119511,142.460553,25.0,25.0,831.098,17.314542,27361.490382,8640.055041,,pass,pass
12222.0,high,return_to_base,27311.124201,143.145377,25.0,25.0,830.3605,17.299177,27311.499331,8690.054847,,pass,pass
12224.0,high,return_to_base,27261.128869,143.828599,25.0,25.0,829.623,17.283813,27261.508283,8740.054651,,pass,pass
12226.0,high,return_to_base,27211.133515,144.510216,25.0,25.0,828.8855,17.268448,27211.517238,8790.054453,,pass,pass
12228.0,high,return_to_base,27161.13814,145.190226,25.0,25.0,828.148,17.253083,27161.526195,8840.054252,,pass,pass
12230.0,high,return_to_base,27111.142742,145.868624,25.0,25.0,827.4105,17.237719,27111.535155,8890.05405,,pass,pass
12232.0,high,return_to_base,27061.147323,146.545409,25.0,25.0,826.673,17.222354,27061.544117,8940.053844,,pass,pass
12234.0,high,return_to_base,27011.151882,147.220575,25.0,25.0,825.9355,17.20699,27011.553081,8990.053637,,pass,pass
12236.0,high,return_to_base,26961.156418,147.894122,25.0,25.0,825.198,17.191625,26961.562048,9040.053427,,pass,pass
12238.0,high,return_to_base,26911.160933,148.566044,25.0,25.0,824.4605,17.17626,26911.571018,9090.053215,,pass,pass
12240.0,high,return_to_base,26861.165427,149.236339,25.0,25.0,823.723,17.160896,26861.57999,9140.053,,pass,pass
12242.0,high,return_to_base,26811.169898,149.905004,25.0,25.0,822.9855,17.145531,26811.588965,9190.052783,,pass,pass
12244.0,high,return_to_base,26761.174347,150.572035,25.0,25.0,822.248,17.130167,26761.597942,9240.052564,,pass,pass
12246.0,high,return_to_base,26711.178775,151.237429,25.0,25.0,821.5105,17.114802,26711.606921,9290.052342,,pass,pass
12248.0,high,return_to_base,26661.183181,151.901184,25.0,25.0,820.773,17.099438,26661.615903,9340.052117,,pass,pass
12250.0,high,return_to_base,26611.187565,152.563294,25.0,25.0,820.0355,17.084073,26611.624888,9390.05189,,pass,pass
12252.0,high,return_to_base,26561.191927,153.223758,25.0,25.0,819.298,17.068708,26561.633875,9440.05166,,pass,pass
12254.0,high,return_to_base,26511.196268,153.882571,25.0,25.0,818.5605,17.053344,26511.642865,9490.051428,,pass,pass
12256.0,high,return_to_base,26461.200587,154.539731,25.0,25.0,817.823,17.037979,26461.651857,9540.051194,,pass,pass
12258.0,high,return_to_base,26411.204884,155.195234,25.0,25.0,817.0855,17.022615,26411.660852,9590.050956,,pass,pass
12260.0,high,return_to_base,26361.209159,155.849077,25.0,25.0,816.348,17.00725,26361.66985,9640.050716,,pass,pass
12262.0,high,return_to_base,26311.213413,156.501256,25.0,25.0,815.6105,16.991885,26311.67885,9690.050474,,pass,pass
12264.0,high,return_to_base,26261.217644,157.151769,25.0,25.0,814.873,16.976521,26261.687852,9740.050228,,pass,pass
12266.0,high,return_to_base,26211.221855,157.80061,25.0,25.0,814.1355,16.961156,26211.696857,9790.04998,,pass,pass
12268.0,high,return_to_base,26161.226043,158.447778,25.0,25.0,813.398,16.945792,26161.705865,9840.049729,,pass,pass
12270.0,high,return_to_base,26111.23021,159.093269,25.0,25.0,812.6605,16.930427,26111.714875,9890.049476,,pass,pass
12272.0,high,return_to_base,26061.234355,159.737079,25.0,25.0,811.923,16.915063,26061.723888,9940.049219,,pass,pass
12274.0,high,return_to_base,26011.238478,160.379205,25.0,25.0,811.1855,16.899698,26011.732904,9990.04896,,pass,pass
12276.0,high,return_to_base,25961.24258,161.019643,25.0,25.0,810.448,16.884333,25961.741922,10040.048698,,pass,pass
12278.0,high,return_to_base,25911.24666,161.658389,25.0,25.0,809.7105,16.868969,25911.750943,10090.048433,,pass,pass
12280.0,high,return_to_base,25861.250719,162.295441,25.0,25.0,808.973,16.853604,25861.759966,10140.048166,,pass,pass
12282.0,high,return_to_base,25811.254756,162.930795,25.0,25.0,808.2355,16.83824,25811.768992,10190.047895,,pass,pass
12284.0,high,return_to_base,25761.258771,163.564447,25.0,25.0,807.498,16.822875,25761.778021,10240.047621,,pass,pass
12286.0,high,return_to_base,25711.262765,164.196394,25.0,25.0,806.7605,16.80751,25711.787052,10290.047345,,pass,pass
12288.0,high,return_to_base,25661.266737,164.826632,25.0,25.0,806.023,16.792146,25661.796086,10340.047065,,pass,pass
12290.0,high,return_to_base,25611.270687,165.455158,25.0,25.0,805.2855,16.776781,25611.805122,10390.046782,,pass,pass
12292.0,high,return_to_base,25561.274616,166.081967,25.0,25.0,804.548,16.761417,25561.814162,10440.046497,,pass,pass
12294.0,high,return_to_base,25511.278524,166.707057,25.0,25.0,803.8105,16.746052,25511.823204,10490.046208,,pass,pass
12296.0,high,return_to_base,25461.28241,167.330423,25.0,25.0,803.073,16.730688,25461.832248,10540.045916,,pass,pass
12298.0,high,return_to_base,25411.286274,167.952063,25.0,25.0,802.3355,16.715323,25411.841295,10590.045621,,pass,pass
12300.0,high,return_to_base,25361.290117,168.571972,25.0,25.0,801.598,16.699958,25361.850345,10640.045323,,pass,pass
12302.0,high,return_to_base,25311.293939,169.190147,25.0,25.0,800.8605,16.684594,25311.859398,10690.045022,,pass,pass
12304.0,high,return_to_base,25261.297739,169.806584,25.0,25.0,800.123,16.669229,25261.868453,10740.044717,,pass,pass
12306.0,high,return_to_base,25211.301518,170.42128,25.0,25.0,799.3855,16.653865,25211.877511,10790.044409,,pass,pass
12308.0,high,return_to_base,25161.305275,171.03423,25.0,25.0,798.648,16.6385,25161.886572,10840.044098,,pass,pass
12310.0,high,return_to_base,25111.309011,171.645431,25.0,25.0,797.9105,16.623135,25111.895635,10890.043784,,pass,pass
12312.0,high,return_to_base,25061.312725,172.254879,25.0,25.0,797.173,16.607771,25061.904701,10940.043466,,pass,pass
12314.0,high,return_to_base,25011.316418,172.862571,25.0,25.0,796.4355,16.592406,25011.91377,10990.043145,,pass,pass
12316.0,high,return_to_base,24961.32009,173.468502,25.0,25.0,795.698,16.577042,24961.922842,11040.042821,,pass,pass
12318.0,high,return_to_base,24911.32374,174.072669,25.0,25.0,794.9605,16.561677,24911.931916,11090.042493,,pass,pass
12320.0,high,return_to_base,24861.327369,174.675069,25.0,25.0,794.223,16.546313,24861.940993,11140.042161,,pass,pass
12322.0,high,return_to_base,24811.330977,175.275697,25.0,25.0,793.4855,16.530948,24811.950073,11190.041827,,pass,pass
12324.0,high,return_to_base,24761.334563,175.874549,25.0,25.0,792.748,16.515583,24761.959155,11240.041488,,pass,pass
12326.0,high,return_to_base,24711.338128,176.471621,25.0,25.0,792.0105,16.500219,24711.968241,11290.041146,,pass,pass
12328.0,high,return_to_base,24661.341672,177.066911,25.0,25.0,791.273,16.484854,24661.977329,11340.040801,,pass,pass
12330.0,high,return_to_base,24611.345195,177.660413,25.0,25.0,790.5355,16.46949,24611.98642,11390.040452,,pass,pass
12332.0,high,return_to_base,24561.348696,178.252124,25.0,25.0,789.798,16.454125,24561.995513,11440.040099,,pass,pass
12334.0,high,return_to_base,24511.352176,178.842041,25.0,25.0,789.0605,16.43876,24512.00461,11490.039743,,pass,pass
12336.0,high,return_to_base,24461.355635,179.430158,25.0,25.0,788.323,16.423396,24462.013709,11540.039383,,pass,pass
12338.0,high,return_to_base,24411.359073,180.016472,25.0,25.0,787.5855,16.408031,24412.022811,11590.039019,,pass,pass
12340.0,high,return_to_base,24361.362489,180.60098,25.0,25.0,786.848,16.392667,24362.031916,11640.038652,,pass,pass
12342.0,high,return_to_base,24311.365885,181.183677,25.0,25.0,786.1105,16.377302,24312.041023,11690.038281,,pass,pass
12344.0,high,return_to_base,24261.369259,181.764559,25.0,25.0,785.373,16.361938,24262.050134,11740.037905,,pass,pass
12346.0,high,return_to_base,24211.372613,182.343622,25.0,25.0,784.6355,16.346573,24212.059247,11790.037526,,pass,pass
12348.0,high,return_to_base,24161.375945,182.920862,25.0,25.0,783.898,16.331208,24162.068363,11840.037144,,pass,pass
12350.0,high,return_to_base,24111.379256,183.496275,25.0,25.0,783.1605,16.315844,24112.077482,11890.036757,,pass,pass
12352.0,high,return_to_base,24061.382546,184.069858,25.0,25.0,782.423,16.300479,24062.086604,11940.036366,,pass,pass
12354.0,high,return_to_base,24011.385815,184.641605,25.0,25.0,781.6855,16.285115,24012.095729,11990.035972,,pass,pass
12356.0,high,return_to_base,23961.389063,185.211513,25.0,25.0,780.948,16.26975,23962.104856,12040.035573,,pass,pass
12358.0,high,return_to_base,23911.39229,185.779578,25.0,25.0,780.2105,16.254385,23912.113987,12090.03517,,pass,pass
12360.0,high,return_to_base,23861.395496,186.345795,25.0,25.0,779.473,16.239021,23862.12312,12140.034763,,pass,pass
12362.0,high,return_to_base,23811.398681,186.91016,25.0,25.0,778.7355,16.223656,23812.132256,12190.034352,,pass,pass
12364.0,high,return_to_base,23761.401846,187.47267,25.0,25.0,777.998,16.208292,23762.141395,12240.033937,,pass,pass
12366.0,high,return_to_base,23711.404989,188.03332,25.0,25.0,777.2605,16.192927,23712.150537,12290.033518,,pass,pass
12368.0,high,return_to_base,23661.408112,188.592105,25.0,25.0,776.523,16.177563,23662.159682,12340.033094,,pass,pass
12370.0,high,return_to_base,23611.411213,189.149022,25.0,25.0,775.7855,16.162198,23612.16883,12390.032667,,pass,pass
12372.0,high,return_to_base,23561.414294,189.704067,25.0,25.0,775.048,16.146833,23562.17798,12440.032235,,pass,pass
12374.0,high,return_to_base,23511.417354,190.257234,25.0,25.0,774.3105,16.131469,23512.187134,12490.031798,,pass,pass
12376.0,high,return_to_base,23461.420393,190.80852,25.0,25.0,773.573,16.116104,23462.19629,12540.031357,,pass,pass
12378.0,high,return_to_base,23411.423412,191.357921,25.0,25.0,772.8355,16.10074,23412.20545,12590.030912,,pass,pass
12380.0,high,return_to_base,23361.42641,191.905432,25.0,25.0,772.098,16.085375,23362.214612,12640.030463,,pass,pass
12382.0,high,return_to_base,23311.429387,192.451048,25.0,25.0,771.3605,16.07001,23312.223778,12690.030008,,pass,pass
12384.0,high,return_to_base,23261.432343,192.994766,25.0,25.0,770.623,16.054646,23262.232946,12740.02955,,pass,pass
12386.0,high,return_to_base,23211.435279,193.536581,25.0,25.0,769.8855,16.039281,23212.242117,12790.029087,,pass,pass
12388.0,high,return_to_base,23161.438194,194.076488,25.0,25.0,769.148,16.023917,23162.251292,12840.028619,,pass,pass
12390.0,high,return_to_base,23111.441088,194.614484,25.0,25.0,768.4105,16.008552,23112.260469,12890.028146,,pass,pass
12392.0,high,return_to_base,23061.443962,195.150563,25.0,25.0,767.673,15.993188,23062.269649,12940.027669,,pass,pass
12394.0,high,return_to_base,23011.446816,195.684722,25.0,25.0,766.9355,15.977823,23012.278832,12990.027188,,pass,pass
12396.0,high,return_to_base,22961.449648,196.216955,25.0,25.0,766.198,15.962458,22962.288019,13040.026701,,pass,pass
12398.0,high,return_to_base,22911.452461,196.747259,25.0,25.0,765.4605,15.947094,22912.297208,13090.02621,,pass,pass
12400.0,high,return_to_base,22861.455253,197.275629,25.0,25.0,764.723,15.931729,22862.3064,13140.025714,,pass,pass
12402.0,high,return_to_base,22811.458024,197.802059,25.0,25.0,763.9855,15.916365,22812.315596,13190.025213,,pass,pass
12404.0,high,return_to_base,22761.460775,198.326546,25.0,25.0,763.248,15.901,22762.324794,13240.024707,,pass,pass
12406.0,high,return_to_base,22711.463505,198.849086,25.0,25.0,762.5105,15.885635,22712.333995,13290.024196,,pass,pass
12408.0,high,return_to_base,22661.466216,199.369673,25.0,25.0,761.773,15.870271,22662.3432,13340.02368,,pass,pass
12410.0,high,return_to_base,22611.468905,199.888302,25.0,25.0,761.0355,15.854906,22612.352407,13390.023159,,pass,pass
12412.0,high,return_to_base,22561.471575,200.40497,25.0,25.0,760.298,15.839542,22562.361618,13440.022633,,pass,pass
12414.0,high,return_to_base,22511.474224,200.919671,25.0,25.0,759.5605,15.824177,22512.370832,13490.022102,,pass,pass
12416.0,high,return_to_base,22461.476853,201.432401,25.0,25.0,758.823,15.808813,22462.380048,13540.021566,,pass,pass
12418.0,high,return_to_base,22411.479462,201.943156,25.0,25.0,758.0855,15.793448,22412.389268,13590.021025,,pass,pass
12420.0,high,return_to_base,22361.482051,202.451929,25.0,25.0,757.348,15.778083,22362.398491,13640.020478,,pass,pass
12422.0,high,return_to_base,22311.484619,202.958717,25.0,25.0,756.6105,15.762719,22312.407717,13690.019926,,pass,pass
12424.0,high,return_to_base,22261.487167,203.463515,25.0,25.0,755.873,15.747354,22262.416946,13740.019369,,pass,pass
12426.0,high,return_to_base,22211.489695,203.966318,25.0,25.0,755.1355,15.73199,22212.426179,13790.018806,,pass,pass
12428.0,high,return_to_base,22161.492203,204.467121,25.0,25.0,754.398,15.716625,22162.435414,13840.018238,,pass,pass
12430.0,high,return_to_base,22111.494692,204.96592,25.0,25.0,753.6605,15.70126,22112.444653,13890.017665,,pass,pass
12432.0,high,return_to_base,22061.49716,205.462709,25.0,25.0,752.923,15.685896,22062.453895,13940.017086,,pass,pass
12434.0,high,return_to_base,22011.499608,205.957483,25.0,25.0,752.1855,15.670531,22012.463139,13990.016501,,pass,pass
12436.0,high,return_to_base,21961.502036,206.450238,25.0,25.0,751.448,15.655167,21962.472387,14040.015911,,pass,pass
12438.0,high,return_to_base,21911.504444,206.940969,25.0,25.0,750.7105,15.639802,21912.481639,14090.015316,,pass,pass
12440.0,high,return_to_base,21861.506832,207.429671,25.0,25.0,749.973,15.624438,21862.490893,14140.014714,,pass,pass
12442.0,high,return_to_base,21811.509201,207.916338,25.0,25.0,749.2355,15.609073,21812.500151,14190.014107,,pass,pass
12444.0,high,return_to_base,21761.51155,208.400966,25.0,25.0,748.498,15.593708,21762.509411,14240.013494,,pass,pass
12446.0,high,return_to_base,21711.513879,208.88355,25.0,25.0,747.7605,15.578344,21712.518676,14290.012875,,pass,pass
12448.0,high,return_to_base,21661.516188,209.364085,25.0,25.0,747.023,15.562979,21662.527943,14340.012251,,pass,pass
12450.0,high,return_to_base,21611.518477,209.842565,25.0,25.0,746.2855,15.547615,21612.537213,14390.01162,,pass,pass
12452.0,high,return_to_base,21561.520747,210.318985,25.0,25.0,745.548,15.53225,21562.546487,14440.010984,,pass,pass
12454.0,high,return_to_base,21511.522997,210.793341,25.0,25.0,744.8105,15.516885,21512.555764,14490.010341,,pass,pass
12456.0,high,return_to_base,21461.525228,211.265627,25.0,25.0,744.073,15.501521,21462.565044,14540.009693,,pass,pass
12458.0,high,return_to_base,21411.527439,211.735838,25.0,25.0,743.3355,15.486156,21412.574327,14590.009038,,pass,pass
12460.0,high,return_to_base,21361.52963,212.203969,25.0,25.0,742.598,15.470792,21362.583614,14640.008377,,pass,pass
12462.0,high,return_to_base,21311.531802,212.670015,25.0,25.0,741.8605,15.455427,21312.592904,14690.00771,,pass,pass
12464.0,high,return_to_base,21261.533955,213.133969,25.0,25.0,741.123,15.440063,21262.602197,14740.007037,,pass,pass
12466.0,high,return_to_base,21211.536088,213.595828,25.0,25.0,740.3855,15.424698,21212.611494,14790.006357,,pass,pass
12468.0,high,return_to_base,21161.538202,214.055586,25.0,25.0,739.648,15.409333,21162.620794,14840.005671,,pass,pass
12470.0,high,return_to_base,21111.540296,214.513236,25.0,25.0,738.9105,15.393969,21112.630097,14890.004979,,pass,pass
12472.0,high,return_to_base,21061.542372,214.968775,25.0,25.0,738.173,15.378604,21062.639404,14940.00428,,pass,pass
12474.0,high,return_to_base,21011.544428,215.422197,25.0,25.0,737.4355,15.36324,21012.648713,14990.003575,,pass,pass
12476.0,high,return_to_base,20961.546464,215.873496,25.0,25.0,736.698,15.347875,20962.658027,15040.002863,,pass,pass
12478.0,high,return_to_base,20911.548482,216.322666,25.0,25.0,735.9605,15.33251,20912.667343,15090.002144,,pass,pass
12480.0,high,return_to_base,20861.55048,216.769703,25.0,25.0,735.223,15.317146,20862.676663,15140.001419,,pass,pass
12482.0,high,return_to_base,20811.55246,217.2146,25.0,25.0,734.4855,15.301781,20812.685986,15190.000687,,pass,pass
12484.0,high,return_to_base,20761.55442,217.657353,25.0,25.0,733.748,15.286417,20762.695313,15239.999948,,pass,pass
12486.0,high,return_to_base,20711.556361,218.097956,25.0,25.0,733.0105,15.271052,20712.704643,15289.999202,,pass,pass
12488.0,high,return_to_base,20661.558284,218.536403,25.0,25.0,732.273,15.255688,20662.713977,15339.99845,,pass,pass
12490.0,high,return_to_base,20611.560187,218.972688,25.0,25.0,731.5355,15.240323,20612.723313,15389.99769,,pass,pass
12492.0,high,return_to_base,20561.562072,219.406807,25.0,25.0,730.798,15.224958,20562.732654,15439.996924,,pass,pass
12494.0,high,return_to_base,20511.563938,219.838752,25.0,25.0,730.0605,15.209594,20512.741997,15489.99615,,pass,pass
12496.0,high,return_to_base,20461.565785,220.268519,25.0,25.0,729.323,15.194229,20462.751344,15539.995369,,pass,pass
12498.0,high,return_to_base,20411.567613,220.696102,25.0,25.0,728.5855,15.178865,20412.760695,15589.994582,,pass,pass
12500.0,high,return_to_base,20361.569423,221.121495,25.0,25.0,727.848,15.1635,20362.770049,15639.993786,,pass,pass
12502.0,high,return_to_base,20311.571214,221.544693,25.0,25.0,727.1105,15.148135,20312.779407,15689.992984,,pass,pass
12504.0,high,return_to_base,20261.572986,221.965689,25.0,25.0,726.373,15.132771,20262.788768,15739.992174,,pass,pass
12506.0,high,return_to_base,20211.57474,222.384477,25.0,25.0,725.6355,15.117406,20212.798132,15789.991357,,pass,pass
12508.0,high,return_to_base,20161.576475,222.801053,25.0,25.0,724.898,15.102042,20162.8075,15839.990532,,pass,pass
12510.0,high,return_to_base,20111.578192,223.215409,25.0,25.0,724.1605,15.086677,20112.816871,15889.9897,,pass,pass
12512.0,high,return_to_base,20061.579891,223.627541,25.0,25.0,723.423,15.071313,20062.826246,15939.98886,,pass,pass
12514.0,high,return_to_base,20011.581571,224.037441,25.0,25.0,722.6855,15.055948,20012.835625,15989.988012,,pass,pass
12516.0,high,return_to_base,19961.583233,224.445105,25.0,25.0,721.948,15.040583,19962.845007,16039.987157,,pass,pass
12518.0,high,return_to_base,19911.584877,224.850525,25.0,25.0,721.2105,15.025219,19912.854393,16089.986294,,pass,pass
12520.0,high,return_to_base,19861.586502,225.253697,25.0,25.0,720.473,15.009854,19862.863782,16139.985423,,pass,pass
12522.0,high,return_to_base,19811.58811,225.654613,25.0,25.0,719.7355,14.99449,19812.873174,16189.984544,,pass,pass
12524.0,high,return_to_base,19761.589699,226.053268,25.0,25.0,718.998,14.979125,19762.882571,16239.983657,,pass,pass
12526.0,high,return_to_base,19711.59127,226.449656,25.0,25.0,718.2605,14.96376,19712.891971,16289.982762,,pass,pass
12528.0,high,return_to_base,19661.592823,226.84377,25.0,25.0,717.523,14.948396,19662.901374,16339.981859,,pass,pass
12530.0,high,return_to_base,19611.594359,227.235604,25.0,25.0,716.7855,14.933031,19612.910781,16389.980948,,pass,pass
12532.0,high,return_to_base,19561.595876,227.625153,25.0,25.0,716.048,14.917667,19562.920192,16439.980029,,pass,pass
12534.0,high,return_to_base,19511.597376,228.012409,25.0,25.0,715.3105,14.902302,19512.929606,16489.979101,,pass,pass
12536.0,high,return_to_base,19461.598858,228.397367,25.0,25.0,714.573,14.886938,19462.939024,16539.978165,,pass,pass
12538.0,high,return_to_base,19411.600322,228.780019,25.0,25.0,713.8355,14.871573,19412.948446,16589.97722,,pass,pass
12540.0,high,return_to_base,19361.601769,229.16036,25.0,25.0,713.098,14.856208,19362.957871,16639.976267,,pass,pass
12542.0,high,return_to_base,19311.603198,229.538384,25.0,25.0,712.3605,14.840844,19312.9673,16689.975306,,pass,pass
12544.0,high,return_to_base,19261.604609,229.914083,25.0,25.0,711.623,14.825479,19262.976733,16739.974335,,pass,pass
12546.0,high,return_to_base,19211.606003,230.287452,25.0,25.0,710.8855,14.810115,19212.986169,16789.973356,,pass,pass
12548.0,high,return_to_base,19161.60738,230.658484,25.0,25.0,710.148,14.79475,19162.995609,16839.972368,,pass,pass
12550.0,high,return_to_base,19111.608739,231.027171,25.0,25.0,709.4105,14.779385,19113.005053,16889.971371,,pass,pass
12552.0,high,return_to_base,19061.610081,231.393509,25.0,25.0,708.673,14.764021,19063.014501,16939.970366,,pass,pass
12554.0,high,return_to_base,19011.611406,231.757489,25.0,25.0,707.9355,14.748656,19013.023952,16989.969351,,pass,pass
12556.0,high,return_to_base,18961.612714,232.119106,25.0,25.0,707.198,14.733292,18963.033407,17039.968327,,pass,pass
12558.0,high,return_to_base,18911.614004,232.478353,25.0,25.0,706.4605,14.717927,18913.042866,17089.967294,,pass,pass
12560.0,high,return_to_base,18861.615278,232.835223,25.0,25.0,705.723,14.702563,18863.052328,17139.966252,,pass,pass
12562.0,high,return_to_base,18811.616535,233.189708,25.0,25.0,704.9855,14.687198,18813.061795,17189.9652,,pass,pass
12564.0,high,return_to_base,18761.617774,233.541804,25.0,25.0,704.248,14.671833,18763.071265,17239.964139,,pass,pass
12566.0,high,return_to_base,18711.618997,233.891501,25.0,25.0,703.5105,14.656469,18713.080739,17289.963069,,pass,pass
12568.0,high,return_to_base,18661.620203,234.238795,25.0,25.0,702.773,14.641104,18663.090217,17339.961989,,pass,pass
12570.0,high,return_to_base,18611.621393,234.583677,25.0,25.0,702.0355,14.62574,18613.099698,17389.960899,,pass,pass
12572.0,high,return_to_base,18561.622566,234.926141,25.0,25.0,701.298,14.610375,18563.109184,17439.9598,,pass,pass
12574.0,high,return_to_base,18511.623722,235.26618,25.0,25.0,700.5605,14.59501,18513.118673,17489.958691,,pass,pass
12576.0,high,return_to_base,18461.624862,235.603786,25.0,25.0,699.823,14.579646,18463.128166,17539.957572,,pass,pass
12578.0,high,return_to_base,18411.625985,235.938953,25.0,25.0,699.0855,14.564281,18413.137663,17589.956443,,pass,pass
12580.0,high,return_to_base,18361.627092,236.271674,25.0,25.0,698.348,14.548917,18363.147164,17639.955304,,pass,pass
12582.0,high,return_to_base,18311.628183,236.601941,25.0,25.0,697.6105,14.533552,18313.156669,17689.954155,,pass,pass
12584.0,high,return_to_base,18261.629258,236.929747,25.0,25.0,696.873,14.518188,18263.166178,17739.952996,,pass,pass
12586.0,high,return_to_base,18211.630316,237.255086,25.0,25.0,696.1355,14.502823,18213.175691,17789.951826,,pass,pass
12588.0,high,return_to_base,18161.631358,237.577948,25.0,25.0,695.398,14.487458,18163.185208,17839.950647,,pass,pass
12590.0,high,return_to_base,18111.632385,237.898329,25.0,25.0,694.6605,14.472094,18113.194728,17889.949456,,pass,pass
12592.0,high,return_to_base,18061.633395,238.216219,25.0,25.0,693.923,14.456729,18063.204253,17939.948255,,pass,pass
12594.0,high,return_to_base,18011.63439,238.531612,25.0,25.0,693.1855,14.441365,18013.213781,17989.947044,,pass,pass
12596.0,high,return_to_base,17961.635369,238.8445,25.0,25.0,692.448,14.426,17963.223314,18039.945822,,pass,pass
12598.0,high,return_to_base,17911.636333,239.154876,25.0,25.0,691.7105,14.410635,17913.232851,18089.944589,,pass,pass
12600.0,high,return_to_base,17861.63728,239.462731,25.0,25.0,690.973,14.395271,17863.242391,18139.943345,,pass,pass
12602.0,high,return_to_base,17811.638213,239.76806,25.0,25.0,690.2355,14.379906,17813.251936,18189.94209,,pass,pass
12604.0,high,return_to_base,17761.639129,240.070853,25.0,25.0,689.498,14.364542,17763.261485,18239.940824,,pass,pass
12606.0,high,return_to_base,17711.640031,240.371103,25.0,25.0,688.7605,14.349177,17713.271038,18289.939547,,pass,pass
12608.0,high,return_to_base,17661.640917,240.668803,25.0,25.0,688.023,14.333813,17663.280595,18339.938258,,pass,pass
12610.0,high,return_to_base,17611.641788,240.963945,25.0,25.0,687.2855,14.318448,17613.290155,18389.936959,,pass,pass
12612.0,high,return_to_base,17561.642644,241.256521,25.0,25.0,686.548,14.303083,17563.299721,18439.935648,,pass,pass
12614.0,high,return_to_base,17511.643485,241.546523,25.0,25.0,685.8105,14.287719,17513.30929,18489.934325,,pass,pass
12616.0,high,return_to_base,17461.644311,241.833943,25.0,25.0,685.073,14.272354,17463.318863,18539.932991,,pass,pass
12618.0,high,return_to_base,17411.645123,242.118774,25.0,25.0,684.3355,14.25699,17413.328441,18589.931644,,pass,pass
12620.0,high,return_to_base,17361.645919,242.401006,25.0,25.0,683.598,14.241625,17363.338022,18639.930287,,pass,pass
12622.0,high,return_to_base,17311.646701,242.680633,25.0,25.0,682.8605,14.22626,17313.347608,18689.928917,,pass,pass
12624.0,high,return_to_base,17261.647469,242.957646,25.0,25.0,682.123,14.210896,17263.357198,18739.927535,,pass,pass
12626.0,high,return_to_base,17211.648221,243.232038,25.0,25.0,681.3855,14.195531,17213.366792,18789.926141,,pass,pass
12628.0,high,return_to_base,17161.64896,243.503799,25.0,25.0,680.648,14.180167,17163.376391,18839.924735,,pass,pass
12630.0,high,return_to_base,17111.649684,243.772922,25.0,25.0,679.9105,14.164802,17113.385993,18889.923316,,pass,pass
12632.0,high,return_to_base,17061.650394,244.039398,25.0,25.0,679.173,14.149438,17063.3956,18939.921885,,pass,pass
12634.0,high,return_to_base,17011.65109,244.303219,25.0,25.0,678.4355,14.134073,17013.405211,18989.920442,,pass,pass
12636.0,high,return_to_base,16961.651772,244.564376,25.0,25.0,677.698,14.118708,16963.414827,19039.918985,,pass,pass
12638.0,high,return_to_base,16911.652441,244.822862,25.0,25.0,676.9605,14.103344,16913.424446,19089.917516,,pass,pass
12640.0,high,return_to_base,16861.653095,245.078668,25.0,25.0,676.223,14.087979,16863.43407,19139.916035,,pass,pass
12642.0,high,return_to_base,16811.653736,245.331785,25.0,25.0,675.4855,14.072615,16813.443699,19189.91454,,pass,pass
12644.0,high,return_to_base,16761.654363,245.582204,25.0,25.0,674.748,14.05725,16763.453331,19239.913032,,pass,pass
12646.0,high,return_to_base,16711.654976,245.829918,25.0,25.0,674.0105,14.041885,16713.462968,19289.911511,,pass,pass
12648.0,high,return_to_base,16661.655577,246.074916,25.0,25.0,673.273,14.026521,16663.47261,19339.909977,,pass,pass
12650.0,high,return_to_base,16611.656164,246.317191,25.0,25.0,672.5355,14.011156,16613.482256,19389.908429,,pass,pass
12652.0,high,return_to_base,16561.656737,246.556734,25.0,25.0,671.798,13.995792,16563.491906,19439.906868,,pass,pass
12654.0,high,return_to_base,16511.657298,246.793536,25.0,25.0,671.0605,13.980427,16513.50156,19489.905293,,pass,pass
12656.0,high,return_to_base,16461.657846,247.027587,25.0,25.0,670.323,13.965063,16463.511219,19539.903704,,pass,pass
12658.0,high,return_to_base,16411.658381,247.25888,25.0,25.0,669.5855,13.949698,16413.520883,19589.902101,,pass,pass
12660.0,high,return_to_base,16361.658903,247.487404,25.0,25.0,668.848,13.934333,16363.530551,19639.900485,,pass,pass
12662.0,high,return_to_base,16311.659413,247.713151,25.0,25.0,668.1105,13.918969,16313.540223,19689.898854,,pass,pass
12664.0,high,return_to_base,16261.65991,247.936112,25.0,25.0,667.373,13.903604,16263.5499,19739.897209,,pass,pass
12666.0,high,return_to_base,16211.660395,248.156277,25.0,25.0,666.6355,13.88824,16213.559581,19789.89555,,pass,pass
12668.0,high,return_to_base,16161.660867,248.373638,25.0,25.0,665.898,13.872875,16163.569267,19839.893876,,pass,pass
12670.0,high,return_to_base,16111.661327,248.588184,25.0,25.0,665.1605,13.85751,16113.578957,19889.892188,,pass,pass
12672.0,high,return_to_base,16061.661776,248.799907,25.0,25.0,664.423,13.842146,16063.588652,19939.890485,,pass,pass
12674.0,high,return_to_base,16011.662212,249.008797,25.0,25.0,663.6855,13.826781,16013.598352,19989.888767,,pass,pass
12676.0,high,return_to_base,15961.662637,249.214845,25.0,25.0,662.948,13.811417,15963.608056,20039.887034,,pass,pass
12678.0,high,return_to_base,15911.663049,249.41804,25.0,25.0,662.2105,13.796052,15913.617765,20089.885286,,pass,pass
12680.0,high,return_to_base,15861.663451,249.618374,25.0,25.0,661.473,13.780688,15863.627478,20139.883523,,pass,pass
12682.0,high,return_to_base,15811.663841,249.815836,25.0,25.0,660.7355,13.765323,15813.637196,20189.881744,,pass,pass
12684.0,high,return_to_base,15761.664219,250.010418,25.0,25.0,659.998,13.749958,15763.646919,20239.87995,,pass,pass
12686.0,high,return_to_base,15711.664587,250.202109,25.0,25.0,659.2605,13.734594,15713.656646,20289.87814,,pass,pass
12688.0,high,return_to_base,15661.664943,250.390898,25.0,25.0,658.523,13.719229,15663.666378,20339.876314,,pass,pass
12690.0,high,return_to_base,15611.665289,250.576777,25.0,25.0,657.7855,13.703865,15613.676115,20389.874473,,pass,pass
12692.0,high,return_to_base,15561.665623,250.759736,25.0,25.0,657.048,13.6885,15563.685856,20439.872615,,pass,pass
12694.0,high,return_to_base,15511.665948,250.939763,25.0,25.0,656.3105,13.673135,15513.695602,20489.870742,,pass,pass
12696.0,high,return_to_base,15461.666261,251.11685,25.0,25.0,655.573,13.657771,15463.705353,20539.868852,,pass,pass
12698.0,high,return_to_base,15411.666564,251.290985,25.0,25.0,654.8355,13.642406,15413.715109,20589.866945,,pass,pass
12700.0,high,return_to_base,15361.666857,251.462159,25.0,25.0,654.098,13.627042,15363.724869,20639.865022,,pass,pass
12702.0,high,return_to_base,15311.66714,251.630361,25.0,25.0,653.3605,13.611677,15313.734634,20689.863082,,pass,pass
12704.0,high,return_to_base,15261.667413,251.795581,25.0,25.0,652.623,13.596313,15263.744405,20739.861125,,pass,pass
12706.0,high,return_to_base,15211.667676,251.957808,25.0,25.0,651.8855,13.580948,15213.75418,20789.859151,,pass,pass
12708.0,high,return_to_base,15161.66793,252.117032,25.0,25.0,651.148,13.565583,15163.763959,20839.85716,,pass,pass
12710.0,high,return_to_base,15111.668174,252.273242,25.0,25.0,650.4105,13.550219,15113.773744,20889.855152,,pass,pass
12712.0,high,return_to_base,15061.668409,252.426427,25.0,25.0,649.673,13.534854,15063.783534,20939.853126,,pass,pass
12714.0,high,return_to_base,15011.668634,252.576577,25.0,25.0,648.9355,13.51949,15013.793328,20989.851082,,pass,pass
12716.0,high,return_to_base,14961.668851,252.72368,25.0,25.0,648.198,13.504125,14963.803128,21039.849021,,pass,pass
12718.0,high,return_to_base,14911.669058,252.867726,25.0,25.0,647.4605,13.48876,14913.812932,21089.846941,,pass,pass
12720.0,high,return_to_base,14861.669257,253.008704,25.0,25.0,646.723,13.473396,14863.822742,21139.844844,,pass,pass
12722.0,high,return_to_base,14811.669447,253.146603,25.0,25.0,645.9855,13.458031,14813.832556,21189.842728,,pass,pass
12724.0,high,return_to_base,14761.669629,253.281411,25.0,25.0,645.248,13.442667,14763.842376,21239.840593,,pass,pass
12726.0,high,return_to_base,14711.669802,253.413117,25.0,25.0,644.5105,13.427302,14713.8522,21289.83844,,pass,pass
12728.0,high,return_to_base,14661.669967,253.54171,25.0,25.0,643.773,13.411938,14663.86203,21339.836269,,pass,pass
12730.0,high,return_to_base,14611.670125,253.667179,25.0,25.0,643.0355,13.396573,14613.871865,21389.834078,,pass,pass
12732.0,high,return_to_base,14561.670275,253.789512,25.0,25.0,642.298,13.381208,14563.881704,21439.831868,,pass,pass
12734.0,high,return_to_base,14511.670417,253.908697,25.0,25.0,641.5605,13.365844,14513.891549,21489.829639,,pass,pass
12736.0,high,return_to_base,14461.670551,254.024723,25.0,25.0,640.823,13.350479,14463.901399,21539.82739,,pass,pass
12738.0,high,return_to_base,14411.670679,254.137579,25.0,25.0,640.0855,13.335115,14413.911255,21589.825122,,pass,pass
12740.0,high,return_to_base,14361.670799,254.247251,25.0,25.0,639.348,13.31975,14363.921115,21639.822834,,pass,pass
12742.0,high,return_to_base,14311.670912,254.353729,25.0,25.0,638.6105,13.304385,14313.930981,21689.820526,,pass,pass
12744.0,high,return_to_base,14261.671019,254.457,25.0,25.0,637.873,13.289021,14263.940852,21739.818197,,pass,pass
12746.0,high,return_to_base,14211.671119,254.557053,25.0,25.0,637.1355,13.273656,14213.950728,21789.815849,,pass,pass
12748.0,high,return_to_base,14161.671213,254.653874,25.0,25.0,636.398,13.258292,14163.960609,21839.813479,,pass,pass
12750.0,high,return_to_base,14111.6713,254.747453,25.0,25.0,635.6605,13.242927,14113.970496,21889.811089,,pass,pass
12752.0,high,return_to_base,14061.671382,254.837776,25.0,25.0,634.923,13.227563,14063.980388,21939.808678,,pass,pass
12754.0,high,return_to_base,14011.671458,254.924831,25.0,25.0,634.1855,13.212198,14013.990285,21989.806246,,pass,pass
12756.0,high,return_to_base,13961.671528,255.008606,25.0,25.0,633.448,13.196833,13964.000188,22039.803793,,pass,pass
12758.0,high,return_to_base,13911.671593,255.089088,25.0,25.0,632.7105,13.181469,13914.010096,22089.801318,,pass,pass
12760.0,high,return_to_base,13861.671652,255.166264,25.0,25.0,631.973,13.166104,13864.020009,22139.798822,,pass,pass
12762.0,high,return_to_base,13811.671707,255.240121,25.0,25.0,631.2355,13.15074,13814.029928,22189.796303,,pass,pass
12764.0,high,return_to_base,13761.671756,255.310647,25.0,25.0,630.498,13.135375,13764.039852,22239.793762,,pass,pass
12766.0,high,return_to_base,13711.671802,255.377829,25.0,25.0,629.7605,13.12001,13714.049782,22289.791199,,pass,pass
12768.0,high,return_to_base,13661.671842,255.441653,25.0,25.0,629.023,13.104646,13664.059718,22339.788614,,pass,pass
12770.0,high,return_to_base,13611.671879,255.502106,25.0,25.0,628.2855,13.089281,13614.069658,22389.786006,,pass,pass
12772.0,high,return_to_base,13561.671911,255.559176,25.0,25.0,627.548,13.073917,13564.079605,22439.783375,,pass,pass
12774.0,high,return_to_base,13511.67194,255.612848,25.0,25.0,626.8105,13.058552,13514.089557,22489.78072,,pass,pass
12776.0,high,return_to_base,13461.671966,255.663108,25.0,25.0,626.073,13.043188,13464.099514,22539.778043,,pass,pass
12778.0,high,return_to_base,13411.671987,255.709945,25.0,25.0,625.3355,13.027823,13414.109478,22589.775341,,pass,pass
12780.0,high,return_to_base,13361.672006,255.753343,25.0,25.0,624.598,13.012458,13364.119446,22639.772616,,pass,pass
12782.0,high,return_to_base,13311.672022,255.793289,25.0,25.0,623.8605,12.997094,13314.129421,22689.769867,,pass,pass
12784.0,high,return_to_base,13261.672036,255.829769,25.0,25.0,623.123,12.981729,13264.139401,22739.767094,,pass,pass
12786.0,high,return_to_base,13211.672046,255.862769,25.0,25.0,622.3855,12.966365,13214.149387,22789.764296,,pass,pass
12788.0,high,return_to_base,13161.672055,255.892274,25.0,25.0,621.648,12.951,13164.159379,22839.761474,,pass,pass
12790.0,high,return_to_base,13111.672062,255.918271,25.0,25.0,620.9105,12.935635,13114.169376,22889.758626,,pass,pass
12792.0,high,return_to_base,13061.672067,255.940746,25.0,25.0,620.173,12.920271,13064.179379,22939.755753,,pass,pass
12794.0,high,return_to_base,13011.672071,255.959683,25.0,25.0,619.4355,12.904906,13014.189388,22989.752855,,pass,pass
12796.0,high,return_to_base,12961.672073,255.975068,25.0,25.0,618.698,12.889542,12964.199403,23039.749932,,pass,pass
12798.0,high,return_to_base,12911.672074,255.986887,25.0,25.0,617.9605,12.874177,12914.209424,23089.746982,,pass,pass
12800.0,high,return_to_base,12861.672075,255.995124,25.0,25.0,617.223,12.858813,12864.21945,23139.744006,,pass,pass
12802.0,high,return_to_base,12811.672075,255.999765,25.0,25.0,616.4855,12.843448,12814.229483,23189.741004,,pass,pass
12804.0,high,return_to_base,12761.672075,256.000794,25.0,25.0,615.748,12.828083,12764.239522,23239.737975,,pass,pass
12806.0,high,return_to_base,12711.672075,255.998196,25.0,25.0,615.0105,12.812719,12714.249566,23289.734919,,pass,pass
12808.0,high,return_to_base,12661.672076,255.991957,25.0,25.0,614.273,12.797354,12664.259617,23339.731836,,pass,pass
12810.0,high,return_to_base,12611.672077,255.98206,25.0,25.0,613.5355,12.78199,12614.269673,23389.728726,,pass,pass
12812.0,high,return_to_base,12561.672079,255.96849,25.0,25.0,612.798,12.766625,12564.279736,23439.725588,,pass,pass
12814.0,high,return_to_base,12511.672081,255.951231,25.0,25.0,612.0605,12.75126,12514.289804,23489.722422,,pass,pass
12816.0,high,return_to_base,12461.672086,255.930268,25.0,25.0,611.323,12.735896,12464.299879,23539.719227,,pass,pass
12818.0,high,return_to_base,12411.672092,255.905585,25.0,25.0,610.5855,12.720531,12414.30996,23589.716004,,pass,pass
12820.0,high,return_to_base,12361.6721,255.877164,25.0,25.0,609.848,12.705167,12364.320047,23639.712753,,pass,pass
12822.0,high,return_to_base,12311.67211,255.844991,25.0,25.0,609.1105,12.689802,12314.330141,23689.709472,,pass,pass
12824.0,high,return_to_base,12261.672123,255.809049,25.0,25.0,608.373,12.674438,12264.34024,23739.706162,,pass,pass
12826.0,high,return_to_base,12211.672139,255.769321,25.0,25.0,607.6355,12.659073,12214.350346,23789.702822,,pass,pass
12828.0,high,return_to_base,12161.672158,255.72579,25.0,25.0,606.898,12.643708,12164.360458,23839.699452,,pass,pass
12830.0,high,return_to_base,12111.67218,255.678441,25.0,25.0,606.1605,12.628344,12114.370577,23889.696052,,pass,pass
12832.0,high,return_to_base,12061.672207,255.627255,25.0,25.0,605.423,12.612979,12064.380702,23939.692622,,pass,pass
12834.0,high,return_to_base,12011.672237,255.572216,25.0,25.0,604.6855,12.597615,12014.390833,23989.689161,,pass,pass
12836.0,high,return_to_base,11961.672272,255.513307,25.0,25.0,603.948,12.58225,11964.400971,24039.685668,,pass,pass
12838.0,high,return_to_base,11911.672311,255.45051,25.0,25.0,603.2105,12.566885,11914.411115,24089.682144,,pass,pass
12840.0,high,return_to_base,11861.672356,255.383807,25.0,25.0,602.473,12.551521,11864.421265,24139.678589,,pass,pass
12842.0,high,return_to_base,11811.672405,255.313182,25.0,25.0,601.7355,12.536156,11814.431422,24189.675001,,pass,pass
12844.0,high,return_to_base,11761.672461,255.238616,25.0,25.0,600.998,12.520792,11764.441586,24239.671381,,pass,pass
12846.0,high,return_to_base,11711.672523,255.160091,25.0,25.0,600.2605,12.505427,11714.451756,24289.667728,,pass,pass
12848.0,high,return_to_base,11661.672591,255.077589,25.0,25.0,599.523,12.490063,11664.461933,24339.664042,,pass,pass
12850.0,high,return_to_base,11611.672666,254.991092,25.0,25.0,598.7855,12.474698,11614.472117,24389.660322,,pass,pass
12852.0,high,return_to_base,11561.672748,254.900581,25.0,25.0,598.048,12.459333,11564.482307,24439.656569,,pass,pass
12854.0,high,return_to_base,11511.672837,254.806038,25.0,25.0,597.3105,12.443969,11514.492504,24489.652782,,pass,pass
12856.0,high,return_to_base,11461.672934,254.707444,25.0,25.0,596.573,12.428604,11464.502708,24539.64896,,pass,pass
12858.0,high,return_to_base,11411.67304,254.604779,25.0,25.0,595.8355,12.41324,11414.512918,24589.645103,,pass,pass
12860.0,high,return_to_base,11361.673154,254.498026,25.0,25.0,595.098,12.397875,11364.523135,24639.641212,,pass,pass
12862.0,high,return_to_base,11311.673276,254.387163,25.0,25.0,594.3605,12.38251,11314.533359,24689.637284,,pass,pass
12864.0,high,return_to_base,11261.673409,254.272173,25.0,25.0,593.623,12.367146,11264.54359,24739.633321,,pass,pass
12866.0,high,return_to_base,11211.673551,254.153034,25.0,25.0,592.8855,12.351781,11214.553828,24789.629322,,pass,pass
12868.0,high,return_to_base,11161.673703,254.029728,25.0,25.0,592.148,12.336417,11164.564073,24839.625286,,pass,pass
12870.0,high,return_to_base,11111.673865,253.902234,25.0,25.0,591.4105,12.321052,11114.574325,24889.621213,,pass,pass
12872.0,high,return_to_base,11061.674039,253.770532,25.0,25.0,590.673,12.305688,11064.584584,24939.617103,,pass,pass
12874.0,high,return_to_base,11011.674223,253.634602,25.0,25.0,589.9355,12.290323,11014.59485,24989.612955,,pass,pass
12876.0,high,return_to_base,10961.67442,253.494423,25.0,25.0,589.198,12.274958,10964.605123,25039.608768,,pass,pass
12878.0,high,return_to_base,10911.674629,253.349974,25.0,25.0,588.4605,12.259594,10914.615404,25089.604544,,pass,pass
12880.0,high,return_to_base,10861.67485,253.201234,25.0,25.0,587.723,12.244229,10864.625691,25139.60028,,pass,pass
12882.0,high,return_to_base,10811.675084,253.048182,25.0,25.0,586.9855,12.228865,10814.635986,25189.595976,,pass,pass
12884.0,high,return_to_base,10761.675332,252.890797,25.0,25.0,586.248,12.2135,10764.646288,25239.591633,,pass,pass
12886.0,high,return_to_base,10711.675593,252.729057,25.0,25.0,585.5105,12.198135,10714.656597,25289.58725,,pass,pass
12888.0,high,return_to_base,10661.675869,252.562939,25.0,25.0,584.773,12.182771,10664.666914,25339.582826,,pass,pass
12890.0,high,return_to_base,10611.67616,252.392423,25.0,25.0,584.0355,12.167406,10614.677238,25389.578361,,pass,pass
12892.0,high,return_to_base,10561.676466,252.217486,25.0,25.0,583.298,12.152042,10564.687569,25439.573854,,pass,pass
12894.0,high,return_to_base,10511.676788,252.038105,25.0,25.0,582.5605,12.136677,10514.697908,25489.569305,,pass,pass
12896.0,high,return_to_base,10461.677126,251.854257,25.0,25.0,581.823,12.121313,10464.708255,25539.564714,,pass,pass
12898.0,high,return_to_base,10411.677481,251.665921,25.0,25.0,581.0855,12.105948,10414.718609,25589.56008,,pass,pass
12900.0,high,return_to_base,10361.677852,251.473071,25.0,25.0,580.348,12.090583,10364.72897,25639.555403,,pass,pass
12902.0,high,return_to_base,10311.678242,251.275686,25.0,25.0,579.6105,12.075219,10314.739339,25689.550681,,pass,pass
12904.0,high,return_to_base,10261.67865,251.073742,25.0,25.0,578.873,12.059854,10264.749716,25739.545916,,pass,pass
12906.0,high,return_to_base,10211.679076,250.867214,25.0,25.0,578.1355,12.04449,10214.760101,25789.541105,,pass,pass
12908.0,high,return_to_base,10161.679522,250.656079,25.0,25.0,577.398,12.029125,10164.770493,25839.536249,,pass,pass
12910.0,high,return_to_base,10111.679988,250.440312,25.0,25.0,576.6605,12.01376,10114.780894,25889.531348,,pass,pass
12912.0,high,return_to_base,10061.680474,250.219889,25.0,25.0,575.923,11.998396,10064.791302,25939.5264,,pass,pass
12914.0,high,return_to_base,10011.68098,249.994785,25.0,25.0,575.1855,11.983031,10014.801718,25989.521405,,pass,pass
12916.0,high,return_to_base,9961.681509,249.764974,25.0,25.0,574.448,11.967667,9964.812142,26039.516363,,pass,pass
12918.0,high,return_to_base,9911.682059,249.530432,25.0,25.0,573.7105,11.952302,9914.822574,26089.511273,,pass,pass
12920.0,high,return_to_base,9861.682631,249.291132,25.0,25.0,572.973,11.936938,9864.833014,26139.506134,,pass,pass
12922.0,high,return_to_base,9811.683227,249.047049,25.0,25.0,572.2355,11.921573,9814.843462,26189.500947,,pass,pass
12924.0,high,return_to_base,9761.683846,248.798157,25.0,25.0,571.498,11.906208,9764.853918,26239.49571,,pass,pass
12926.0,high,return_to_base,9711.68449,248.54443,25.0,25.0,570.7605,11.890844,9714.864383,26289.490422,,pass,pass
12928.0,high,return_to_base,9661.685159,248.285839,25.0,25.0,570.023,11.875479,9664.874855,26339.485085,,pass,pass
12930.0,high,return_to_base,9611.685853,248.02236,25.0,25.0,569.2855,11.860115,9614.885336,26389.479696,,pass,pass
12932.0,high,return_to_base,9561.686574,247.753963,25.0,25.0,568.548,11.84475,9564.895826,26439.474255,,pass,pass
12934.0,high,return_to_base,9511.687321,247.480622,25.0,25.0,567.8105,11.829385,9514.906324,26489.468761,,pass,pass
12936.0,high,return_to_base,9461.688095,247.202308,25.0,25.0,567.073,11.814021,9464.91683,26539.463215,,pass,pass
12938.0,high,return_to_base,9411.688898,246.918994,25.0,25.0,566.3355,11.798656,9414.927345,26589.457615,,pass,pass
12940.0,high,return_to_base,9361.689729,246.630651,25.0,25.0,565.598,11.783292,9364.937868,26639.45196,,pass,pass
12942.0,high,return_to_base,9311.69059,246.33725,25.0,25.0,564.8605,11.767927,9314.9484,26689.446251,,pass,pass
12944.0,high,return_to_base,9261.691481,246.038762,25.0,25.0,564.123,11.752563,9264.95894,26739.440486,,pass,pass
12946.0,high,return_to_base,9211.692403,245.735158,25.0,25.0,563.3855,11.737198,9214.96949,26789.434665,,pass,pass
12948.0,high,return_to_base,9161.693356,245.426407,25.0,25.0,562.648,11.721833,9164.980048,26839.428787,,pass,pass
12950.0,high,return_to_base,9111.694342,245.112479,25.0,25.0,561.9105,11.706469,9114.990615,26889.422852,,pass,pass
12952.0,high,return_to_base,9061.69536,244.793345,25.0,25.0,561.173,11.691104,9065.00119,26939.416858,,pass,pass
12954.0,high,return_to_base,9011.696412,244.468972,25.0,25.0,560.4355,11.67574,9015.011775,26989.410805,,pass,pass
12956.0,high,return_to_base,8961.697499,244.139331,25.0,25.0,559.698,11.660375,8965.022369,27039.404693,,pass,pass
12958.0,high,return_to_base,8911.698621,243.804388,25.0,25.0,558.9605,11.64501,8915.032972,27089.39852,,pass,pass
12960.0,high,return_to_base,8861.699779,243.464114,25.0,25.0,558.223,11.629646,8865.043584,27139.392286,,pass,pass
12962.0,high,return_to_base,8811.700974,243.118474,25.0,25.0,557.4855,11.614281,8815.054205,27189.385991,,pass,pass
12964.0,high,return_to_base,8761.702206,242.767437,25.0,25.0,556.748,11.598917,8765.064836,27239.379632,,pass,pass
12966.0,high,return_to_base,8711.703477,242.410969,25.0,25.0,556.0105,11.583552,8715.075475,27289.373211,,pass,pass
12968.0,high,return_to_base,8661.704786,242.049037,25.0,25.0,555.273,11.568188,8665.086124,27339.366725,,pass,pass
12970.0,high,return_to_base,8611.706137,241.681608,25.0,25.0,554.5355,11.552823,8615.096783,27389.360174,,pass,pass
12972.0,high,return_to_base,8561.707528,241.308646,25.0,25.0,553.798,11.537458,8565.107451,27439.353558,,pass,pass
12974.0,high,return_to_base,8511.70896,240.930117,25.0,25.0,553.0605,11.522094,8515.118129,27489.346875,,pass,pass
12976.0,high,return_to_base,8461.710436,240.545986,25.0,25.0,552.323,11.506729,8465.128816,27539.340124,,pass,pass
12978.0,high,return_to_base,8411.711955,240.156218,25.0,25.0,551.5855,11.491365,8415.139513,27589.333306,,pass,pass
12980.0,high,return_to_base,8361.713519,239.760776,25.0,25.0,550.848,11.476,8365.15022,27639.326418,,pass,pass
12982.0,high,return_to_base,8311.715128,239.359624,25.0,25.0,550.1105,11.460635,8315.160937,27689.31946,,pass,pass
12984.0,high,return_to_base,8261.716784,238.952725,25.0,25.0,549.373,11.445271,8265.171663,27739.312432,,pass,pass
12986.0,high,return_to_base,8211.718487,238.540043,25.0,25.0,548.6355,11.429906,8215.1824,27789.305331,,pass,pass
12988.0,high,return_to_base,8161.720239,238.121538,25.0,25.0,547.898,11.414542,8165.193146,27839.298158,,pass,pass
12990.0,high,return_to_base,8111.722039,237.697173,25.0,25.0,547.1605,11.399177,8115.203903,27889.290912,,pass,pass
12992.0,high,return_to_base,8061.723891,237.266909,25.0,25.0,546.423,11.383813,8065.21467,27939.28359,,pass,pass
12994.0,high,return_to_base,8011.725794,236.830707,25.0,25.0,545.6855,11.368448,8015.225447,27989.276194,,pass,pass
12996.0,high,return_to_base,7961.727749,236.388527,25.0,25.0,544.948,11.353083,7965.236235,28039.26872,,pass,pass
12998.0,high,return_to_base,7911.729758,235.940328,25.0,25.0,544.2105,11.337719,7915.247033,28089.261169,,pass,pass
13000.0,high,return_to_base,7861.731821,235.486071,25.0,25.0,543.473,11.322354,7865.257842,28139.25354,,pass,pass
13002.0,high,return_to_base,7811.733941,235.025712,25.0,25.0,542.7355,11.30699,7815.268661,28189.245831,,pass,pass
13004.0,high,return_to_base,7761.736117,234.559212,25.0,25.0,541.998,11.291625,7765.279491,28239.238041,,pass,pass
13006.0,high,return_to_base,7711.738351,234.086526,25.0,25.0,541.2605,11.27626,7715.290331,28289.23017,,pass,pass
13008.0,high,return_to_base,7661.740645,233.607613,25.0,25.0,540.523,11.260896,7665.301183,28339.222216,,pass,pass
13010.0,high,return_to_base,7611.742999,233.122427,25.0,25.0,539.7855,11.245531,7615.312045,28389.214178,,pass,pass
13012.0,high,return_to_base,7561.745415,232.630926,25.0,25.0,539.048,11.230167,7565.322919,28439.206054,,pass,pass
13014.0,high,return_to_base,7511.747893,232.133065,25.0,25.0,538.3105,11.214802,7515.333803,28489.197845,,pass,pass
13016.0,high,return_to_base,7461.750436,231.628797,25.0,25.0,537.573,11.199438,7465.344699,28539.189548,,pass,pass
13018.0,high,return_to_base,7411.753045,231.118077,25.0,25.0,536.8355,11.184073,7415.355606,28589.181162,,pass,pass
13020.0,high,return_to_base,7361.75572,230.600858,25.0,25.0,536.098,11.168708,7365.366524,28639.172687,,pass,pass
13022.0,high,return_to_base,7311.758463,230.077093,25.0,25.0,535.3605,11.153344,7315.377454,28689.164121,,pass,pass
13024.0,high,return_to_base,7261.761276,229.546734,25.0,25.0,534.623,11.137979,7265.388395,28739.155462,,pass,pass
13026.0,high,return_to_base,7211.76416,229.009732,25.0,25.0,533.8855,11.122615,7215.399348,28789.146709,,pass,pass
13028.0,high,return_to_base,7161.767116,228.466037,25.0,25.0,533.148,11.10725,7165.410313,28839.137861,,pass,pass
13030.0,high,return_to_base,7111.770146,227.915599,25.0,25.0,532.4105,11.091885,7115.42129,28889.128918,,pass,pass
13032.0,high,return_to_base,7061.773251,227.358368,25.0,25.0,531.673,11.076521,7065.432278,28939.119876,,pass,pass
13034.0,high,return_to_base,7011.776433,226.794292,25.0,25.0,530.9355,11.061156,7015.443279,28989.110735,,pass,pass
13036.0,high,return_to_base,6961.779693,226.223319,25.0,25.0,530.198,11.045792,6965.454292,29039.101494,,pass,pass
13038.0,high,return_to_base,6911.783033,225.645395,25.0,25.0,529.4605,11.030427,6915.465317,29089.09215,,pass,pass
13040.0,high,return_to_base,6861.786455,225.060466,25.0,25.0,528.723,11.015063,6865.476354,29139.082704,,pass,pass
13042.0,high,return_to_base,6811.78996,224.468478,25.0,25.0,527.9855,10.999698,6815.487404,29189.073152,,pass,pass
13044.0,high,return_to_base,6761.793549,223.869374,25.0,25.0,527.248,10.984333,6765.498466,29239.063493,,pass,pass
13046.0,high,return_to_base,6711.797225,223.2631,25.0,25.0,526.5105,10.968969,6715.509541,29289.053727,,pass,pass
13048.0,high,return_to_base,6661.800989,222.649596,25.0,25.0,525.773,10.953604,6665.520629,29339.043851,,pass,pass
13050.0,high,return_to_base,6611.804843,222.028805,25.0,25.0,525.0355,10.93824,6615.53173,29389.033863,,pass,pass
13052.0,high,return_to_base,6561.808788,221.400669,25.0,25.0,524.298,10.922875,6565.542844,29439.023762,,pass,pass
13054.0,high,return_to_base,6511.812828,220.765126,25.0,25.0,523.5605,10.90751,6515.553971,29489.013546,,pass,pass
13056.0,high,return_to_base,6461.816963,220.122115,25.0,25.0,522.823,10.892146,6465.565111,29539.003214,,pass,pass
13058.0,high,return_to_base,6411.821195,219.471576,25.0,25.0,522.0855,10.876781,6415.576265,29588.992764,,pass,pass
13060.0,high,return_to_base,6361.825526,218.813444,25.0,25.0,521.348,10.861417,6365.587432,29638.982193,,pass,pass
13062.0,high,return_to_base,6311.829959,218.147656,25.0,25.0,520.6105,10.846052,6315.598613,29688.971501,,pass,pass
13064.0,high,return_to_base,6261.834496,217.474146,25.0,25.0,519.873,10.830688,6265.609807,29738.960684,,pass,pass
13066.0,high,return_to_base,6211.839138,216.792849,25.0,25.0,519.1355,10.815323,6215.621016,29788.949742,,pass,pass
13068.0,high,return_to_base,6161.843887,216.103697,25.0,25.0,518.398,10.799958,6165.632238,29838.938671,,pass,pass
13070.0,high,return_to_base,6111.848746,215.406621,25.0,25.0,517.6605,10.784594,6115.643475,29888.927471,,pass,pass
13072.0,high,return_to_base,6061.853718,214.701553,25.0,25.0,516.923,10.769229,6065.654726,29938.916139,,pass,pass
13074.0,high,return_to_base,6011.858804,213.988422,25.0,25.0,516.1855,10.753865,6015.665991,29988.904672,,pass,pass
13076.0,high,return_to_base,5961.864006,213.267155,25.0,25.0,515.448,10.7385,5965.677272,30038.89307,,pass,pass
13078.0,high,return_to_base,5911.869328,212.537679,25.0,25.0,514.7105,10.723135,5915.688566,30088.881329,,pass,pass
13080.0,high,return_to_base,5861.874771,211.79992,25.0,25.0,513.973,10.707771,5865.699876,30138.869447,,pass,pass
13082.0,high,return_to_base,5811.880338,211.053802,25.0,25.0,513.2355,10.692406,5815.711201,30188.857422,,pass,pass
13084.0,high,return_to_base,5761.886032,210.299248,25.0,25.0,512.498,10.677042,5765.722541,30238.845251,,pass,pass
13086.0,high,return_to_base,5711.891855,209.536179,25.0,25.0,511.7605,10.661677,5715.733897,30288.832932,,pass,pass
13088.0,high,return_to_base,5661.89781,208.764516,25.0,25.0,511.023,10.646313,5665.745267,30338.820463,,pass,pass
13090.0,high,return_to_base,5611.9039,207.984176,25.0,25.0,510.2855,10.630948,5615.756654,30388.807841,,pass,pass
13092.0,high,return_to_base,5561.910127,207.195078,25.0,25.0,509.548,10.615583,5565.768057,30438.795063,,pass,pass
13094.0,high,return_to_base,5511.916495,206.397136,25.0,25.0,508.8105,10.600219,5515.779475,30488.782127,,pass,pass
13096.0,high,return_to_base,5461.923005,205.590264,25.0,25.0,508.073,10.584854,5465.79091,30538.76903,,pass,pass
13098.0,high,return_to_base,5411.929663,204.774375,25.0,25.0,507.3355,10.56949,5415.802361,30588.755769,,pass,pass
13100.0,high,return_to_base,5361.936469,203.949379,25.0,25.0,506.598,10.554125,5365.813829,30638.742341,,pass,pass
13102.0,high,return_to_base,5311.943428,203.115186,25.0,25.0,505.8605,10.53876,5315.825314,30688.728744,,pass,pass
13104.0,high,return_to_base,5261.950544,202.271701,25.0,25.0,505.123,10.523396,5265.836815,30738.714974,,pass,pass
13106.0,high,return_to_base,5211.957818,201.418832,25.0,25.0,504.3855,10.508031,5215.848334,30788.701027,,pass,pass
13108.0,high,return_to_base,5161.965255,200.55648,25.0,25.0,503.648,10.492667,5165.85987,30838.686902,,pass,pass
13110.0,high,return_to_base,5111.972858,199.684549,25.0,25.0,502.9105,10.477302,5115.871424,30888.672594,,pass,pass
13112.0,high,return_to_base,5061.980631,198.802936,25.0,25.0,502.173,10.461938,5065.882995,30938.658101,,pass,pass
13114.0,high,return_to_base,5011.988578,197.911539,25.0,25.0,501.4355,10.446573,5015.894584,30988.643418,,pass,pass
13116.0,high,return_to_base,4961.996702,197.010254,25.0,25.0,500.698,10.431208,4965.906192,31038.628542,,pass,pass
13118.0,high,return_to_base,4912.005007,196.098974,25.0,25.0,499.9605,10.415844,4915.917818,31088.61347,,pass,pass
13120.0,high,return_to_base,4862.013497,195.17759,25.0,25.0,499.223,10.400479,4865.929463,31138.598198,,pass,pass
13122.0,high,return_to_base,4812.022176,194.245989,25.0,25.0,498.4855,10.385115,4815.941126,31188.582722,,pass,pass
13124.0,high,return_to_base,4762.03105,193.30406,25.0,25.0,497.748,10.36975,4765.952809,31238.567038,,pass,pass
13126.0,high,return_to_base,4712.040121,192.351684,25.0,25.0,497.0105,10.354385,4715.964511,31288.551142,,pass,pass
13128.0,high,return_to_base,4662.049394,191.388743,25.0,25.0,496.273,10.339021,4665.976233,31338.53503,,pass,pass
13130.0,high,return_to_base,4612.058874,190.415116,25.0,25.0,495.5355,10.323656,4615.987974,31388.518698,,pass,pass
13132.0,high,return_to_base,4562.068566,189.430678,25.0,25.0,494.798,10.308292,4565.999736,31438.50214,,pass,pass
13134.0,high,return_to_base,4512.078475,188.435303,25.0,25.0,494.0605,10.292927,4516.011518,31488.485353,,pass,pass
13136.0,high,return_to_base,4462.088605,187.42886,25.0,25.0,493.323,10.277563,4466.023321,31538.468332,,pass,pass
13138.0,high,return_to_base,4412.098963,186.411216,25.0,25.0,492.5855,10.262198,4416.035144,31588.451071,,pass,pass
13140.0,high,return_to_base,4362.109552,185.382235,25.0,25.0,491.848,10.246833,4366.046989,31638.433567,,pass,pass
13142.0,high,return_to_base,4312.120378,184.341777,25.0,25.0,491.1105,10.231469,4316.058856,31688.415814,,pass,pass
13144.0,high,return_to_base,4262.131448,183.289701,25.0,25.0,490.373,10.216104,4266.070744,31738.397807,,pass,pass
13146.0,high,return_to_base,4212.142767,182.22586,25.0,25.0,489.6355,10.20074,4216.082655,31788.379539,,pass,pass
13148.0,high,return_to_base,4162.154341,181.150104,25.0,25.0,488.898,10.185375,4166.094588,31838.361006,,pass,pass
13150.0,high,return_to_base,4112.166176,180.062279,25.0,25.0,488.1605,10.17001,4116.106544,31888.342202,,pass,pass
13152.0,high,return_to_base,4062.178279,178.962228,25.0,25.0,487.423,10.154646,4066.118523,31938.323121,,pass,pass
13154.0,high,return_to_base,4012.190655,177.849791,25.0,25.0,486.6855,10.139281,4016.130526,31988.303757,,pass,pass
13156.0,high,return_to_base,3962.203313,176.7248,25.0,25.0,485.948,10.123917,3966.142553,32038.284102,,pass,pass
13158.0,high,return_to_base,3912.216258,175.587087,25.0,25.0,485.2105,10.108552,3916.154603,32088.264152,,pass,pass
13160.0,high,return_to_base,3862.229499,174.436478,25.0,25.0,484.473,10.093188,3866.166679,32138.243898,,pass,pass
13162.0,high,return_to_base,3812.243043,173.272792,25.0,25.0,483.7355,10.077823,3816.17878,32188.223334,,pass,pass
13164.0,high,return_to_base,3762.256897,172.095846,25.0,25.0,482.998,10.062458,3766.190906,32238.202453,,pass,pass
13166.0,high,return_to_base,3712.271069,170.905452,25.0,25.0,482.2605,10.047094,3716.203057,32288.181246,,pass,pass
13168.0,high,return_to_base,3662.285568,169.701414,25.0,25.0,481.523,10.031729,3666.215236,32338.159707,,pass,pass
13170.0,high,return_to_base,3612.300403,168.483534,25.0,25.0,480.7855,10.016365,3616.22744,32388.137827,,pass,pass
13172.0,high,return_to_base,3562.315582,167.251606,25.0,25.0,480.048,10.001,3566.239673,32438.115598,,pass,pass
13174.0,high,return_to_base,3512.331114,166.005418,25.0,25.0,479.3105,9.985635,3516.251932,32488.09301,,pass,pass
13176.0,high,return_to_base,3462.347009,164.744753,25.0,25.0,478.573,9.970271,3466.26422,32538.070056,,pass,pass
13178.0,high,return_to_base,3412.363277,163.469387,25.0,25.0,477.8355,9.954906,3416.276537,32588.046726,,pass,pass
13180.0,high,return_to_base,3362.379929,162.179088,25.0,25.0,477.098,9.939542,3366.288883,32638.02301,,pass,pass
13182.0,high,return_to_base,3312.396974,160.873619,25.0,25.0,476.3605,9.924177,3316.301258,32687.998897,,pass,pass
13184.0,high,return_to_base,3262.414425,159.552735,25.0,25.0,475.623,9.908813,3266.313664,32737.974378,,pass,pass
13186.0,high,return_to_base,3212.432292,158.216181,25.0,25.0,474.8855,9.893448,3216.326101,32787.949442,,pass,pass
13188.0,high,return_to_base,3162.450587,156.863698,25.0,25.0,474.148,9.878083,3166.338569,32837.924077,,pass,pass
13190.0,high,return_to_base,3112.469323,155.495013,25.0,25.0,473.4105,9.862719,3116.35107,32887.898271,,pass,pass
13192.0,high,return_to_base,3062.488514,154.10985,25.0,25.0,472.673,9.847354,3066.363603,32937.872013,,pass,pass
13194.0,high,return_to_base,3012.508172,152.707918,25.0,25.0,471.9355,9.83199,3016.376169,32987.845289,,pass,pass
13196.0,high,return_to_base,2962.528312,151.288921,25.0,25.0,471.198,9.816625,2966.38877,33037.818086,,pass,pass
13198.0,high,return_to_base,2912.548947,149.852549,25.0,25.0,470.4605,9.80126,2916.401405,33087.790391,,pass,pass
13200.0,high,return_to_base,2862.570095,148.398483,25.0,25.0,469.723,9.785896,2866.414077,33137.762188,,pass,pass
13202.0,high,return_to_base,2812.59177,146.926391,25.0,25.0,468.9855,9.770531,2816.426784,33187.733462,,pass,pass
13204.0,high,return_to_base,2762.61399,145.43593,25.0,25.0,468.248,9.755167,2766.439529,33237.704199,,pass,pass
13206.0,high,return_to_base,2712.636772,143.926744,25.0,25.0,467.5105,9.739802,2716.452312,33287.67438,,pass,pass
13208.0,high,return_to_base,2662.660133,142.398463,25.0,25.0,466.773,9.724438,2666.465134,33337.643988,,pass,pass
13210.0,high,return_to_base,2612.684095,140.850703,25.0,25.0,466.0355,9.709073,2616.477995,33387.613007,,pass,pass
13212.0,high,return_to_base,2562.708676,139.283064,25.0,25.0,465.298,9.693708,2566.490898,33437.581415,,pass,pass
13214.0,high,return_to_base,2512.733897,137.69513,25.0,25.0,464.5605,9.678344,2516.503842,33487.549193,,pass,pass
13216.0,high,return_to_base,2462.759782,136.08647,25.0,25.0,463.823,9.662979,2466.51683,33537.516321,,pass,pass
13218.0,high,return_to_base,2412.786353,134.456632,25.0,25.0,463.0855,9.647615,2416.529861,33587.482775,,pass,pass
13220.0,high,return_to_base,2362.813634,132.805146,25.0,25.0,462.348,9.63225,2366.542938,33637.448533,,pass,pass
13222.0,high,return_to_base,2312.841652,131.131521,25.0,25.0,461.6105,9.616885,2316.556061,33687.41357,,pass,pass
13224.0,high,return_to_base,2262.870434,129.435245,25.0,25.0,460.873,9.601521,2266.569232,33737.377859,,pass,pass
13226.0,high,return_to_base,2212.900008,127.715782,25.0,25.0,460.1355,9.586156,2216.582452,33787.341375,,pass,pass
13228.0,high,return_to_base,2162.930406,125.97257,25.0,25.0,459.398,9.570792,2166.595723,33837.304086,,pass,pass
13230.0,high,return_to_base,2112.961658,124.205021,25.0,25.0,458.6605,9.555427,2116.609046,33887.265964,,pass,pass
13232.0,high,return_to_base,2062.993799,122.412519,25.0,25.0,457.923,9.540063,2066.622423,33937.226975,,pass,pass
13234.0,high,return_to_base,2013.026864,120.594415,25.0,25.0,457.1855,9.524698,2016.635855,33987.187085,,pass,pass
13236.0,high,return_to_base,1963.060894,118.75003,25.0,25.0,456.448,9.509333,1966.649344,34037.146257,,pass,pass
13238.0,high,return_to_base,1913.095927,116.878646,25.0,25.0,455.7105,9.493969,1916.662892,34087.104452,,pass,pass
13240.0,high,return_to_base,1863.132007,114.979507,25.0,25.0,454.973,9.478604,1866.676502,34137.061629,,pass,pass
13242.0,high,return_to_base,1813.169181,113.051816,25.0,25.0,454.2355,9.46324,1816.690175,34187.017743,,pass,pass
13244.0,high,return_to_base,1763.207497,111.09473,25.0,25.0,453.498,9.447875,1766.703913,34236.972747,,pass,pass
13246.0,high,return_to_base,1713.247009,109.107357,25.0,25.0,452.7605,9.43251,1716.71772,34286.926591,,pass,pass
13248.0,high,return_to_base,1663.287774,107.08875,25.0,25.0,452.023,9.417146,1666.731598,34336.879219,,pass,pass
13250.0,high,return_to_base,1613.329851,105.037905,25.0,25.0,451.2855,9.401781,1616.745549,34386.830573,,pass,pass
13252.0,high,return_to_base,1563.373307,102.953752,25.0,25.0,450.548,9.386417,1566.759577,34436.780591,,pass,pass
13254.0,high,return_to_base,1513.418212,100.835151,25.0,25.0,449.8105,9.371052,1516.773685,34486.729204,,pass,pass
13256.0,high,return_to_base,1463.464642,98.680883,25.0,25.0,449.073,9.355688,1466.787877,34536.676338,,pass,pass
13258.0,high,return_to_base,1413.51268,96.489646,25.0,25.0,448.3355,9.340323,1416.802156,34586.621913,,pass,pass
13260.0,high,return_to_base,1363.562417,94.260039,25.0,25.0,447.598,9.324958,1366.816527,34636.565843,,pass,pass
13262.0,high,return_to_base,1313.613949,91.990557,25.0,25.0,446.8605,9.309594,1316.830995,34686.508034,,pass,pass
13264.0,high,return_to_base,1263.667383,89.679578,25.0,25.0,446.123,9.294229,1266.845564,34736.44838,,pass,pass
13266.0,high,return_to_base,1213.722838,87.325343,25.0,25.0,445.3855,9.278865,1216.86024,34786.38677,,pass,pass
13268.0,high,return_to_base,1163.780443,84.925949,25.0,25.0,444.648,9.2635,1166.87503,34836.323076,,pass,pass
13270.0,high,return_to_base,1113.840338,82.479318,25.0,25.0,443.9105,9.248135,1116.88994,34886.257162,,pass,pass
13272.0,high,return_to_base,1063.902684,79.983185,25.0,25.0,443.173,9.232771,1066.904978,34936.188873,,pass,pass
13274.0,high,return_to_base,1013.967656,77.435061,25.0,25.0,442.4355,9.217406,1016.920152,34986.118038,,pass,pass
13276.0,high,return_to_base,964.03545,74.832207,25.0,25.0,441.698,9.202042,966.935473,35036.044466,,pass,pass
13278.0,high,return_to_base,914.106289,72.171587,25.0,25.0,440.9605,9.186677,916.950951,35085.967939,,pass,pass
13280.0,high,return_to_base,864.180424,69.449825,25.0,25.0,440.223,9.171313,866.966599,35135.888213,,pass,pass
13282.0,high,return_to_base,814.258141,66.663141,25.0,25.0,439.4855,9.155948,816.982432,35185.80501,,pass,pass
13284.0,high,return_to_base,764.339767,63.807275,25.0,25.0,438.748,9.140583,766.998467,35235.718006,,pass,pass
13286.0,high,return_to_base,714.425683,60.877395,25.0,25.0,438.0105,9.125219,717.014723,35285.626832,,pass,pass
13288.0,high,return_to_base,664.516331,57.867968,25.0,25.0,437.273,9.109854,667.031226,35335.531053,,pass,pass
13290.0,high,return_to_base,614.612236,54.772603,25.0,25.0,436.5355,9.09449,617.048004,35385.430155,,pass,pass
13292.0,high,return_to_base,564.714022,51.583839,25.0,25.0,435.798,9.079125,567.065092,35435.323524,,pass,pass
13294.0,high,return_to_base,514.822446,48.29285,25.0,25.0,435.0605,9.06376,517.082537,35485.210416,,pass,pass
13296.0,high,return_to_base,464.938439,44.889048,25.0,25.0,434.323,9.048396,467.100394,35535.089914,,pass,pass
13298.0,high,return_to_base,415.063172,41.359493,25.0,25.0,433.5855,9.033031,417.118741,35584.960864,,pass,pass
13300.0,high,return_to_base,365.19815,37.68804,25.0,25.0,432.848,9.017667,367.137681,35634.82178,,pass,pass
13302.0,high,return_to_base,315.345366,33.853993,25.0,25.0,432.1105,9.002302,317.157362,35684.670693,,pass,pass
13304.0,high,return_to_base,265.507562,29.829901,25.0,25.0,431.373,8.986938,267.178009,35734.504889,,pass,pass
13306.0,high,return_to_base,215.688703,25.577692,25.0,25.0,430.6355,8.971573,217.199988,35784.320438,,pass,pass
13308.0,high,return_to_base,165.89493,21.041159,25.0,25.0,429.898,8.956208,167.223976,35834.111248,,pass,pass
13310.0,high,return_to_base,116.136773,16.129349,25.0,25.0,429.1605,8.940844,117.251465,35883.866852,,pass,pass
13312.0,high,landed,66.435586,10.671143,0.0,0.0,428.423,8.925479,67.287149,35933.565998,landed,pass,pass
